{
  "type": "FeatureCollection",
  "name": "Clermont priority prospecting sectors",
  "metadata": {
    "title": "Clermont priority prospecting sectors",
    "description": "Research-derived prospectivity polygons for all twelve Clermont GPAs, clipped to official Queensland GPA and current tenure geometry. Includes Black Ridge, Birimgan East and West, Four Mile East and West, Bathampton, Flat Diggings, Brigalow, McMasters, McDonald Flat, Museum Reserve and Town Reserve. Not a legal access determination and not a guarantee of gold.",
    "generated": "2026-08-26",
    "coordinate_reference_system": "WGS84 longitude/latitude (EPSG:4326)",
    "official_sources": [
      "Queensland Mining Administrative Areas MapServer layer 20",
      "Queensland Detailed Geology MapServer layers 4 and 15",
      "Queensland MinesPermitsCurrent MapServer layers 33, 36, 40 and 44",
      "Queensland Central gold district maps and special conditions"
    ],
    "required_display_note": "Indicative prospectivity only. A fossicking licence and same-day tenure, access, signage and closure checks are required."
  },
  "features": [
    {
      "type": "Feature",
      "id": "black-ridge-contact-150m",
      "properties": {
        "name": "Black Ridge contact-proximity pocket",
        "area": "Black Ridge",
        "priority": "1",
        "confidence": "moderate-high",
        "basis": "Open GPA ground within 150 m of mapped Blair Athol Coal Measures to Hurleys Metamorphics contact, clipped against current ML and MC layers.",
        "legal_status": "Indicative open GPA prospectivity only. Recheck current tenure, access, signs and closures before entry.",
        "licence_required": true,
        "same_day_tenure_check": true,
        "state_forest_conditions": "Daylight only; hand tools and metal detectors only; no excavation at toe of stream bank or in a gully; keep 10 m from infrastructure; follow signs and closures.",
        "source_date": "2026-08-25",
        "source_crs": "GDA2020 / MGA zone 55; exported as WGS84 longitude/latitude",
        "fill": "#d73027",
        "stroke": "#7f0000",
        "fill_opacity": 0.55,
        "nearby_named_drainage": [],
        "drainage_interpretation": "Named drainage is source-to-trap context only. Target benches, shallow residual wash and permitted margins, not active channels, gullies or stream-bank toes."
      },
      "geometry": {
        "type": "Polygon",
        "coordinates": [
          [
            [
              147.58441344818743,
              -22.64842247011709
            ],
            [
              147.58581648205154,
              -22.647770006355614
            ],
            [
              147.5857655887382,
              -22.64788318826773
            ],
            [
              147.5857570749482,
              -22.647899780842362
            ],
            [
              147.5857498519547,
              -22.647916892644858
            ],
            [
              147.58572628925322,
              -22.64795977922501
            ],
            [
              147.5857039876526,
              -22.648003242881508
            ],
            [
              147.58569376265513,
              -22.648018980985526
            ],
            [
              147.58568476740825,
              -22.6480353532519
            ],
            [
              147.5856567892691,
              -22.648075889619488
            ],
            [
              147.5856300052168,
              -22.64811711501776
            ],
            [
              147.58561816748127,
              -22.64813184708255
            ],
            [
              147.58560748660693,
              -22.64814732213682
            ],
            [
              147.58557536246803,
              -22.64818511789875
            ],
            [
              147.5855443539025,
              -22.648223708009688
            ],
            [
              147.5855310174308,
              -22.648237292155002
            ],
            [
              147.58551875378942,
              -22.648251720961635
            ],
            [
              147.58548279301962,
              -22.648286412117784
            ],
            [
              147.58544785856617,
              -22.648321995291052
            ],
            [
              147.58543315179497,
              -22.648334300691708
            ],
            [
              147.58541942349095,
              -22.648347544290868
            ],
            [
              147.5853799724107,
              -22.648378796739888
            ],
            [
              147.58534144850603,
              -22.648411030283317
            ],
            [
              147.58532551306982,
              -22.648421938429042
            ],
            [
              147.58531045231405,
              -22.648433869275067
            ],
            [
              147.58526789086034,
              -22.6484613820322
            ],
            [
              147.58522614851236,
              -22.64848995551241
            ],
            [
              147.5852091378794,
              -22.648499361349373
            ],
            [
              147.58519288971624,
              -22.648509864539083
            ],
            [
              147.58514762778364,
              -22.648533372634937
            ],
            [
              147.58510306899828,
              -22.648558010867355
            ],
            [
              147.58508514699247,
              -22.648565823809903
            ],
            [
              147.58506786790272,
              -22.648574798189394
            ],
            [
              147.58470788357462,
              -22.64874078770008
            ],
            [
              147.58469260877678,
              -22.648746983202717
            ],
            [
              147.58467787982255,
              -22.648754228454507
            ],
            [
              147.58462699837617,
              -22.648773594950185
            ],
            [
              147.58457660629193,
              -22.648794034084304
            ],
            [
              147.58456075078186,
              -22.6487988100768
            ],
            [
              147.5845453276313,
              -22.64880468042353
            ],
            [
              147.5844926460304,
              -22.648819324550352
            ],
            [
              147.58444033816338,
              -22.648835080671905
            ],
            [
              147.58442405464197,
              -22.648838391157465
            ],
            [
              147.58440808583183,
              -22.648842830062947
            ],
            [
              147.5843541114414,
              -22.648852610785706
            ],
            [
              147.58430039155772,
              -22.648863532150287
            ],
            [
              147.5842838368483,
              -22.648865345246083
            ],
            [
              147.58426747617096,
              -22.648868309960005
            ],
            [
              147.5842435854718,
              -22.648870414680232
            ],
            [
              147.58441344818743,
              -22.64842247011709
            ]
          ]
        ]
      }
    },
    {
      "type": "Feature",
      "id": "black-ridge-dispersion-150-250m",
      "properties": {
        "name": "Black Ridge secondary dispersion zone",
        "area": "Black Ridge",
        "priority": "2",
        "confidence": "moderate",
        "basis": "Open GPA ground 150 to 250 m from the mapped Permian to metamorphic contact. Potential residual or reworked dispersion only.",
        "legal_status": "Indicative open GPA prospectivity only. Rectangular bounds must not be used as an access boundary.",
        "licence_required": true,
        "same_day_tenure_check": true,
        "state_forest_conditions": "Daylight only; hand tools and metal detectors only; no excavation at toe of stream bank or in a gully; keep 10 m from infrastructure; follow signs and closures.",
        "source_date": "2026-08-25",
        "source_crs": "GDA2020 / MGA zone 55; exported as WGS84 longitude/latitude",
        "fill": "#fc8d59",
        "stroke": "#b30000",
        "fill_opacity": 0.38,
        "nearby_named_drainage": [],
        "drainage_interpretation": "Named drainage is source-to-trap context only. Target benches, shallow residual wash and permitted margins, not active channels, gullies or stream-bank toes."
      },
      "geometry": {
        "type": "Polygon",
        "coordinates": [
          [
            [
              147.58703573398876,
              -22.647202993253664
            ],
            [
              147.5870341751211,
              -22.647218682100725
            ],
            [
              147.58702084406735,
              -22.647282972665305
            ],
            [
              147.58701030729932,
              -22.64734770855729
            ],
            [
              147.58699829363917,
              -22.64739172460917
            ],
            [
              147.58698904796714,
              -22.64743631284146
            ],
            [
              147.5869689919565,
              -22.647499080982318
            ],
            [
              147.58695166974752,
              -22.64756254652689
            ],
            [
              147.58693506578413,
              -22.64760525763806
            ],
            [
              147.5869211560587,
              -22.64764879000268
            ],
            [
              147.58689456821276,
              -22.64770943122124
            ],
            [
              147.58687062735615,
              -22.647771015203304
            ],
            [
              147.5866637386995,
              -22.64823112393382
            ],
            [
              147.5866495491961,
              -22.64825877829992
            ],
            [
              147.58663751102918,
              -22.64828729803304
            ],
            [
              147.58659824021618,
              -22.64835877587141
            ],
            [
              147.58656107123426,
              -22.648431215488483
            ],
            [
              147.58654402968475,
              -22.648457445748907
            ],
            [
              147.5865290377299,
              -22.648484732934765
            ],
            [
              147.58648240776162,
              -22.648552293781176
            ],
            [
              147.58643776793403,
              -22.64862100299626
            ],
            [
              147.58641803844966,
              -22.64864555653342
            ],
            [
              147.58640023707883,
              -22.648671348375643
            ],
            [
              147.58634669700834,
              -22.648734341566144
            ],
            [
              147.58629501622232,
              -22.648798658655476
            ],
            [
              147.58627278880346,
              -22.648821298998904
            ],
            [
              147.58625234944728,
              -22.648845347101414
            ],
            [
              147.58619241488313,
              -22.648903165959737
            ],
            [
              147.58613419084168,
              -22.648962471496585
            ],
            [
              147.58610967954806,
              -22.6489829806005
            ],
            [
              147.5860867990454,
              -22.64900505335995
            ],
            [
              147.58602104718653,
              -22.64905714104049
            ],
            [
              147.58595684061547,
              -22.649110863861583
            ],
            [
              147.5859302815048,
              -22.649129044205175
            ],
            [
              147.58590518020716,
              -22.649148929041555
            ],
            [
              147.58583424428403,
              -22.649194783893265
            ],
            [
              147.58576467353237,
              -22.64924240659966
            ],
            [
              147.58573632238713,
              -22.649258083089354
            ],
            [
              147.58570924203642,
              -22.64927558849382
            ],
            [
              147.58563380521264,
              -22.649314768891767
            ],
            [
              147.58555954029723,
              -22.649355832832683
            ],
            [
              147.58552967016087,
              -22.64936885448897
            ],
            [
              147.58550087156135,
              -22.649383811868056
            ],
            [
              147.58514088569228,
              -22.649549802368053
            ],
            [
              147.58511542758157,
              -22.649560128275184
            ],
            [
              147.58509087921936,
              -22.64957220375991
            ],
            [
              147.58500607640477,
              -22.64960448146768
            ],
            [
              147.58493326884152,
              -22.649634012395005
            ],
            [
              147.58493197971757,
              -22.649638653146962
            ],
            [
              147.58474491937258,
              -22.650197115643685
            ],
            [
              147.5847387690634,
              -22.65021272943654
            ],
            [
              147.58473404258717,
              -22.65022876478345
            ],
            [
              147.58469778632892,
              -22.65031677223068
            ],
            [
              147.58466292868002,
              -22.65040526515265
            ],
            [
              147.5846551591101,
              -22.650420244222587
            ],
            [
              147.58464876200117,
              -22.65043577235281
            ],
            [
              147.5846033863935,
              -22.650520057525352
            ],
            [
              147.58455935138417,
              -22.65060495307592
            ],
            [
              147.58455003737296,
              -22.65061915316356
            ],
            [
              147.58454203123287,
              -22.65063402453012
            ],
            [
              147.58394796993917,
              -22.651614043077647
            ],
            [
              147.58388935315207,
              -22.651700518417353
            ],
            [
              147.58383145225156,
              -22.651787408273993
            ],
            [
              147.58382578673542,
              -22.651794295631458
            ],
            [
              147.5838208151061,
              -22.651801630088386
            ],
            [
              147.5837533482969,
              -22.65188235627246
            ],
            [
              147.58368655014462,
              -22.651963560106005
            ],
            [
              147.58368018456395,
              -22.651969898869922
            ],
            [
              147.58367446231364,
              -22.651976745707717
            ],
            [
              147.5835987952093,
              -22.6520509452767
            ],
            [
              147.5835237430945,
              -22.652125681026895
            ],
            [
              147.58351673875268,
              -22.652131410149575
            ],
            [
              147.58351032098886,
              -22.65213770342745
            ],
            [
              147.58342718229977,
              -22.65220466177549
            ],
            [
              147.5833445990117,
              -22.652272209672613
            ],
            [
              147.58286817700477,
              -22.652624898186183
            ],
            [
              147.5828067978908,
              -22.652665929601167
            ],
            [
              147.5828033088981,
              -22.65266844380599
            ],
            [
              147.5842435854718,
              -22.648870414680232
            ],
            [
              147.58426747617096,
              -22.648868309960005
            ],
            [
              147.5842838368483,
              -22.648865345246083
            ],
            [
              147.58430039155772,
              -22.648863532150287
            ],
            [
              147.5843541114414,
              -22.648852610785706
            ],
            [
              147.58440808583183,
              -22.648842830062947
            ],
            [
              147.58442405464197,
              -22.648838391157465
            ],
            [
              147.58444033816338,
              -22.648835080671905
            ],
            [
              147.5844926460304,
              -22.648819324550352
            ],
            [
              147.5845453276313,
              -22.64880468042353
            ],
            [
              147.58456075078186,
              -22.6487988100768
            ],
            [
              147.58457660629193,
              -22.648794034084304
            ],
            [
              147.58462699837617,
              -22.648773594950185
            ],
            [
              147.58467787982255,
              -22.648754228454507
            ],
            [
              147.58469260877678,
              -22.648746983202717
            ],
            [
              147.58470788357462,
              -22.64874078770008
            ],
            [
              147.58506786790272,
              -22.648574798189394
            ],
            [
              147.58508514699247,
              -22.648565823809903
            ],
            [
              147.58510306899828,
              -22.648558010867355
            ],
            [
              147.58514762778364,
              -22.648533372634937
            ],
            [
              147.58519288971624,
              -22.648509864539083
            ],
            [
              147.5852091378794,
              -22.648499361349373
            ],
            [
              147.58522614851236,
              -22.64848995551241
            ],
            [
              147.58526789086034,
              -22.6484613820322
            ],
            [
              147.58531045231405,
              -22.648433869275067
            ],
            [
              147.58532551306982,
              -22.648421938429042
            ],
            [
              147.58534144850603,
              -22.648411030283317
            ],
            [
              147.5853799724107,
              -22.648378796739888
            ],
            [
              147.58541942349095,
              -22.648347544290868
            ],
            [
              147.58543315179497,
              -22.648334300691708
            ],
            [
              147.58544785856617,
              -22.648321995291052
            ],
            [
              147.58548279301962,
              -22.648286412117784
            ],
            [
              147.58551875378942,
              -22.648251720961635
            ],
            [
              147.5855310174308,
              -22.648237292155002
            ],
            [
              147.5855443539025,
              -22.648223708009688
            ],
            [
              147.58557536246803,
              -22.64818511789875
            ],
            [
              147.58560748660693,
              -22.64814732213682
            ],
            [
              147.58561816748127,
              -22.64813184708255
            ],
            [
              147.5856300052168,
              -22.64811711501776
            ],
            [
              147.5856567892691,
              -22.648075889619488
            ],
            [
              147.58568476740825,
              -22.6480353532519
            ],
            [
              147.58569376265513,
              -22.648018980985526
            ],
            [
              147.5857039876526,
              -22.648003242881508
            ],
            [
              147.58572628925322,
              -22.64795977922501
            ],
            [
              147.5857498519547,
              -22.647916892644858
            ],
            [
              147.5857570749482,
              -22.647899780842362
            ],
            [
              147.5857655887382,
              -22.64788318826773
            ],
            [
              147.58581648205154,
              -22.647770006355614
            ],
            [
              147.58703573398876,
              -22.647202993253664
            ]
          ]
        ]
      }
    },
    {
      "type": "Feature",
      "id": "black-ridge-current-tenure-exclusion",
      "properties": {
        "name": "Black Ridge current tenure exclusion",
        "area": "Black Ridge",
        "priority": "EXCLUDE",
        "confidence": "high",
        "basis": "Current granted or applied ML and MC geometry intersecting the official GPA. Includes ML 100159 at time of extraction.",
        "legal_status": "No fossicking without written holder or applicant permission.",
        "licence_required": true,
        "same_day_tenure_check": true,
        "state_forest_conditions": "Daylight only; hand tools and metal detectors only; no excavation at toe of stream bank or in a gully; keep 10 m from infrastructure; follow signs and closures.",
        "source_date": "2026-08-25",
        "source_crs": "GDA2020 / MGA zone 55; exported as WGS84 longitude/latitude",
        "fill": "#6a3d9a",
        "stroke": "#330066",
        "fill_opacity": 0.65,
        "nearby_named_drainage": [],
        "drainage_interpretation": "Named drainage is source-to-trap context only. Target benches, shallow residual wash and permitted margins, not active channels, gullies or stream-bank toes."
      },
      "geometry": {
        "type": "Polygon",
        "coordinates": [
          [
            [
              147.57719185596792,
              -22.653013482645363
            ],
            [
              147.57788114994523,
              -22.652095482598885
            ],
            [
              147.58104643107043,
              -22.650401470364717
            ],
            [
              147.58209867585896,
              -22.647057258309758
            ],
            [
              147.58395292177676,
              -22.644355942186674
            ],
            [
              147.58805384920902,
              -22.646729508178318
            ],
            [
              147.58441344818743,
              -22.64842247011709
            ],
            [
              147.58130352065928,
              -22.656623176293348
            ],
            [
              147.57709401401902,
              -22.653670805647604
            ],
            [
              147.5770874962707,
              -22.653082559844172
            ],
            [
              147.57719185596792,
              -22.653013482645363
            ]
          ]
        ]
      }
    },
    {
      "type": "Feature",
      "id": "four-mile-east-hurley-margin",
      "properties": {
        "name": "Four Mile East Hurley corridor margin",
        "area": "Four Mile East",
        "priority": "2",
        "confidence": "moderate",
        "basis": "Ground within 100 m of the boundary of the eastern 13.75 ha Quaternary alluvial corridor correlated spatially with Hurley Creek. Targets shallow margins, benches and erosional windows rather than the deep lead centre.",
        "legal_status": "Inside official GPA at extraction. Follow State Forest conditions and current tenure, signs and closure checks.",
        "licence_required": true,
        "same_day_tenure_check": true,
        "state_forest_conditions": "Daylight only; hand tools and metal detectors only; no excavation at toe of stream bank or in a gully; keep 10 m from infrastructure; follow signs and closures.",
        "source_date": "2026-08-25",
        "source_crs": "GDA2020 / MGA zone 55; exported as WGS84 longitude/latitude",
        "fill": "#4575b4",
        "stroke": "#053061",
        "fill_opacity": 0.42,
        "nearby_named_drainage": [
          "Hurley Creek"
        ],
        "drainage_interpretation": "Named drainage is source-to-trap context only. Target benches, shallow residual wash and permitted margins, not active channels, gullies or stream-bank toes."
      },
      "geometry": {
        "type": "Polygon",
        "coordinates": [
          [
            [
              147.5003285712735,
              -22.731229468013638
            ],
            [
              147.50109148036222,
              -22.731460905952186
            ],
            [
              147.5017191844572,
              -22.73189440289959
            ],
            [
              147.5020710155296,
              -22.732349006868418
            ],
            [
              147.50283748353738,
              -22.73414021342027
            ],
            [
              147.50267319115758,
              -22.7342859359987
            ],
            [
              147.50263244363072,
              -22.734320090394807
            ],
            [
              147.50206913895101,
              -22.734766138639273
            ],
            [
              147.50201193215162,
              -22.734808106144875
            ],
            [
              147.501951499699,
              -22.734845984548816
            ],
            [
              147.50160965556483,
              -22.735043367676735
            ],
            [
              147.50153275548405,
              -22.735083407518488
            ],
            [
              147.50145226587625,
              -22.73511683045784
            ],
            [
              147.50136884675885,
              -22.735143362424488
            ],
            [
              147.50128318217256,
              -22.735162785854367
            ],
            [
              147.50119597457234,
              -22.735174941473762
            ],
            [
              147.5011284881325,
              -22.735181466528726
            ],
            [
              147.5010426285791,
              -22.73518622557308
            ],
            [
              147.50009620732308,
              -22.735199839112056
            ],
            [
              147.49977650274425,
              -22.73525464550077
            ],
            [
              147.49945927499894,
              -22.735386949363086
            ],
            [
              147.49897441568342,
              -22.735663251455378
            ],
            [
              147.4989136777582,
              -22.735695140860653
            ],
            [
              147.49762816137965,
              -22.736314740603625
            ],
            [
              147.4975489709511,
              -22.736348818689645
            ],
            [
              147.4974668087158,
              -22.7363761819224
            ],
            [
              147.49738233487795,
              -22.73639661042742
            ],
            [
              147.49729622821744,
              -22.736409940053374
            ],
            [
              147.49720918063534,
              -22.73641606369118
            ],
            [
              147.4965564563022,
              -22.736434752938763
            ],
            [
              147.4964606138933,
              -22.736433118820184
            ],
            [
              147.49636540897401,
              -22.73642275257277
            ],
            [
              147.4962717639556,
              -22.736403754631603
            ],
            [
              147.49618058613513,
              -22.736376309061516
            ],
            [
              147.49609275890452,
              -22.736340681773708
            ],
            [
              147.49600913319102,
              -22.73629721794929
            ],
            [
              147.49593051921278,
              -22.736246338694702
            ],
            [
              147.49585767862843,
              -22.73618853696163
            ],
            [
              147.4957913171576,
              -22.736124372770693
            ],
            [
              147.4955437484105,
              -22.7358601116668
            ],
            [
              147.49548252734712,
              -22.735787605093652
            ],
            [
              147.49542958346066,
              -22.735709693228486
            ],
            [
              147.49538546705386,
              -22.735627185913845
            ],
            [
              147.49535063667102,
              -22.73554094075752
            ],
            [
              147.49532545433217,
              -22.73545185421807
            ],
            [
              147.495310181771,
              -22.73536085228656
            ],
            [
              147.49530497771488,
              -22.735268880861405
            ],
            [
              147.49530443914077,
              -22.734921888817404
            ],
            [
              147.49530848897575,
              -22.734838280482908
            ],
            [
              147.49532086322716,
              -22.734755378639854
            ],
            [
              147.4953414556653,
              -22.734673894878522
            ],
            [
              147.49537008952024,
              -22.734594528615816
            ],
            [
              147.49540651899963,
              -22.734517961091882
            ],
            [
              147.49560240876815,
              -22.73415301209896
            ],
            [
              147.49564894125385,
              -22.734075999284194
            ],
            [
              147.49570335570945,
              -22.73400356754082
            ],
            [
              147.49576513240893,
              -22.73393640866638
            ],
            [
              147.49583368131175,
              -22.733875164096094
            ],
            [
              147.49590834769876,
              -22.733820418776713
            ],
            [
              147.4964781153048,
              -22.73344311074455
            ],
            [
              147.49656078845553,
              -22.733394002667982
            ],
            [
              147.49692804610575,
              -22.733199333757323
            ],
            [
              147.49700424011286,
              -22.733162973430197
            ],
            [
              147.4976742367099,
              -22.732877088358197
            ],
            [
              147.4976053558648,
              -22.732861750149322
            ],
            [
              147.49751986820792,
              -22.73283883560985
            ],
            [
              147.4974369923375,
              -22.732808778343326
            ],
            [
              147.49735742022526,
              -22.73277182931315
            ],
            [
              147.49728181625684,
              -22.73272829702543
            ],
            [
              147.49721081168406,
              -22.732678544952957
            ],
            [
              147.49714499935428,
              -22.73262298850026
            ],
            [
              147.49700537730175,
              -22.732493824921857
            ],
            [
              147.49693844563285,
              -22.73242521353518
            ],
            [
              147.49687943177477,
              -22.732350610745872
            ],
            [
              147.49682895492415,
              -22.73227079933211
            ],
            [
              147.4967875446992,
              -22.732186616722785
            ],
            [
              147.49675563558318,
              -22.73209894621048
            ],
            [
              147.49673356236622,
              -22.732008707683256
            ],
            [
              147.49672155663288,
              -22.73191684797243
            ],
            [
              147.4967197443334,
              -22.73182433091779
            ],
            [
              147.49672814446288,
              -22.731732127254432
            ],
            [
              147.4967532266305,
              -22.731561531381733
            ],
            [
              147.49676952372704,
              -22.731479311771356
            ],
            [
              147.49679394478449,
              -22.731398841729224
            ],
            [
              147.49682628064534,
              -22.73132081040561
            ],
            [
              147.49686625437053,
              -22.731245886064265
            ],
            [
              147.49691352361162,
              -22.73117471035956
            ],
            [
              147.49696768354298,
              -22.731107892841404
            ],
            [
              147.49702827032888,
              -22.731046005735273
            ],
            [
              147.4971301085413,
              -22.730951193564376
            ],
            [
              147.5003285712735,
              -22.731229468013638
            ]
          ],
          [
            [
              147.50079988820758,
              -22.73338280977533
            ],
            [
              147.50086016593315,
              -22.733348005114756
            ],
            [
              147.50130127224037,
              -22.73299872131867
            ],
            [
              147.50121005855686,
              -22.732785552800785
            ],
            [
              147.5010163025156,
              -22.732535197196068
            ],
            [
              147.501001658036,
              -22.73252508362331
            ],
            [
              147.50073607730062,
              -22.732553991165698
            ],
            [
              147.50065559581682,
              -22.732559627477734
            ],
            [
              147.50057488758537,
              -22.732559062427107
            ],
            [
              147.50057195297617,
              -22.73255881553506
            ],
            [
              147.50057562060329,
              -22.732628781887176
            ],
            [
              147.50057059806673,
              -22.73271908095217
            ],
            [
              147.50055586912686,
              -22.732808461928663
            ],
            [
              147.50053158133085,
              -22.732896029329336
            ],
            [
              147.50049797799483,
              -22.732980905835035
            ],
            [
              147.50045539576718,
              -22.733062241084482
            ],
            [
              147.50040426125616,
              -22.733139220194083
            ],
            [
              147.50021751082062,
              -22.733391186577705
            ],
            [
              147.50079988820758,
              -22.73338280977533
            ]
          ]
        ]
      }
    },
    {
      "type": "Feature",
      "id": "four-mile-east-hurley-alluvium",
      "properties": {
        "name": "Four Mile East Hurley alluvial corridor context",
        "area": "Four Mile East",
        "priority": "CONTEXT",
        "confidence": "moderate",
        "basis": "Mapped Quaternary alluvium associated spatially with the Hurley Creek corridor. The historical payable lead was reported at about 22 ft depth.",
        "legal_status": "Context layer, not a claim that the whole polygon is shallow, payable or suitable for excavation.",
        "licence_required": true,
        "same_day_tenure_check": true,
        "state_forest_conditions": "Daylight only; hand tools and metal detectors only; no excavation at toe of stream bank or in a gully; keep 10 m from infrastructure; follow signs and closures.",
        "source_date": "2026-08-25",
        "source_crs": "GDA2020 / MGA zone 55; exported as WGS84 longitude/latitude",
        "fill": "#91bfdb",
        "stroke": "#2166ac",
        "fill_opacity": 0.25,
        "nearby_named_drainage": [
          "Hurley Creek"
        ],
        "drainage_interpretation": "Named drainage is source-to-trap context only. Target benches, shallow residual wash and permitted margins, not active channels, gullies or stream-bank toes."
      },
      "geometry": {
        "type": "Polygon",
        "coordinates": [
          [
            [
              147.50200015863973,
              -22.733633035863416
            ],
            [
              147.50143685463033,
              -22.73407908190378
            ],
            [
              147.5010950116179,
              -22.73427646392878
            ],
            [
              147.50102752561247,
              -22.734282988933995
            ],
            [
              147.49999949252262,
              -22.73429777601412
            ],
            [
              147.49948415048496,
              -22.73438612005362
            ],
            [
              147.49900283146042,
              -22.734586860089568
            ],
            [
              147.49846464244058,
              -22.734893552129044
            ],
            [
              147.49717913138275,
              -22.735513148224317
            ],
            [
              147.49652641132653,
              -22.73553183727504
            ],
            [
              147.4962788422806,
              -22.73526757729653
            ],
            [
              147.49627830124913,
              -22.734920585299424
            ],
            [
              147.49647418923342,
              -22.734555635287208
            ],
            [
              147.49704395824972,
              -22.734178325245797
            ],
            [
              147.4974112172646,
              -22.733983655218765
            ],
            [
              147.4983105093095,
              -22.73359992915173
            ],
            [
              147.49929191134623,
              -22.73304551007965
            ],
            [
              147.4996017753359,
              -22.73262744105891
            ],
            [
              147.49955708931324,
              -22.732421671064053
            ],
            [
              147.49936674928358,
              -22.732280829080118
            ],
            [
              147.4989546642375,
              -22.732175632113123
            ],
            [
              147.49840956318332,
              -22.732111818156206
            ],
            [
              147.49783267512052,
              -22.7319833592023
            ],
            [
              147.49769305309644,
              -22.731854196214258
            ],
            [
              147.4977181340832,
              -22.731683600213678
            ],
            [
              147.49784469308378,
              -22.73156577220479
            ],
            [
              147.49787039608523,
              -22.731557262202838
            ],
            [
              147.49804104409526,
              -22.73150076319002
            ],
            [
              147.49837048411908,
              -22.731441420164764
            ],
            [
              147.4987379381458,
              -22.731376134136625
            ],
            [
              147.49916881818123,
              -22.73134603310324
            ],
            [
              147.49961255022797,
              -22.731427653067932
            ],
            [
              147.49999950027254,
              -22.731540569036795
            ],
            [
              147.50023388229957,
              -22.731608964017955
            ],
            [
              147.50062258533836,
              -22.73165680098724
            ],
            [
              147.50102761337018,
              -22.731612714955972
            ],
            [
              147.50109495637568,
              -22.731606417950744
            ],
            [
              147.50119721669634,
              -22.731533928592
            ],
            [
              147.5017191844572,
              -22.73189440289959
            ],
            [
              147.5020710155296,
              -22.732349006868418
            ],
            [
              147.50244979981252,
              -22.733234217822147
            ],
            [
              147.50200015863973,
              -22.733633035863416
            ]
          ]
        ]
      }
    },
    {
      "type": "Feature",
      "id": "birimgan-west-fault-contact-zone",
      "properties": {
        "name": "Birimgan West fault-contact target",
        "area": "Birimgan West",
        "priority": "2",
        "confidence": "moderate-high",
        "basis": "Open GPA ground within 100 m of mapped faults that pass within 200 m of the Birimgan Formation to metamorphic-basement contact. The formation includes quartz-pebble to polymictic conglomerate.",
        "legal_status": "No current ML or MC intersection was returned at extraction. Recheck tenure, access, signs and closures before entry.",
        "licence_required": true,
        "same_day_tenure_check": true,
        "state_forest_conditions": "Daylight only; hand tools and metal detectors only; no excavation at toe of stream bank or in a gully; keep 10 m from infrastructure; follow signs and closures.",
        "source_date": "2026-08-25",
        "source_crs": "GDA2020 / MGA zone 55; exported as WGS84 longitude/latitude",
        "fill": "#1a9850",
        "stroke": "#006837",
        "fill_opacity": 0.48,
        "nearby_named_drainage": [
          "Leahy Creek"
        ],
        "drainage_interpretation": "Named drainage is source-to-trap context only. Target benches, shallow residual wash and permitted margins, not active channels, gullies or stream-bank toes."
      },
      "geometry": {
        "type": "MultiPolygon",
        "coordinates": [
          [
            [
              [
                147.42691385714423,
                -22.67430740881195
              ],
              [
                147.42747134706948,
                -22.6761028271562
              ],
              [
                147.42747134716768,
                -22.67610282742694
              ],
              [
                147.42747134726616,
                -22.676102827788032
              ],
              [
                147.42793132738586,
                -22.67758417155891
              ],
              [
                147.42824191888812,
                -22.678584396532536
              ],
              [
                147.42826383484774,
                -22.67867068364483
              ],
              [
                147.4282765312542,
                -22.678758548744
              ],
              [
                147.4282798858217,
                -22.678847145617716
              ],
              [
                147.42827386619095,
                -22.678935620946042
              ],
              [
                147.42825853034557,
                -22.679023122701526
              ],
              [
                147.4282340259565,
                -22.679108808190932
              ],
              [
                147.42820058904536,
                -22.679191852279565
              ],
              [
                147.4281585414782,
                -22.67927145507667
              ],
              [
                147.42810828836295,
                -22.679346850072996
              ],
              [
                147.4280503134962,
                -22.679417311109138
              ],
              [
                147.4279851752975,
                -22.679482159613656
              ],
              [
                147.42791350098872,
                -22.679540771032883
              ],
              [
                147.42783598096688,
                -22.679592580989258
              ],
              [
                147.42775336171357,
                -22.679637090359503
              ],
              [
                147.42766643889942,
                -22.679673870623233
              ],
              [
                147.42757604970424,
                -22.679702567406952
              ],
              [
                147.42748306455437,
                -22.679722904571598
              ],
              [
                147.42738837904798,
                -22.679734686041048
              ],
              [
                147.42729290510368,
                -22.679737798445668
              ],
              [
                147.42719756200555,
                -22.679732211778767
              ],
              [
                147.42710326822663,
                -22.679717979870045
              ],
              [
                147.4270109317886,
                -22.679695239778976
              ],
              [
                147.42692144188499,
                -22.679664210461986
              ],
              [
                147.42683566050235,
                -22.679625190897543
              ],
              [
                147.42675441364804,
                -22.67957855667652
              ],
              [
                147.42667848384437,
                -22.679524757040806
              ],
              [
                147.42660860232576,
                -22.6794643101159
              ],
              [
                147.4265454421114,
                -22.679397797960533
              ],
              [
                147.4264896113691,
                -22.679325861254107
              ],
              [
                147.42644164794336,
                -22.6792491927163
              ],
              [
                147.42640201368988,
                -22.67916853070792
              ],
              [
                147.42637109017042,
                -22.67908465210544
              ],
              [
                147.42606051098198,
                -22.67808442337435
              ],
              [
                147.42606051098173,
                -22.678084423284005
              ],
              [
                147.42606051088325,
                -22.678084422922932
              ],
              [
                147.42560054890203,
                -22.676603073588062
              ],
              [
                147.42560054880383,
                -22.676603073317306
              ],
              [
                147.42560054880357,
                -22.67660307322698
              ],
              [
                147.4253666730616,
                -22.675849840598985
              ],
              [
                147.42691385714423,
                -22.67430740881195
              ]
            ]
          ],
          [
            [
              [
                147.43093949334585,
                -22.66732851294561
              ],
              [
                147.43130554000209,
                -22.664142329330982
              ],
              [
                147.43132430676422,
                -22.664212328354903
              ],
              [
                147.4316489738702,
                -22.66571756330651
              ],
              [
                147.43166398728707,
                -22.665813869022845
              ],
              [
                147.43180490947933,
                -22.667266389035994
              ],
              [
                147.43180772743622,
                -22.66730438823385
              ],
              [
                147.43192986476544,
                -22.66968229314316
              ],
              [
                147.43202466463973,
                -22.67074873070413
              ],
              [
                147.4320279527471,
                -22.67081947031253
              ],
              [
                147.43202526090238,
                -22.670890231559838
              ],
              [
                147.43193775660453,
                -22.671978379002176
              ],
              [
                147.43193704417388,
                -22.671986717615702
              ],
              [
                147.4318319253241,
                -22.67314879396648
              ],
              [
                147.43174572518654,
                -22.674687221124348
              ],
              [
                147.43174549300397,
                -22.674691196820465
              ],
              [
                147.4316523628929,
                -22.67622304616287
              ],
              [
                147.43165236289317,
                -22.676223046253206
              ],
              [
                147.43165236289403,
                -22.676223046524214
              ],
              [
                147.43151520396987,
                -22.678479038030094
              ],
              [
                147.43150514901694,
                -22.67856719713309
              ],
              [
                147.43148583073338,
                -22.678654017117086
              ],
              [
                147.4314574350487,
                -22.678738661867246
              ],
              [
                147.43142023557292,
                -22.678820316260087
              ],
              [
                147.43137459040895,
                -22.678898193850944
              ],
              [
                147.43132093915997,
                -22.67897154474146
              ],
              [
                147.43125979847287,
                -22.67903966227691
              ],
              [
                147.43119175729257,
                -22.679101890737876
              ],
              [
                147.43111747084325,
                -22.679157630596364
              ],
              [
                147.4310376544184,
                -22.679206345127454
              ],
              [
                147.43095307687366,
                -22.679247565215068
              ],
              [
                147.43086455265777,
                -22.67928089380024
              ],
              [
                147.43077293432899,
                -22.679306009966695
              ],
              [
                147.43067910419146,
                -22.67932267176418
              ],
              [
                147.4305839660278,
                -22.679330718760188
              ],
              [
                147.43048843595216,
                -22.67933007351021
              ],
              [
                147.43039343413665,
                -22.679320742122066
              ],
              [
                147.43029987536852,
                -22.679302814552265
              ],
              [
                147.43020866077083,
                -22.67927646336351
              ],
              [
                147.43012066874448,
                -22.679241942484225
              ],
              [
                147.43003674678098,
                -22.679199584249154
              ],
              [
                147.42995770298384,
                -22.679149796621505
              ],
              [
                147.42988429875442,
                -22.67909305914712
              ],
              [
                147.42981724098857,
                -22.679029918096884
              ],
              [
                147.42975717544218,
                -22.67896098178668
              ],
              [
                147.42970468057757,
                -22.678886913908645
              ],
              [
                147.42966026189998,
                -22.678808427945082
              ],
              [
                147.42962434726184,
                -22.678726279682824
              ],
              [
                147.42959728246103,
                -22.678641260268808
              ],
              [
                147.42957932819988,
                -22.678554188539334
              ],
              [
                147.4295706573346,
                -22.678465902897013
              ],
              [
                147.42957135329547,
                -22.678377253816866
              ],
              [
                147.42970854397865,
                -22.67612126363721
              ],
              [
                147.4297085439778,
                -22.67612126336621
              ],
              [
                147.42970854397666,
                -22.676121263004863
              ],
              [
                147.42980157481043,
                -22.67459140261606
              ],
              [
                147.42988848915076,
                -22.67304061907611
              ],
              [
                147.4298905881187,
                -22.67301195982683
              ],
              [
                147.42999664121515,
                -22.671839738140754
              ],
              [
                147.43007813317936,
                -22.670826534507814
              ],
              [
                147.42998824695707,
                -22.669815212568906
              ],
              [
                147.42998605590924,
                -22.66978395373995
              ],
              [
                147.42994855022675,
                -22.669053561729942
              ],
              [
                147.43093949334585,
                -22.66732851294561
              ]
            ]
          ]
        ]
      }
    },
    {
      "type": "Feature",
      "id": "birimgan-west-near-alluvial-workings",
      "properties": {
        "name": "Birimgan West eastern alluvial lead sector",
        "area": "Birimgan West",
        "priority": "3",
        "confidence": "moderate",
        "basis": "Open eastern GPA ground within 750 m of Queensland field site 13799, which records alluvial Au workings at 22.672947 S, 147.463868 E. The recorded workings point is about 574 m outside the GPA and is context only.",
        "legal_status": "The polygon is clipped inside the official GPA. The historical workings point outside the GPA is not represented as accessible land.",
        "licence_required": true,
        "same_day_tenure_check": true,
        "state_forest_conditions": "Daylight only; hand tools and metal detectors only; no excavation at toe of stream bank or in a gully; keep 10 m from infrastructure; follow signs and closures.",
        "source_date": "2026-08-25",
        "source_crs": "GDA2020 / MGA zone 55; exported as WGS84 longitude/latitude",
        "fill": "#fee08b",
        "stroke": "#d8a300",
        "fill_opacity": 0.42,
        "nearby_named_drainage": [
          "Leahy Creek"
        ],
        "drainage_interpretation": "Named drainage is source-to-trap context only. Target benches, shallow residual wash and permitted margins, not active channels, gullies or stream-bank toes."
      },
      "geometry": {
        "type": "Polygon",
        "coordinates": [
          [
            [
              147.45829441396342,
              -22.6695309647985
            ],
            [
              147.45836959800425,
              -22.669908858789537
            ],
            [
              147.4584359151044,
              -22.670951045775794
            ],
            [
              147.45846159015136,
              -22.671445436769726
            ],
            [
              147.45838722618942,
              -22.67193895577151
            ],
            [
              147.457810253206,
              -22.672687135810243
            ],
            [
              147.45757816726478,
              -22.673564254821102
            ],
            [
              147.45748572849314,
              -22.676179706806835
            ],
            [
              147.45754702434655,
              -22.6763239068495
            ],
            [
              147.4574399631732,
              -22.67615929940576
            ],
            [
              147.4571316396162,
              -22.675559128666734
            ],
            [
              147.45688819463086,
              -22.67493380248013
            ],
            [
              147.45671197195819,
              -22.674289343386885
            ],
            [
              147.45660466783738,
              -22.673631958115156
            ],
            [
              147.45656731470422,
              -22.672967977797086
            ],
            [
              147.4566002712847,
              -22.67230379699072
            ],
            [
              147.45670321917945,
              -22.671645812094457
            ],
            [
              147.4568751659684,
              -22.67100035974719
            ],
            [
              147.45711445480617,
              -22.670373655807513
            ],
            [
              147.4574187804129,
              -22.669771735499296
            ],
            [
              147.45778521130606,
              -22.669200395299825
            ],
            [
              147.45808869700986,
              -22.668818182606756
            ],
            [
              147.45829441396342,
              -22.6695309647985
            ]
          ]
        ]
      }
    },
    {
      "type": "Feature",
      "id": "birimgan-east-alluvial-mine-sector",
      "properties": {
        "name": "Birimgan East recorded alluvial mine sector",
        "area": "Birimgan East",
        "priority": "1",
        "confidence": "high historical; moderate residual prospectivity",
        "basis": "Open GPA ground within 250 m of Queensland field site 13894, recorded as an alluvial Au mine with recent alluvial workings. The site is about 1.28 km from the nearest current lease geometry.",
        "legal_status": "Inside official GPA after clipping current ML and MC layers. Recheck tenure, access, signs and closures.",
        "licence_required": true,
        "same_day_tenure_check": true,
        "state_forest_conditions": "Daylight only; hand tools and metal detectors only; no excavation at toe of stream bank or in a gully; keep 10 m from infrastructure; follow signs and closures.",
        "source_date": "2026-08-25",
        "source_crs": "GDA2020 / MGA zone 55; exported as WGS84 longitude/latitude",
        "fill": "#a50026",
        "stroke": "#67001f",
        "fill_opacity": 0.56,
        "nearby_named_drainage": [],
        "drainage_interpretation": "Named drainage is source-to-trap context only. Target benches, shallow residual wash and permitted margins, not active channels, gullies or stream-bank toes."
      },
      "geometry": {
        "type": "Polygon",
        "coordinates": [
          [
            [
              147.500517382377,
              -22.715719794251388
            ],
            [
              147.50048312687977,
              -22.71593912973412
            ],
            [
              147.50042586257845,
              -22.71615429409681
            ],
            [
              147.5003461408588,
              -22.716363215166872
            ],
            [
              147.50024472939543,
              -22.71656388088945
            ],
            [
              147.5001226047625,
              -22.716754358705696
            ],
            [
              147.49998094303118,
              -22.716932814165926
            ],
            [
              147.49982110844587,
              -22.717097528598007
            ],
            [
              147.499644640287,
              -22.717246915660976
            ],
            [
              147.4994532380475,
              -22.717379536624417
            ],
            [
              147.49924874506556,
              -22.717494114226042
            ],
            [
              147.49903313077084,
              -22.717589544974494
            ],
            [
              147.49880847171625,
              -22.717664909778254
            ],
            [
              147.49857693157645,
              -22.717719482798636
            ],
            [
              147.49834074030767,
              -22.71775273844131
            ],
            [
              147.498102172668,
              -22.71776435641907
            ],
            [
              147.49786352630616,
              -22.71775422483706
            ],
            [
              147.49762709962948,
              -22.71772244127063
            ],
            [
              147.49739516966494,
              -22.71766931182558
            ],
            [
              147.49716997012564,
              -22.717595348189647
            ],
            [
              147.49695366989525,
              -22.717501262703863
            ],
            [
              147.49674835213705,
              -22.717387961501135
            ],
            [
              147.49655599422897,
              -22.717256535778183
            ],
            [
              147.49637844871836,
              -22.71710825128509
            ],
            [
              147.49621742547953,
              -22.716944536133475
            ],
            [
              147.4960744752461,
              -22.716766967041135
            ],
            [
              147.49595097467702,
              -22.716577254145374
            ],
            [
              147.49584811309975,
              -22.71637722453149
            ],
            [
              147.4957668810582,
              -22.71616880463526
            ],
            [
              147.49570806077602,
              -22.715954001688612
            ],
            [
              147.4956722186267,
              -22.715734884387658
            ],
            [
              147.49565969968268,
              -22.715513562968948
            ],
            [
              147.4956706243963,
              -22.71529216888611
            ],
            [
              147.49570488744413,
              -22.71507283428247
            ],
            [
              147.4957621587456,
              -22.71485767145752
            ],
            [
              147.49584188664596,
              -22.714648752524717
            ],
            [
              147.49594330323296,
              -22.714448089456813
            ],
            [
              147.4960654317357,
              -22.71425761471061
            ],
            [
              147.4962070959342,
              -22.714079162617843
            ],
            [
              147.4963669314893,
              -22.713914451721227
            ],
            [
              147.49654339908327,
              -22.713765068225833
            ],
            [
              147.49673479924485,
              -22.71363245072502
            ],
            [
              147.4969392887158,
              -22.71351787634797
            ],
            [
              147.49715489820127,
              -22.713422448462136
            ],
            [
              147.4973795513333,
              -22.713347086049037
            ],
            [
              147.4976110846647,
              -22.71329251485548
            ],
            [
              147.49784726850095,
              -22.71325926040559
            ],
            [
              147.4980858283696,
              -22.71324764294073
            ],
            [
              147.49832446692056,
              -22.71325777433606
            ],
            [
              147.4985608860466,
              -22.713289557023387
            ],
            [
              147.498792809011,
              -22.71334268493071
            ],
            [
              147.49901800236967,
              -22.713416646429373
            ],
            [
              147.49923429747636,
              -22.7135107292605
            ],
            [
              147.49943961136478,
              -22.713624027393166
            ],
            [
              147.49963196680568,
              -22.713755449748657
            ],
            [
              147.49980951134648,
              -22.7139037307063
            ],
            [
              147.49997053515025,
              -22.714067442290325
            ],
            [
              147.5001134874616,
              -22.71424500792005
            ],
            [
              147.50023699154167,
              -22.71443471759124
            ],
            [
              147.50033985792817,
              -22.71463474434249
            ],
            [
              147.5004210958923,
              -22.71484316184807
            ],
            [
              147.50047992298283,
              -22.715057962967887
            ],
            [
              147.50051577256465,
              -22.715277079076063
            ],
            [
              147.50052829927972,
              -22.71549839998186
            ],
            [
              147.500517382377,
              -22.715719794251388
            ]
          ]
        ]
      }
    },
    {
      "type": "Feature",
      "id": "birimgan-east-fault-contact-zone",
      "properties": {
        "name": "Birimgan East fault-contact target",
        "area": "Birimgan East",
        "priority": "2",
        "confidence": "moderate-high",
        "basis": "Open GPA ground within 100 m of mapped faults passing within 200 m of the Blair Athol Coal Measures to metamorphic-basement contact. Government site 13720 records conglomerate overlying phyllite inside the main zone.",
        "legal_status": "Clipped against current granted and applied ML and MC geometry.",
        "licence_required": true,
        "same_day_tenure_check": true,
        "state_forest_conditions": "Daylight only; hand tools and metal detectors only; no excavation at toe of stream bank or in a gully; keep 10 m from infrastructure; follow signs and closures.",
        "source_date": "2026-08-25",
        "source_crs": "GDA2020 / MGA zone 55; exported as WGS84 longitude/latitude",
        "fill": "#66bd63",
        "stroke": "#006837",
        "fill_opacity": 0.46,
        "nearby_named_drainage": [
          "Scurvy Creek"
        ],
        "drainage_interpretation": "Named drainage is source-to-trap context only. Target benches, shallow residual wash and permitted margins, not active channels, gullies or stream-bank toes."
      },
      "geometry": {
        "type": "MultiPolygon",
        "coordinates": [
          [
            [
              [
                147.48759256392478,
                -22.69570835729954
              ],
              [
                147.48860889903378,
                -22.695918474218576
              ],
              [
                147.48871562079222,
                -22.695327190692016
              ],
              [
                147.48871570670138,
                -22.695327250763132
              ],
              [
                147.48835315731762,
                -22.69733603494727
              ],
              [
                147.48743246243814,
                -22.696692249320872
              ],
              [
                147.48735907338647,
                -22.69663548552229
              ],
              [
                147.48729203424773,
                -22.696572320685554
              ],
              [
                147.48723199072165,
                -22.696503362979325
              ],
              [
                147.48717952084255,
                -22.69642927669611
              ],
              [
                147.4871351300866,
                -22.696350775220708
              ],
              [
                147.48709924599493,
                -22.696268614632277
              ],
              [
                147.48707221396063,
                -22.6961835861287
              ],
              [
                147.48705429437993,
                -22.696096508627445
              ],
              [
                147.48704565980069,
                -22.696008220643773
              ],
              [
                147.48704639343575,
                -22.695919572616642
              ],
              [
                147.48705648815883,
                -22.69583141805872
              ],
              [
                147.48707584677138,
                -22.69574460614811
              ],
              [
                147.48710428265318,
                -22.695659972783194
              ],
              [
                147.48714152217107,
                -22.695578333167887
              ],
              [
                147.48718720649967,
                -22.69550047340517
              ],
              [
                147.4872354015138,
                -22.695434647551828
              ],
              [
                147.48759256392478,
                -22.69570835729954
              ]
            ]
          ],
          [
            [
              [
                147.49402290891223,
                -22.700323086759905
              ],
              [
                147.49152803351524,
                -22.69732752422491
              ],
              [
                147.49171242565637,
                -22.697460996181917
              ],
              [
                147.4917302742703,
                -22.697474231324186
              ],
              [
                147.49278127514197,
                -22.698272494494063
              ],
              [
                147.4933503857592,
                -22.698695307806915
              ],
              [
                147.49335038585684,
                -22.698695307896955
              ],
              [
                147.49335038790693,
                -22.698695309426338
              ],
              [
                147.4938004570487,
                -22.69902967720111
              ],
              [
                147.49380989922258,
                -22.699036782220517
              ],
              [
                147.4945176919899,
                -22.699576207497987
              ],
              [
                147.49451769238033,
                -22.699576207767787
              ],
              [
                147.49462346424593,
                -22.699656818392082
              ],
              [
                147.49465462699524,
                -22.699681606963427
              ],
              [
                147.49516949244497,
                -22.700108954834292
              ],
              [
                147.49521190886185,
                -22.700146349835087
              ],
              [
                147.496010834644,
                -22.700894338379925
              ],
              [
                147.49683823084115,
                -22.701604967890198
              ],
              [
                147.49759900215727,
                -22.702248733760392
              ],
              [
                147.49832341411147,
                -22.70280141097256
              ],
              [
                147.49833817343384,
                -22.702812900295733
              ],
              [
                147.49929440493412,
                -22.703572344889793
              ],
              [
                147.50033262212006,
                -22.704325923125996
              ],
              [
                147.5003393393982,
                -22.70433084301351
              ],
              [
                147.50060014267373,
                -22.704523594068547
              ],
              [
                147.50162280937198,
                -22.705254754463027
              ],
              [
                147.50162878097103,
                -22.70525947473293
              ],
              [
                147.50163514937583,
                -22.70526372473718
              ],
              [
                147.50168312136196,
                -22.705299178734816
              ],
              [
                147.50204463787946,
                -22.70554137319255
              ],
              [
                147.50205620639292,
                -22.705549244304727
              ],
              [
                147.50260113005046,
                -22.705925763383974
              ],
              [
                147.50276951844572,
                -22.706042111064733
              ],
              [
                147.50377764686783,
                -22.70663892303855
              ],
              [
                147.5038555779136,
                -22.70669021771275
              ],
              [
                147.50392771472403,
                -22.706748352271962
              ],
              [
                147.50399336239107,
                -22.706812766846646
              ],
              [
                147.50405188897275,
                -22.706882841206042
              ],
              [
                147.50410273057662,
                -22.706957900342474
              ],
              [
                147.5041453977151,
                -22.707037221587527
              ],
              [
                147.50417947932064,
                -22.707120040922415
              ],
              [
                147.50420464735163,
                -22.707205560822388
              ],
              [
                147.50422065925375,
                -22.707292957656176
              ],
              [
                147.50422736081435,
                -22.707381389716595
              ],
              [
                147.50422468765302,
                -22.707470005345918
              ],
              [
                147.50421266525294,
                -22.707557951156218
              ],
              [
                147.50419140947832,
                -22.707644380248254
              ],
              [
                147.50416112514455,
                -22.70772846025591
              ],
              [
                147.504122103711,
                -22.707809381303136
              ],
              [
                147.5040747209749,
                -22.707886364141604
              ],
              [
                147.5040194333009,
                -22.707958667389722
              ],
              [
                147.5039567732668,
                -22.708025594773524
              ],
              [
                147.5038873440397,
                -22.70808650155853
              ],
              [
                147.50381181443584,
                -22.708140801431217
              ],
              [
                147.50373091192725,
                -22.708187971218848
              ],
              [
                147.50364541545792,
                -22.708227556784315
              ],
              [
                147.50355614854396,
                -22.70825917675197
              ],
              [
                147.5034639708177,
                -22.708282526780295
              ],
              [
                147.50336977014868,
                -22.70829738184542
              ],
              [
                147.50327445359721,
                -22.70830359888946
              ],
              [
                147.5031789391425,
                -22.708301118201828
              ],
              [
                147.50308414682135,
                -22.708289963447054
              ],
              [
                147.50299098938177,
                -22.70827024214596
              ],
              [
                147.50290036409825,
                -22.70824214434623
              ],
              [
                147.50281314361078,
                -22.708205940483015
              ],
              [
                147.50273016812665,
                -22.708161979235204
              ],
              [
                147.5016924034829,
                -22.707547620085933
              ],
              [
                147.50163458495425,
                -22.70751060193785
              ],
              [
                147.50143800447444,
                -22.707374774288127
              ],
              [
                147.5008988288333,
                -22.70700222500327
              ],
              [
                147.50052447031356,
                -22.70675142573187
              ],
              [
                147.5005064988555,
                -22.706738093715508
              ],
              [
                147.50048781772165,
                -22.706725626619967
              ],
              [
                147.50042797950258,
                -22.706681402507133
              ],
              [
                147.49940531009082,
                -22.705950236030077
              ],
              [
                147.49939297368084,
                -22.70594126819194
              ],
              [
                147.49912938713356,
                -22.705746458924317
              ],
              [
                147.4980776259231,
                -22.704983045463653
              ],
              [
                147.49804440593127,
                -22.704957817839723
              ],
              [
                147.49707917974987,
                -22.7041912246003
              ],
              [
                147.49634293728198,
                -22.703629517850228
              ],
              [
                147.4963052362688,
                -22.703599219493373
              ],
              [
                147.495523370337,
                -22.702937598417684
              ],
              [
                147.49551806641264,
                -22.70293307666186
              ],
              [
                147.4946726335584,
                -22.70220695039134
              ],
              [
                147.49464247694954,
                -22.702179907027325
              ],
              [
                147.49384938916967,
                -22.701437377837493
              ],
              [
                147.49375773856931,
                -22.70136130588679
              ],
              [
                147.49402290891223,
                -22.700323086759905
              ]
            ]
          ]
        ]
      }
    },
    {
      "type": "Feature",
      "id": "birimgan-east-current-tenure-exclusion",
      "properties": {
        "name": "Birimgan East current tenure exclusion",
        "area": "Birimgan East",
        "priority": "EXCLUDE",
        "confidence": "high",
        "basis": "Current granted and applied ML and MC geometry intersecting the official GPA at extraction.",
        "legal_status": "No fossicking without written holder or applicant permission.",
        "licence_required": true,
        "same_day_tenure_check": true,
        "state_forest_conditions": "Daylight only; hand tools and metal detectors only; no excavation at toe of stream bank or in a gully; keep 10 m from infrastructure; follow signs and closures.",
        "source_date": "2026-08-25",
        "source_crs": "GDA2020 / MGA zone 55; exported as WGS84 longitude/latitude",
        "fill": "#542788",
        "stroke": "#2d004b",
        "fill_opacity": 0.68,
        "nearby_named_drainage": [
          "Brigalow Creek",
          "Scurvy Creek",
          "Stockyard Creek"
        ],
        "drainage_interpretation": "Named drainage is source-to-trap context only. Target benches, shallow residual wash and permitted margins, not active channels, gullies or stream-bank toes."
      },
      "geometry": {
        "type": "MultiPolygon",
        "coordinates": [
          [
            [
              [
                147.51236657141527,
                -22.69899048633883
              ],
              [
                147.51236511612342,
                -22.69899733035355
              ],
              [
                147.50447791063849,
                -22.698125509961923
              ],
              [
                147.51236657141527,
                -22.69899048633883
              ]
            ]
          ],
          [
            [
              [
                147.50576860476872,
                -22.687274363950415
              ],
              [
                147.50218630855173,
                -22.68837737722104
              ],
              [
                147.49580574694545,
                -22.68791543972286
              ],
              [
                147.49659335752062,
                -22.682459987706245
              ],
              [
                147.506254433479,
                -22.683606366942684
              ],
              [
                147.50576860476872,
                -22.687274363950415
              ]
            ]
          ],
          [
            [
              [
                147.49567405392764,
                -22.687848490733675
              ],
              [
                147.49642572791575,
                -22.682545110892185
              ],
              [
                147.49656323852767,
                -22.682567157707737
              ],
              [
                147.49578408194526,
                -22.68793532872439
              ],
              [
                147.49834290871357,
                -22.693913086475472
              ],
              [
                147.50287290926414,
                -22.695563086108347
              ],
              [
                147.50300290942062,
                -22.69716308608502
              ],
              [
                147.49757290908056,
                -22.698713086496138
              ],
              [
                147.49484433560016,
                -22.69607795873074
              ],
              [
                147.49487107357265,
                -22.69574861273136
              ],
              [
                147.49477225853764,
                -22.695458967741438
              ],
              [
                147.4944645854997,
                -22.695340192766462
              ],
              [
                147.49404854946005,
                -22.695309424799138
              ],
              [
                147.49319290830948,
                -22.694483086872715
              ],
              [
                147.49225751432414,
                -22.69555924393685
              ],
              [
                147.49182642227657,
                -22.695455182971344
              ],
              [
                147.49150807426886,
                -22.695680259994315
              ],
              [
                147.49140096628494,
                -22.695962978000352
              ],
              [
                147.49163244933405,
                -22.696278372979705
              ],
              [
                147.4911329083419,
                -22.69685308701395
              ],
              [
                147.49402290891223,
                -22.700323086759905
              ],
              [
                147.49343290906938,
                -22.702633086786985
              ],
              [
                147.4919426640385,
                -22.703748171894052
              ],
              [
                147.4908850768931,
                -22.703746009735816
              ],
              [
                147.49069040992742,
                -22.703745609991778
              ],
              [
                147.49069039764308,
                -22.703750780981412
              ],
              [
                147.49068585710066,
                -22.705661797976425
              ],
              [
                147.48697290871027,
                -22.70498308727162
              ],
              [
                147.49022871082963,
                -22.686943510544893
              ],
              [
                147.49567405392764,
                -22.687848490733675
              ]
            ]
          ],
          [
            [
              [
                147.4902287102928,
                -22.686943510455663
              ],
              [
                147.48860889903378,
                -22.695918474218576
              ],
              [
                147.48759256392478,
                -22.69570835729954
              ],
              [
                147.48496290750947,
                -22.69369308752127
              ],
              [
                147.48444290746338,
                -22.693693087561822
              ],
              [
                147.4844333482121,
                -22.6859801420607
              ],
              [
                147.4902287102928,
                -22.686943510455663
              ]
            ]
          ],
          [
            [
              [
                147.47409453449455,
                -22.68206278846432
              ],
              [
                147.47445150756622,
                -22.682506296432905
              ],
              [
                147.4749342937062,
                -22.683580429386392
              ],
              [
                147.4750875173423,
                -22.684054721099887
              ],
              [
                147.474692080721,
                -22.683980548401983
              ],
              [
                147.4739775775436,
                -22.681975501854403
              ],
              [
                147.47409453449455,
                -22.68206278846432
              ]
            ]
          ],
          [
            [
              [
                147.4695330769378,
                -22.65826670201558
              ],
              [
                147.47123596704932,
                -22.657836010886463
              ],
              [
                147.4716699169875,
                -22.65772849287371
              ],
              [
                147.4711395881018,
                -22.658509447888417
              ],
              [
                147.470637660269,
                -22.66084848990826
              ],
              [
                147.47040954934627,
                -22.661924725917206
              ],
              [
                147.4705361954379,
                -22.66281349190002
              ],
              [
                147.4706799585751,
                -22.664189793877473
              ],
              [
                147.47062528614686,
                -22.664384212124315
              ],
              [
                147.4704657075711,
                -22.66435451789282
              ],
              [
                147.46991782023423,
                -22.66116718396178
              ],
              [
                147.47073335678957,
                -22.659106189401857
              ],
              [
                147.46913795519157,
                -22.66145738102014
              ],
              [
                147.466980857085,
                -22.662386345180614
              ],
              [
                147.46306738266256,
                -22.661539563492486
              ],
              [
                147.46309083356428,
                -22.66042906349975
              ],
              [
                147.46695004098677,
                -22.66133019719167
              ],
              [
                147.4695330769378,
                -22.65826670201558
              ]
            ]
          ],
          [
            [
              [
                147.470555663366,
                -22.673052823814274
              ],
              [
                147.47056486394567,
                -22.673205819857003
              ],
              [
                147.47034753210022,
                -22.67262418269728
              ],
              [
                147.46514090396735,
                -22.67393708922892
              ],
              [
                147.46393890379815,
                -22.673242089328276
              ],
              [
                147.46394544231688,
                -22.673236015081294
              ],
              [
                147.46393988679813,
                -22.673241174328233
              ],
              [
                147.46646253234846,
                -22.665805524192862
              ],
              [
                147.46646274826628,
                -22.665805753569195
              ],
              [
                147.46750026139054,
                -22.66525662011648
              ],
              [
                147.46868251365024,
                -22.666971352010286
              ],
              [
                147.4699259853372,
                -22.66695023212728
              ],
              [
                147.4697042518407,
                -22.66807903592154
              ],
              [
                147.46978742200508,
                -22.66981403990079
              ],
              [
                147.47010029013393,
                -22.670931710867205
              ],
              [
                147.47031922022197,
                -22.67169113484391
              ],
              [
                147.47047666430103,
                -22.672597867116462
              ],
              [
                147.47034836130885,
                -22.672622661833948
              ],
              [
                147.469924504106,
                -22.670794881882024
              ],
              [
                147.46992411910787,
                -22.670795016851716
              ],
              [
                147.47034774893794,
                -22.672623418256936
              ],
              [
                147.47047677084612,
                -22.672598480713397
              ],
              [
                147.470555663366,
                -22.673052823814274
              ]
            ],
            [
              [
                147.46600490388386,
                -22.672170089176184
              ],
              [
                147.4681107439385,
                -22.671430722874423
              ],
              [
                147.46600484888378,
                -22.672168943176196
              ],
              [
                147.4659831060968,
                -22.672038945818016
              ],
              [
                147.46600490388386,
                -22.672170089176184
              ]
            ]
          ]
        ]
      }
    },
    {
      "type": "Feature",
      "id": "four-mile-west-high-level-wash",
      "properties": {
        "name": "Four Mile West high-level wash targets",
        "area": "Four Mile West",
        "priority": "4",
        "confidence": "moderate",
        "basis": "Mapped late Tertiary to Quaternary high-level alluvium in two dissected remnants. Queensland notes identify older wash on interfluve edges and tops as potentially relevant to modern fossickers.",
        "legal_status": "Inside official GPA with no current ML or MC intersection returned at extraction. This is a geological target, not proof of payable gold.",
        "licence_required": true,
        "same_day_tenure_check": true,
        "state_forest_conditions": "Daylight only; hand tools and metal detectors only; no excavation at toe of stream bank or in a gully; keep 10 m from infrastructure; follow signs and closures.",
        "source_date": "2026-08-25",
        "source_crs": "GDA2020 / MGA zone 55; exported as WGS84 longitude/latitude",
        "fill": "#fdae61",
        "stroke": "#b35806",
        "fill_opacity": 0.42,
        "nearby_named_drainage": [
          "Rolf Creek",
          "Wait-A-While"
        ],
        "drainage_interpretation": "Named drainage is source-to-trap context only. Target benches, shallow residual wash and permitted margins, not active channels, gullies or stream-bank toes."
      },
      "geometry": {
        "type": "MultiPolygon",
        "coordinates": [
          [
            [
              [
                147.4309023398128,
                -22.75000459626886
              ],
              [
                147.4214886852579,
                -22.74204896406621
              ],
              [
                147.42094330566565,
                -22.737249690647445
              ],
              [
                147.42098486578521,
                -22.737312893144335
              ],
              [
                147.42115658482373,
                -22.737571559128817
              ],
              [
                147.42137277786472,
                -22.73781219211007
              ],
              [
                147.42153810189586,
                -22.737994121095745
              ],
              [
                147.4217224909286,
                -22.7381759160799
              ],
              [
                147.4218687639602,
                -22.73838160306681
              ],
              [
                147.4220087410008,
                -22.73869364705334
              ],
              [
                147.42212329503866,
                -22.738999963041962
              ],
              [
                147.4221869950693,
                -22.739277106034756
              ],
              [
                147.42222524009193,
                -22.73948946103001
              ],
              [
                147.42224437810586,
                -22.739625169027413
              ],
              [
                147.42230801412592,
                -22.739784188021183
              ],
              [
                147.4224352571611,
                -22.740049071009107
              ],
              [
                147.4225434041893,
                -22.740255026998955
              ],
              [
                147.4227214622248,
                -22.74047230198334
              ],
              [
                147.42286771625268,
                -22.74063664497062
              ],
              [
                147.42308392729515,
                -22.740894994951717
              ],
              [
                147.4233001103329,
                -22.74110018793321
              ],
              [
                147.4234972053652,
                -22.741264171916526
              ],
              [
                147.42371970239654,
                -22.741392539898154
              ],
              [
                147.42401210343405,
                -22.74152041387443
              ],
              [
                147.42425997446014,
                -22.74156591485476
              ],
              [
                147.42448877348357,
                -22.741599737836655
              ],
              [
                147.42473664751023,
                -22.741651144816984
              ],
              [
                147.42492097853227,
                -22.741714811802122
              ],
              [
                147.42505448655263,
                -22.741808368791
              ],
              [
                147.4251816435729,
                -22.74190787678029
              ],
              [
                147.4253151785975,
                -22.742048682768743
              ],
              [
                147.42538518161916,
                -22.742219467761924
              ],
              [
                147.4253726086399,
                -22.742461711760882
              ],
              [
                147.4253346726675,
                -22.74280453976102
              ],
              [
                147.4252840096913,
                -22.74311792576239
              ],
              [
                147.4252205997082,
                -22.7433664347653
              ],
              [
                147.42516353472402,
                -22.743597179767775
              ],
              [
                147.42515095874424,
                -22.74383351676688
              ],
              [
                147.42516379276512,
                -22.744051955764053
              ],
              [
                147.425189329786,
                -22.744258492760373
              ],
              [
                147.42522756480594,
                -22.744441314755896
              ],
              [
                147.42534209383797,
                -22.74468266074501
              ],
              [
                147.42545021886139,
                -22.744835457735352
              ],
              [
                147.4256028288887,
                -22.744987941722236
              ],
              [
                147.42579357491985,
                -22.74514606170608
              ],
              [
                147.42593982094502,
                -22.745280870693637
              ],
              [
                147.42626407299554,
                -22.74552073366644
              ],
              [
                147.4266010190445,
                -22.74573097463852
              ],
              [
                147.42695066009182,
                -22.745911594609822
              ],
              [
                147.42728120913324,
                -22.746045098583036
              ],
              [
                147.4275799721703,
                -22.74616110855884
              ],
              [
                147.4278215041969,
                -22.74621846153957
              ],
              [
                147.42810118422955,
                -22.74630507451714
              ],
              [
                147.4284190422725,
                -22.746468197491062
              ],
              [
                147.42875597031775,
                -22.746637090463494
              ],
              [
                147.42899117234754,
                -22.74673582944441
              ],
              [
                147.42935346638635,
                -22.74681004341561
              ],
              [
                147.42969666541927,
                -22.74683714138869
              ],
              [
                147.4298936704356,
                -22.746823931373502
              ],
              [
                147.43025593647025,
                -22.74685089334508
              ],
              [
                147.43049110749521,
                -22.746896474326423
              ],
              [
                147.43078347952576,
                -22.746947555303237
              ],
              [
                147.43101230355134,
                -22.74700499328497
              ],
              [
                147.4312665635812,
                -22.74708587526455
              ],
              [
                147.4315399326192,
                -22.74723749524205
              ],
              [
                147.4317624566522,
                -22.74738357022352
              ],
              [
                147.43208669469834,
                -22.747576171196734
              ],
              [
                147.43229650272914,
                -22.747710523179308
              ],
              [
                147.43243640275378,
                -22.747845371167333
              ],
              [
                147.43261448578917,
                -22.748062635151694
              ],
              [
                147.43276077781974,
                -22.74825650013871
              ],
              [
                147.43280533883436,
                -22.74837430713423
              ],
              [
                147.43281144083883,
                -22.748417550133464
              ],
              [
                147.43282448884827,
                -22.74851001313168
              ],
              [
                147.43283728086115,
                -22.748639859129618
              ],
              [
                147.43276749787321,
                -22.74884116613337
              ],
              [
                147.4324880948822,
                -22.74921524215208
              ],
              [
                147.43219236395583,
                -22.749461796112
              ],
              [
                147.4309023398128,
                -22.75000459626886
              ]
            ]
          ],
          [
            [
              [
                147.42075034060528,
                -22.735551534176967
              ],
              [
                147.4203073344326,
                -22.73407484522353
              ],
              [
                147.42151468864236,
                -22.730619650205817
              ],
              [
                147.42159131923404,
                -22.7306168851522
              ],
              [
                147.4217883112519,
                -22.730621405136866
              ],
              [
                147.42197261027138,
                -22.730655545122207
              ],
              [
                147.42216964429613,
                -22.73073684410629
              ],
              [
                147.42230949131647,
                -22.730824453094673
              ],
              [
                147.42241121133355,
                -22.730912329086056
              ],
              [
                147.42250660335412,
                -22.731047501077526
              ],
              [
                147.42255753237413,
                -22.731218422072168
              ],
              [
                147.422602110394,
                -22.73139529406724
              ],
              [
                147.42263400241657,
                -22.731613600062946
              ],
              [
                147.42264679943207,
                -22.731772977060615
              ],
              [
                147.4226468994487,
                -22.73195606905916
              ],
              [
                147.42259617546284,
                -22.73216314406138
              ],
              [
                147.4225009864759,
                -22.73240006306682
              ],
              [
                147.42236135649185,
                -22.732714076075137
              ],
              [
                147.42199845450904,
                -22.733260988098845
              ],
              [
                147.42184068551373,
                -22.733467832109394
              ],
              [
                147.42168829552054,
                -22.733693341119356
              ],
              [
                147.42159306552713,
                -22.73385938512541
              ],
              [
                147.42144071053983,
                -22.734149862134892
              ],
              [
                147.42129470555264,
                -22.734434388143878
              ],
              [
                147.42119314856345,
                -22.734653632149982
              ],
              [
                147.42107889657578,
                -22.734902497156817
              ],
              [
                147.4209646425875,
                -22.73514545616369
              ],
              [
                147.42084402959827,
                -22.735382553171146
              ],
              [
                147.42076151260702,
                -22.735560319176074
              ],
              [
                147.42075399552215,
                -22.735583699082145
              ],
              [
                147.42075034060528,
                -22.735551534176967
              ]
            ]
          ]
        ]
      }
    },
    {
      "type": "Feature",
      "id": "bathampton-young-alluvium",
      "properties": {
        "name": "Bathampton open young-alluvium target",
        "area": "Bathampton",
        "priority": "5",
        "confidence": "moderate-high regional; moderate local",
        "basis": "Mapped Quaternary alluvium on open GPA ground. Bathampton has documented historical production and small to medium-scale alluvial mining in the 1980s and early 1990s, but the exact modern workings footprint is unresolved.",
        "legal_status": "Clipped against current granted and applied ML and MC geometry. Do not excavate at the toe of stream banks or in gullies.",
        "licence_required": true,
        "same_day_tenure_check": true,
        "state_forest_conditions": "Daylight only; hand tools and metal detectors only; no excavation at toe of stream bank or in a gully; keep 10 m from infrastructure; follow signs and closures.",
        "source_date": "2026-08-25",
        "source_crs": "GDA2020 / MGA zone 55; exported as WGS84 longitude/latitude",
        "fill": "#3288bd",
        "stroke": "#08519c",
        "fill_opacity": 0.43,
        "nearby_named_drainage": [
          "Bath Creek",
          "Sandy Creek"
        ],
        "drainage_interpretation": "Named drainage is source-to-trap context only. Target benches, shallow residual wash and permitted margins, not active channels, gullies or stream-bank toes."
      },
      "geometry": {
        "type": "MultiPolygon",
        "coordinates": [
          [
            [
              [
                147.590845316651,
                -22.76800883562871
              ],
              [
                147.5912818007338,
                -22.768492273590503
              ],
              [
                147.59165880080894,
                -22.768948718557173
              ],
              [
                147.59238011165675,
                -22.76999978566537
              ],
              [
                147.5921207119415,
                -22.769953345512725
              ],
              [
                147.5916318188915,
                -22.769881156551673
              ],
              [
                147.59115598083412,
                -22.76971481059036
              ],
              [
                147.5906678327659,
                -22.769442454630894
              ],
              [
                147.59015449369008,
                -22.769111144673918
              ],
              [
                147.58959046860653,
                -22.768744349721114
              ],
              [
                147.58879817149247,
                -22.768264969787193
              ],
              [
                147.58818313540922,
                -22.767950990838028
              ],
              [
                147.58761221733852,
                -22.76773134688461
              ],
              [
                147.58670563021317,
                -22.767239817959762
              ],
              [
                147.58623002815048,
                -22.767014585998854
              ],
              [
                147.5859380321191,
                -22.766954781022264
              ],
              [
                147.58570305509656,
                -22.766936369040856
              ],
              [
                147.5853918250677,
                -22.76692360006535
              ],
              [
                147.58498552902512,
                -22.766851654097827
              ],
              [
                147.58484129500872,
                -22.76681234610944
              ],
              [
                147.58459206998035,
                -22.76674442412953
              ],
              [
                147.58423692693427,
                -22.76658433115871
              ],
              [
                147.5838563968854,
                -22.766418269189906
              ],
              [
                147.58341238682974,
                -22.76624022722615
              ],
              [
                147.58285427775797,
                -22.76599705827192
              ],
              [
                147.58225181367962,
                -22.765724308321367
              ],
              [
                147.5814655755741,
                -22.765333218386246
              ],
              [
                147.58127383191493,
                -22.7652143960838
              ],
              [
                147.5815147995363,
                -22.763833766992608
              ],
              [
                147.58190874549666,
                -22.764051224362024
              ],
              [
                147.58228931054452,
                -22.76420551733096
              ],
              [
                147.58255377857384,
                -22.764269970309687
              ],
              [
                147.5826320295825,
                -22.764289041303385
              ],
              [
                147.58286675761093,
                -22.764372217284272
              ],
              [
                147.58317118564992,
                -22.764502714259386
              ],
              [
                147.58349473768885,
                -22.764615610233054
              ],
              [
                147.58409744176137,
                -22.764823597184094
              ],
              [
                147.58464935182877,
                -22.7650255311392
              ],
              [
                147.58515690588956,
                -22.76519788509794
              ],
              [
                147.58527671090278,
                -22.765226402088352
              ],
              [
                147.58565830694494,
                -22.765317233057637
              ],
              [
                147.5863118600214,
                -22.765519486004724
              ],
              [
                147.5871238521211,
                -22.76582232493861
              ],
              [
                147.58782143721226,
                -22.766142456881276
              ],
              [
                147.58860119032093,
                -22.766574704816577
              ],
              [
                147.58891182636415,
                -22.766746421790785
              ],
              [
                147.58922228841172,
                -22.76696523476464
              ],
              [
                147.58973557248848,
                -22.767308321721554
              ],
              [
                147.5901919695533,
                -22.767574693683546
              ],
              [
                147.59062286625525,
                -22.76781753700978
              ],
              [
                147.590845316651,
                -22.76800883562871
              ]
            ]
          ],
          [
            [
              [
                147.5782936490677,
                -22.78480727547473
              ],
              [
                147.57890654859483,
                -22.784235634519966
              ],
              [
                147.57886678409457,
                -22.784544393431986
              ],
              [
                147.5787802221045,
                -22.784738901437205
              ],
              [
                147.57866460360438,
                -22.784967865966706
              ],
              [
                147.5782936490677,
                -22.78480727547473
              ]
            ]
          ]
        ]
      }
    },
    {
      "type": "Feature",
      "id": "bathampton-suttor-conglomeratic-cover",
      "properties": {
        "name": "Bathampton Suttor Formation reconnaissance target",
        "area": "Bathampton",
        "priority": "8",
        "confidence": "low-moderate",
        "basis": "Open GPA exposure of possible Paleocene to Eocene Suttor Formation, comprising fluvial quartz sandstone, clayey sandstone, mudstone and conglomerate. Potential older wash setting without direct gold recovery attached.",
        "legal_status": "Reconnaissance geology only. Recheck current tenure, access, signs and closures.",
        "licence_required": true,
        "same_day_tenure_check": true,
        "state_forest_conditions": "Daylight only; hand tools and metal detectors only; no excavation at toe of stream bank or in a gully; keep 10 m from infrastructure; follow signs and closures.",
        "source_date": "2026-08-25",
        "source_crs": "GDA2020 / MGA zone 55; exported as WGS84 longitude/latitude",
        "fill": "#c2a5cf",
        "stroke": "#7b3294",
        "fill_opacity": 0.34,
        "nearby_named_drainage": [],
        "drainage_interpretation": "Named drainage is source-to-trap context only. Target benches, shallow residual wash and permitted margins, not active channels, gullies or stream-bank toes."
      },
      "geometry": {
        "type": "MultiPolygon",
        "coordinates": [
          [
            [
              [
                147.58354379160875,
                -22.763687215236818
              ],
              [
                147.58426225172366,
                -22.76424835517587
              ],
              [
                147.5846764147855,
                -22.764523535141166
              ],
              [
                147.5851747768547,
                -22.76479725409979
              ],
              [
                147.58549518771943,
                -22.76495564739836
              ],
              [
                147.58527671090278,
                -22.765226402088352
              ],
              [
                147.58515690588956,
                -22.76519788509794
              ],
              [
                147.58464935182877,
                -22.7650255311392
              ],
              [
                147.58409744176137,
                -22.764823597184094
              ],
              [
                147.58349473768885,
                -22.764615610233054
              ],
              [
                147.58317118564992,
                -22.764502714259386
              ],
              [
                147.58286675761093,
                -22.764372217284272
              ],
              [
                147.5826320295825,
                -22.764289041303385
              ],
              [
                147.58255377857384,
                -22.764269970309687
              ],
              [
                147.58276607457887,
                -22.764118741294293
              ],
              [
                147.58324394658658,
                -22.763737605259923
              ],
              [
                147.5833991002851,
                -22.763539107186283
              ],
              [
                147.58354379160875,
                -22.763687215236818
              ]
            ]
          ],
          [
            [
              [
                147.5804093147136,
                -22.770167448487143
              ],
              [
                147.58127383191493,
                -22.7652143960838
              ],
              [
                147.5814655755741,
                -22.765333218386246
              ],
              [
                147.58225181367962,
                -22.765724308321367
              ],
              [
                147.58285427775797,
                -22.76599705827192
              ],
              [
                147.58341238682974,
                -22.76624022722615
              ],
              [
                147.5838563968854,
                -22.766418269189906
              ],
              [
                147.58423692693427,
                -22.76658433115871
              ],
              [
                147.58459206998035,
                -22.76674442412953
              ],
              [
                147.58484129500872,
                -22.76681234610944
              ],
              [
                147.58478767103006,
                -22.76709828511129
              ],
              [
                147.58469096705576,
                -22.767474759115768
              ],
              [
                147.58453713407536,
                -22.767839276124814
              ],
              [
                147.58424349908356,
                -22.768215120144774
              ],
              [
                147.58396903009074,
                -22.768561588163468
              ],
              [
                147.58375169010407,
                -22.768920013177496
              ],
              [
                147.58353459211168,
                -22.769213679192106
              ],
              [
                147.58336180712686,
                -22.76954869820293
              ],
              [
                147.58333493215991,
                -22.769937170201846
              ],
              [
                147.58344797220158,
                -22.770284880190108
              ],
              [
                147.58363082625112,
                -22.77065047617273
              ],
              [
                147.58367407528456,
                -22.770974413166726
              ],
              [
                147.58360302130663,
                -22.77128621016973
              ],
              [
                147.58323956230697,
                -22.771644166195276
              ],
              [
                147.5826417822687,
                -22.77180708924083
              ],
              [
                147.5823648209583,
                -22.77188161196509
              ],
              [
                147.5804093147136,
                -22.770167448487143
              ]
            ]
          ]
        ]
      }
    },
    {
      "type": "Feature",
      "id": "bathampton-current-tenure-exclusion",
      "properties": {
        "name": "Bathampton current tenure exclusion",
        "area": "Bathampton",
        "priority": "EXCLUDE",
        "confidence": "high",
        "basis": "Current ML 100475 application geometry intersecting the official GPA at extraction.",
        "legal_status": "No fossicking without written applicant permission.",
        "licence_required": true,
        "same_day_tenure_check": true,
        "state_forest_conditions": "Daylight only; hand tools and metal detectors only; no excavation at toe of stream bank or in a gully; keep 10 m from infrastructure; follow signs and closures.",
        "source_date": "2026-08-25",
        "source_crs": "GDA2020 / MGA zone 55; exported as WGS84 longitude/latitude",
        "fill": "#542788",
        "stroke": "#2d004b",
        "fill_opacity": 0.68,
        "nearby_named_drainage": [
          "Bath Creek"
        ],
        "drainage_interpretation": "Named drainage is source-to-trap context only. Target benches, shallow residual wash and permitted margins, not active channels, gullies or stream-bank toes."
      },
      "geometry": {
        "type": "Polygon",
        "coordinates": [
          [
            [
              147.5804093147136,
              -22.770167448487143
            ],
            [
              147.58687292401171,
              -22.7758330788759
            ],
            [
              147.5889229246034,
              -22.78032307867822
            ],
            [
              147.58891295073622,
              -22.78178928066697
            ],
            [
              147.58060652399806,
              -22.781789314318228
            ],
            [
              147.5791058167386,
              -22.780405818447278
            ],
            [
              147.5785320547346,
              -22.780921607487965
            ],
            [
              147.5804093147136,
              -22.770167448487143
            ]
          ]
        ]
      }
    },
    {
      "type": "Feature",
      "id": "flat-diggings-permian-margin",
      "properties": {
        "name": "Flat Diggings Permian margin and high-level wash",
        "area": "Flat Diggings",
        "priority": "7",
        "confidence": "moderate",
        "basis": "Open GPA ground within 100 m of the mapped Blair Athol Coal Measures to metamorphic contact, combined with the adjacent mapped high-level alluvial remnant. No direct gold field observation was identified in this pass.",
        "legal_status": "Inside official GPA with no current ML or MC intersection returned at extraction.",
        "licence_required": true,
        "same_day_tenure_check": true,
        "state_forest_conditions": "Daylight only; hand tools and metal detectors only; no excavation at toe of stream bank or in a gully; keep 10 m from infrastructure; follow signs and closures.",
        "source_date": "2026-08-25",
        "source_crs": "GDA2020 / MGA zone 55; exported as WGS84 longitude/latitude",
        "fill": "#f46d43",
        "stroke": "#a63603",
        "fill_opacity": 0.4,
        "nearby_named_drainage": [
          "Bath Creek",
          "Hurley Creek"
        ],
        "drainage_interpretation": "Named drainage is source-to-trap context only. Target benches, shallow residual wash and permitted margins, not active channels, gullies or stream-bank toes."
      },
      "geometry": {
        "type": "Polygon",
        "coordinates": [
          [
            [
              147.52167694293013,
              -22.750645413186604
            ],
            [
              147.52227659532502,
              -22.75078795631714
            ],
            [
              147.52239276454284,
              -22.75115343251943
            ],
            [
              147.52244218014476,
              -22.75127921073109
            ],
            [
              147.5225014083016,
              -22.751375619385108
            ],
            [
              147.5225406463767,
              -22.75141039298008
            ],
            [
              147.52263860629063,
              -22.75145624405695
            ],
            [
              147.52283760539612,
              -22.751494444013133
            ],
            [
              147.52317772017204,
              -22.751484596896216
            ],
            [
              147.52419878697148,
              -22.75128753884752
            ],
            [
              147.5242932066362,
              -22.751273759229072
            ],
            [
              147.52431535040114,
              -22.7512725688076
            ],
            [
              147.52445153123628,
              -22.751304937964324
            ],
            [
              147.52482134209617,
              -22.752983919875454
            ],
            [
              147.52482134209617,
              -22.752983919875454
            ],
            [
              147.52487367444792,
              -22.75322151091562
            ],
            [
              147.52374029583015,
              -22.753103769549437
            ],
            [
              147.52374029583015,
              -22.753103769549437
            ],
            [
              147.5213579277422,
              -22.75285624960571
            ],
            [
              147.52133604618,
              -22.75283867940819
            ],
            [
              147.521300171391,
              -22.752809917423495
            ],
            [
              147.52129991539394,
              -22.75280966752109
            ],
            [
              147.52129963440467,
              -22.75280944189544
            ],
            [
              147.52105275321574,
              -22.752590648896177
            ],
            [
              147.5210212994591,
              -22.75255989689715
            ],
            [
              147.52098970362758,
              -22.752529270442505
            ],
            [
              147.52098841155146,
              -22.752527742722407
            ],
            [
              147.52098697075266,
              -22.75252633406749
            ],
            [
              147.52095891842797,
              -22.752492870741605
            ],
            [
              147.52093071144435,
              -22.752459519440432
            ],
            [
              147.5209295870443,
              -22.75245788161638
            ],
            [
              147.52092830205459,
              -22.75245634876401
            ],
            [
              147.52090392131961,
              -22.752420496385557
            ],
            [
              147.5208793748302,
              -22.752384741432685
            ],
            [
              147.52070896690452,
              -22.752107354539362
            ],
            [
              147.52069349963463,
              -22.752079030224255
            ],
            [
              147.52067718728009,
              -22.7520511167029
            ],
            [
              147.5206719169879,
              -22.75203950715116
            ],
            [
              147.5206657804395,
              -22.752028269634366
            ],
            [
              147.5206533810358,
              -22.751998675603254
            ],
            [
              147.52064009720252,
              -22.75196941356254
            ],
            [
              147.52055206244685,
              -22.751745330051392
            ],
            [
              147.52054302239455,
              -22.751718257488708
            ],
            [
              147.52053295414086,
              -22.75169149888394
            ],
            [
              147.5204141932182,
              -22.751317853281375
            ],
            [
              147.52028775079032,
              -22.75108782289743
            ],
            [
              147.5200914572426,
              -22.75088815812999
            ],
            [
              147.52008387942573,
              -22.750879646274143
            ],
            [
              147.520075645976,
              -22.75087167543293
            ],
            [
              147.52005346457796,
              -22.75084548248869
            ],
            [
              147.52003060013624,
              -22.750819799757895
            ],
            [
              147.520023958358,
              -22.75081063999443
            ],
            [
              147.52001660692906,
              -22.750801959037382
            ],
            [
              147.51979542866766,
              -22.75051260296017
            ],
            [
              147.51977575372342,
              -22.75048398350055
            ],
            [
              147.51975537391345,
              -22.750455791544166
            ],
            [
              147.5197500714589,
              -22.750446625683498
            ],
            [
              147.51974404189818,
              -22.750437854988032
            ],
            [
              147.51972748624087,
              -22.750407584698547
            ],
            [
              147.51971018393223,
              -22.750377675774615
            ],
            [
              147.51970587567095,
              -22.750368072006296
            ],
            [
              147.51970080204356,
              -22.750358795399414
            ],
            [
              147.51968752510933,
              -22.750327165802116
            ],
            [
              147.5196734669289,
              -22.750295827952613
            ],
            [
              147.51949742646522,
              -22.749841771928192
            ],
            [
              147.519485933851,
              -22.74980683217849
            ],
            [
              147.51947379205663,
              -22.749772081818687
            ],
            [
              147.51947199361635,
              -22.74976445116761
            ],
            [
              147.5194695362383,
              -22.749756980259836
            ],
            [
              147.51946179141717,
              -22.749721163962416
            ],
            [
              147.5194533805257,
              -22.749685477126086
            ],
            [
              147.51937881826439,
              -22.749273021642438
            ],
            [
              147.51937377813107,
              -22.749233261759713
            ],
            [
              147.5193683304763,
              -22.749193548139704
            ],
            [
              147.51936819893965,
              -22.749189249402768
            ],
            [
              147.51936765752373,
              -22.74918497835379
            ],
            [
              147.51936684347982,
              -22.749144951726183
            ],
            [
              147.5193656189855,
              -22.74910493409066
            ],
            [
              147.51936949615046,
              -22.748931360906976
            ],
            [
              147.51944601458158,
              -22.74898820337459
            ],
            [
              147.52167694293013,
              -22.750645413186604
            ]
          ]
        ]
      }
    },
    {
      "type": "Feature",
      "id": "brigalow-current-tenure-exclusion",
      "properties": {
        "name": "Brigalow current-tenure exclusion",
        "area": "Brigalow",
        "priority": "exclusion",
        "confidence": "current-tenure geometry",
        "basis": "Current ML and MC overlap within the official GPA, including ML 100339 application and granted ML 100301 and ML 100345.",
        "legal_status": "Prohibited without written consent of the relevant holder or applicant. Recheck current tenure before entry.",
        "licence_required": true,
        "same_day_tenure_check": true,
        "source_date": "2026-08-25",
        "source_crs": "GDA2020 / MGA zone 55; exported as WGS84 longitude/latitude",
        "fill": "#542788",
        "stroke": "#2d004b",
        "fill_opacity": 0.65
      },
      "geometry": {
        "type": "MultiPolygon",
        "coordinates": [
          [
            [
              [
                147.46576739359904,
                -22.63510765072385
              ],
              [
                147.46501588374286,
                -22.638408557530965
              ],
              [
                147.46166290025116,
                -22.63624308981001
              ],
              [
                147.46060086212233,
                -22.635855001895905
              ],
              [
                147.46046925686912,
                -22.635107301746544
              ],
              [
                147.46576739359904,
                -22.63510765072385
              ]
            ]
          ],
          [
            [
              [
                147.46921290183366,
                -22.64637308913843
              ],
              [
                147.46888290184978,
                -22.646873089160025
              ],
              [
                147.46850290189124,
                -22.647703089182805
              ],
              [
                147.46377290134518,
                -22.64628308956304
              ],
              [
                147.46377290089848,
                -22.64134308960371
              ],
              [
                147.4697029016454,
                -22.64381308912129
              ],
              [
                147.46960290183827,
                -22.646043089110726
              ],
              [
                147.46921290183366,
                -22.64637308913843
              ]
            ]
          ],
          [
            [
              [
                147.45256940932376,
                -22.645926809438528
              ],
              [
                147.45358223064386,
                -22.637413447429687
              ],
              [
                147.45567289976682,
                -22.63673309027252
              ],
              [
                147.45690290006885,
                -22.63887309015913
              ],
              [
                147.4562629000647,
                -22.639453090204192
              ],
              [
                147.4564032185704,
                -22.644910229148376
              ],
              [
                147.45256940932376,
                -22.645926809438528
              ]
            ]
          ]
        ]
      }
    },
    {
      "type": "Feature",
      "id": "mcmasters-current-tenure-exclusion",
      "properties": {
        "name": "McMasters current-tenure exclusion",
        "area": "McMasters",
        "priority": "exclusion",
        "confidence": "current-tenure geometry",
        "basis": "Current ML and MC overlap within the official GPA, including coal and gold ML applications and granted gold leases.",
        "legal_status": "Prohibited without written consent of the relevant holder or applicant. Recheck current tenure before entry.",
        "licence_required": true,
        "same_day_tenure_check": true,
        "source_date": "2026-08-25",
        "source_crs": "GDA2020 / MGA zone 55; exported as WGS84 longitude/latitude",
        "fill": "#542788",
        "stroke": "#2d004b",
        "fill_opacity": 0.65
      },
      "geometry": {
        "type": "MultiPolygon",
        "coordinates": [
          [
            [
              [
                147.48233927788212,
                -22.589887721580123
              ],
              [
                147.48542480919227,
                -22.590314037336007
              ],
              [
                147.48233927788212,
                -22.589887722580126
              ],
              [
                147.48233927788212,
                -22.589887721580123
              ]
            ]
          ],
          [
            [
              [
                147.47986824549932,
                -22.610174487605747
              ],
              [
                147.48233927788212,
                -22.589887722580126
              ],
              [
                147.4798682484993,
                -22.610174491605772
              ],
              [
                147.4798682450278,
                -22.61017449106523
              ],
              [
                147.47986824549932,
                -22.610174487605747
              ]
            ]
          ],
          [
            [
              [
                147.47935838124752,
                -22.61391521979572
              ],
              [
                147.51077047317023,
                -22.631675184017364
              ],
              [
                147.52407070636295,
                -22.631892734976528
              ],
              [
                147.52412788678006,
                -22.646963845570017
              ],
              [
                147.52182221754595,
                -22.64712442302684
              ],
              [
                147.51913817816464,
                -22.64553174224969
              ],
              [
                147.51365602374526,
                -22.6462425426721
              ],
              [
                147.5086625353558,
                -22.646808196057446
              ],
              [
                147.5074601814449,
                -22.64896313713356
              ],
              [
                147.50700702366066,
                -22.651784940145728
              ],
              [
                147.50511079872553,
                -22.65434837927272
              ],
              [
                147.5027933275259,
                -22.654403468453204
              ],
              [
                147.5017878854093,
                -22.654095901534227
              ],
              [
                147.50139642728192,
                -22.6538503928334
              ],
              [
                147.5011471861437,
                -22.653359134975602
              ],
              [
                147.50304805647897,
                -22.653637824439596
              ],
              [
                147.5048124143246,
                -22.650214372330026
              ],
              [
                147.50243916201177,
                -22.649074559524692
              ],
              [
                147.50075192736278,
                -22.652580074249997
              ],
              [
                147.4965087460482,
                -22.64421670302756
              ],
              [
                147.47748728686975,
                -22.627644569647646
              ],
              [
                147.4774870656808,
                -22.627644541577368
              ],
              [
                147.47935838124752,
                -22.61391521979572
              ]
            ]
          ],
          [
            [
              [
                147.47748433507817,
                -22.627664575249263
              ],
              [
                147.48219295065834,
                -22.63177307024672
              ],
              [
                147.47692379740928,
                -22.63177708420499
              ],
              [
                147.47748433507817,
                -22.627664575249263
              ]
            ]
          ],
          [
            [
              [
                147.4846329032878,
                -22.647398222317683
              ],
              [
                147.48463290207806,
                -22.634033088037857
              ],
              [
                147.4965087460482,
                -22.64421670302756
              ],
              [
                147.49838290458285,
                -22.648293086847698
              ],
              [
                147.4867080953056,
                -22.64827610621944
              ],
              [
                147.4846329032878,
                -22.647398222317683
              ]
            ]
          ],
          [
            [
              [
                147.49967046107776,
                -22.652501121712618
              ],
              [
                147.4944043612895,
                -22.648932232152976
              ],
              [
                147.49116411511466,
                -22.650161169395624
              ],
              [
                147.48729968854488,
                -22.64852637230407
              ],
              [
                147.49854606262318,
                -22.648579600832665
              ],
              [
                147.500619463289,
                -22.65285529071823
              ],
              [
                147.50047587345568,
                -22.653153622829578
              ],
              [
                147.5000337799105,
                -22.652853022098167
              ],
              [
                147.49967046107776,
                -22.652501121712618
              ]
            ]
          ],
          [
            [
              [
                147.50084210102182,
                -22.653314405986194
              ],
              [
                147.50090593527253,
                -22.653446042608394
              ],
              [
                147.5006766658877,
                -22.653290151291912
              ],
              [
                147.50084210102182,
                -22.653314405986194
              ]
            ]
          ],
          [
            [
              [
                147.5242009602066,
                -22.64695875639902
              ],
              [
                147.52419290619818,
                -22.64098308489216
              ],
              [
                147.52423126171252,
                -22.641038426404396
              ],
              [
                147.52422863221116,
                -22.641092097888443
              ],
              [
                147.5255617645021,
                -22.64300273376853
              ],
              [
                147.52608680933884,
                -22.64361139430588
              ],
              [
                147.52736290685885,
                -22.645183084609783
              ],
              [
                147.5281620625593,
                -22.64587622967628
              ],
              [
                147.5283121690189,
                -22.646023116528657
              ],
              [
                147.5291924953659,
                -22.64639906106809
              ],
              [
                147.52961626811086,
                -22.646581609339798
              ],
              [
                147.5242009602066,
                -22.64695875639902
              ]
            ]
          ],
          [
            [
              [
                147.53133651573876,
                -22.59589564770501
              ],
              [
                147.5313365355512,
                -22.595895693784453
              ],
              [
                147.51627554024816,
                -22.594075231896962
              ],
              [
                147.53133651573876,
                -22.59589564770501
              ]
            ]
          ],
          [
            [
              [
                147.49688677672765,
                -22.618224776211992
              ],
              [
                147.50027646041522,
                -22.611475103003
              ],
              [
                147.5054992171613,
                -22.614631749569263
              ],
              [
                147.50778146452936,
                -22.616474755375908
              ],
              [
                147.5091585187554,
                -22.617630655258857
              ],
              [
                147.5055309209048,
                -22.62280901049948
              ],
              [
                147.49688677672765,
                -22.618224776211992
              ]
            ]
          ]
        ]
      }
    },
    {
      "type": "Feature",
      "id": "brigalow-field-site-13803-alluvial-au",
      "properties": {
        "name": "Brigalow field-site 13803 alluvial-gold sector",
        "area": "Brigalow",
        "priority": "1",
        "confidence": "high",
        "basis": "A 250 m search radius around Queensland field site 13803, whose creek exposure abstract explicitly records ALLUVIAL AU, clipped to the current open GPA after ML and MC exclusions.",
        "legal_status": "Indicative open GPA prospectivity only. Recheck current tenure, access, signs, gates and closures before entry.",
        "licence_required": true,
        "same_day_tenure_check": true,
        "state_forest_conditions": "Daylight only; hand tools and metal detectors only; no excavation at toe of stream bank or in a gully; keep 10 m from infrastructure; follow signs, gates and closures.",
        "source_date": "2026-08-25",
        "source_crs": "GDA2020 / MGA zone 55; exported as WGS84 longitude/latitude",
        "area_ha": 10.705,
        "centre_lat": -22.646814756946988,
        "centre_lon": 147.4738001537936,
        "fill": "#f46d43",
        "stroke": "#a50026",
        "fill_opacity": 0.55,
        "nearby_named_drainage": [
          "Brigalow Creek"
        ],
        "drainage_interpretation": "Named drainage is source-to-trap context only. Target benches, shallow residual wash and permitted margins, not active channels, gullies or stream-bank toes."
      },
      "geometry": {
        "type": "Polygon",
        "coordinates": [
          [
            [
              147.47450023665553,
              -22.649165215020776
            ],
            [
              147.47426393258834,
              -22.649133394541224
            ],
            [
              147.47403212684182,
              -22.649080228634414
            ],
            [
              147.47380705193234,
              -22.64900622933924
            ],
            [
              147.47359087554284,
              -22.64891210934014
            ],
            [
              147.47338567964363,
              -22.64879877510233
            ],
            [
              147.47319344043873,
              -22.648667318140586
            ],
            [
              147.473016009332,
              -22.6485190045057
            ],
            [
              147.4728550950958,
              -22.64835526258979
            ],
            [
              147.47271224741397,
              -22.648177669368213
            ],
            [
              147.4725888419578,
              -22.64798793521046
            ],
            [
              147.47248606713876,
              -22.647787887406402
            ],
            [
              147.47240491266547,
              -22.647579452566767
            ],
            [
              147.4723461600148,
              -22.647364638067227
            ],
            [
              147.47231037490917,
              -22.647145512714946
            ],
            [
              147.47229790187205,
              -22.646924186823888
            ],
            [
              147.47230886091415,
              -22.6467027918906
            ],
            [
              147.4723431463818,
              -22.646483460066527
            ],
            [
              147.47240042797904,
              -22.646268303624318
            ],
            [
              147.47248015395235,
              -22.64605939461594
            ],
            [
              147.47258155640853,
              -22.64585874491859
            ],
            [
              147.47270365871307,
              -22.645668286860392
            ],
            [
              147.4728452848987,
              -22.645489854612432
            ],
            [
              147.47300507099257,
              -22.64532516652646
            ],
            [
              147.47318147815346,
              -22.645175808588025
            ],
            [
              147.47337280749227,
              -22.64504321914453
            ],
            [
              147.47357721643274,
              -22.644928675055162
            ],
            [
              147.47379273645558,
              -22.644833279395886
            ],
            [
              147.47401729205419,
              -22.644757950838066
            ],
            [
              147.4742487207205,
              -22.64470341480265
            ],
            [
              147.47448479376754,
              -22.644670196475367
            ],
            [
              147.47472323778956,
              -22.644658615749844
            ],
            [
              147.47496175655166,
              -22.644668784147555
            ],
            [
              147.47519102572952,
              -22.644699657441222
            ],
            [
              147.47462101477092,
              -22.649170363895358
            ],
            [
              147.47450023665553,
              -22.649165215020776
            ]
          ]
        ]
      }
    },
    {
      "type": "Feature",
      "id": "mcmasters-northern-observed-wash",
      "properties": {
        "name": "McMasters northern observed older-wash sectors",
        "area": "McMasters",
        "priority": "2",
        "confidence": "moderate",
        "basis": "Mapped open high-level or residual wash within 250 m of field sites recording gravel scraping, silicified conglomerate, ferruginised sandstone/conglomerate or cobble-to-boulder conglomerate, with 75 m observation cores. No gold occurrence is recorded at these sites.",
        "legal_status": "Indicative open GPA prospectivity only. Recheck current tenure, access, signs, gates and closures before entry.",
        "licence_required": true,
        "same_day_tenure_check": true,
        "state_forest_conditions": "Daylight only; hand tools and metal detectors only; no excavation at toe of stream bank or in a gully; keep 10 m from infrastructure; follow signs, gates and closures.",
        "source_date": "2026-08-25",
        "source_crs": "GDA2020 / MGA zone 55; exported as WGS84 longitude/latitude",
        "area_ha": 42.962,
        "centre_lat": -22.611855291231866,
        "centre_lon": 147.52303149943162,
        "fill": "#f46d43",
        "stroke": "#a50026",
        "fill_opacity": 0.55,
        "nearby_named_drainage": [],
        "drainage_interpretation": "Named drainage is source-to-trap context only. Target benches, shallow residual wash and permitted margins, not active channels, gullies or stream-bank toes."
      },
      "geometry": {
        "type": "MultiPolygon",
        "coordinates": [
          [
            [
              [
                147.52724985043892,
                -22.624733479058612
              ],
              [
                147.5270446483004,
                -22.624620213290562
              ],
              [
                147.52685239352616,
                -22.624488820577618
              ],
              [
                147.5266749376703,
                -22.624340566351695
              ],
              [
                147.5265139897437,
                -22.62417687843267
              ],
              [
                147.52637109975507,
                -22.623999333275865
              ],
              [
                147.5262476437834,
                -22.623809640787865
              ],
              [
                147.52614481072712,
                -22.623609627857316
              ],
              [
                147.526063590856,
                -22.623401220759213
              ],
              [
                147.52600476627705,
                -22.623186426602206
              ],
              [
                147.52596890340567,
                -22.622967313997766
              ],
              [
                147.5259563475145,
                -22.622745993137276
              ],
              [
                147.5259672194123,
                -22.622524595469113
              ],
              [
                147.52600141428493,
                -22.6223052531713
              ],
              [
                147.52605860270882,
                -22.62209007861762
              ],
              [
                147.52613823382785,
                -22.621881144034734
              ],
              [
                147.52623954066215,
                -22.621680461546358
              ],
              [
                147.52636154749806,
                -22.621489963796606
              ],
              [
                147.52650307928744,
                -22.621311485339014
              ],
              [
                147.5266627729663,
                -22.62114674497049
              ],
              [
                147.52683909058314,
                -22.620997329180156
              ],
              [
                147.5270303341109,
                -22.62086467687263
              ],
              [
                147.52723466179935,
                -22.620750065512485
              ],
              [
                147.52745010591138,
                -22.620654598823467
              ],
              [
                147.52767459167111,
                -22.6205791961609
              ],
              [
                147.5279059572427,
                -22.62052458365924
              ],
              [
                147.52814197454657,
                -22.620491287240434
              ],
              [
                147.52838037071353,
                -22.62047962754994
              ],
              [
                147.52861884996943,
                -22.62048971686948
              ],
              [
                147.52885511574058,
                -22.620521458035885
              ],
              [
                147.52908689276657,
                -22.62057454537684
              ],
              [
                147.5293119490083,
                -22.62064846765411
              ],
              [
                147.52952811713985,
                -22.620742512986297
              ],
              [
                147.52973331541742,
                -22.62085577570334
              ],
              [
                147.52992556772497,
                -22.620987165067312
              ],
              [
                147.52999398447702,
                -22.62104432231203
              ],
              [
                147.52906061820798,
                -22.62308280399196
              ],
              [
                147.52818849774528,
                -22.624987524191194
              ],
              [
                147.52815914335736,
                -22.624986282316748
              ],
              [
                147.52792287007134,
                -22.624954540285415
              ],
              [
                147.52769108607566,
                -22.62490145142313
              ],
              [
                147.52746602367736,
                -22.62482752702657
              ],
              [
                147.52724985043892,
                -22.624733479058612
              ]
            ]
          ],
          [
            [
              [
                147.5217328080362,
                -22.619439595629796
              ],
              [
                147.52157311030345,
                -22.61960433120016
              ],
              [
                147.52139678861298,
                -22.61975374130342
              ],
              [
                147.52120554104692,
                -22.61988638698748
              ],
              [
                147.52100120945357,
                -22.62000099075221
              ],
              [
                147.52078576170803,
                -22.620096448854447
              ],
              [
                147.52058171319263,
                -22.620164977158804
              ],
              [
                147.52088288198672,
                -22.61981569832508
              ],
              [
                147.5213469699942,
                -22.61944761129188
              ],
              [
                147.5219615400046,
                -22.618964525247804
              ],
              [
                147.52211237064725,
                -22.618831366258778
              ],
              [
                147.52209766564243,
                -22.618869946557854
              ],
              [
                147.52199635470944,
                -22.619070626575713
              ],
              [
                147.52187434384882,
                -22.6192611211366
              ],
              [
                147.5217328080362,
                -22.619439595629796
              ]
            ]
          ],
          [
            [
              [
                147.52052219682426,
                -22.61827008734672
              ],
              [
                147.5204918030085,
                -22.61833029107522
              ],
              [
                147.52045519934526,
                -22.61838743912308
              ],
              [
                147.52041273834283,
                -22.61844098111939
              ],
              [
                147.5203648289207,
                -22.61849040142113
              ],
              [
                147.52031193247151,
                -22.618535224079203
              ],
              [
                147.5202545584177,
                -22.618575017422327
              ],
              [
                147.52019325930544,
                -22.618609398214364
              ],
              [
                147.5201286254832,
                -22.618638035345352
              ],
              [
                147.52006127941627,
                -22.618660653020342
              ],
              [
                147.5199918696916,
                -22.618677033415686
              ],
              [
                147.51992106477164,
                -22.61868701877686
              ],
              [
                147.51984954655603,
                -22.618690512937807
              ],
              [
                147.5197780038143,
                -22.6186874822472
              ],
              [
                147.5197071255522,
                -22.61867795589245
              ],
              [
                147.51963759437592,
                -22.61866202561871
              ],
              [
                147.5195700799177,
                -22.618639844845198
              ],
              [
                147.51950523238668,
                -22.61861162718761
              ],
              [
                147.5194436763066,
                -22.61857764440087
              ],
              [
                147.5193860045012,
                -22.618538223761714
              ],
              [
                147.51933277238467,
                -22.618493744916815
              ],
              [
                147.51928449261263,
                -22.618444636226286
              ],
              [
                147.519241630145,
                -22.618391370638296
              ],
              [
                147.51920459776807,
                -22.618334461134037
              ],
              [
                147.5191737521194,
                -22.6182744557873
              ],
              [
                147.51914939025323,
                -22.618211932486094
              ],
              [
                147.51913174678003,
                -22.618147493367047
              ],
              [
                147.51912099160734,
                -22.618081759016505
              ],
              [
                147.51911722830374,
                -22.618015362493715
              ],
              [
                147.51912049310192,
                -22.617948943234175
              ],
              [
                147.51913075455002,
                -22.617883140891422
              ],
              [
                147.51914791381492,
                -22.617818589176874
              ],
              [
                147.5191718056345,
                -22.617755909756845
              ],
              [
                147.51920219990953,
                -22.617695706265664
              ],
              [
                147.51923880391988,
                -22.61763855849246
              ],
              [
                147.51928126514395,
                -22.617585016797566
              ],
              [
                147.51932917465376,
                -22.617535596812413
              ],
              [
                147.51938207105323,
                -22.617490774473954
              ],
              [
                147.51943944492186,
                -22.61745098144117
              ],
              [
                147.51950074372058,
                -22.617416600938284
              ],
              [
                147.51956537711303,
                -22.617387964064143
              ],
              [
                147.5196327226504,
                -22.617365346603822
              ],
              [
                147.51970213176608,
                -22.61734896637272
              ],
              [
                147.51977293602104,
                -22.617338981119055
              ],
              [
                147.51984445354114,
                -22.617335487004752
              ],
              [
                147.5199159955837,
                -22.617338517679343
              ],
              [
                147.5199868731697,
                -22.61734804395602
              ],
              [
                147.52005640371902,
                -22.61736397409266
              ],
              [
                147.5201239176235,
                -22.617386154675284
              ],
              [
                147.5201887646953,
                -22.617414372095542
              ],
              [
                147.52025032042823,
                -22.617448354607635
              ],
              [
                147.520307992012,
                -22.617487774945385
              ],
              [
                147.52036122404087,
                -22.617532253473698
              ],
              [
                147.52040950386262,
                -22.617581361844614
              ],
              [
                147.52045236651543,
                -22.617634627122257
              ],
              [
                147.52048939920584,
                -22.61769153633736
              ],
              [
                147.52052024528433,
                -22.617751541427246
              ],
              [
                147.52054460768005,
                -22.61781406451379
              ],
              [
                147.52056225176224,
                -22.617878503468585
              ],
              [
                147.52057300759995,
                -22.61794423771163
              ],
              [
                147.52057677159902,
                -22.618010634187772
              ],
              [
                147.52057350750005,
                -22.618077053463335
              ],
              [
                147.52056324672805,
                -22.61814285588414
              ],
              [
                147.5205460880901,
                -22.61820740773581
              ],
              [
                147.52052219682426,
                -22.61827008734672
              ]
            ]
          ],
          [
            [
              [
                147.52988614680217,
                -22.61508991643373
              ],
              [
                147.52974326219763,
                -22.614912373983362
              ],
              [
                147.5296198100455,
                -22.61472268380968
              ],
              [
                147.52951697920736,
                -22.614522672779053
              ],
              [
                147.52943575993163,
                -22.614314267148135
              ],
              [
                147.5293769343197,
                -22.614099474011464
              ],
              [
                147.529341068797,
                -22.613880361970686
              ],
              [
                147.52932850866173,
                -22.613659041211765
              ],
              [
                147.52933937476362,
                -22.613437643182102
              ],
              [
                147.52937356234432,
                -22.61321830006323
              ],
              [
                147.52943074205064,
                -22.613003124236855
              ],
              [
                147.52951036311038,
                -22.61279418794193
              ],
              [
                147.52961165864062,
                -22.61259350331867
              ],
              [
                147.52973365303654,
                -22.61240300303179
              ],
              [
                147.52974873753158,
                -22.612383978631808
              ],
              [
                147.52982672111446,
                -22.612532884686022
              ],
              [
                147.52995593415213,
                -22.61282326667354
              ],
              [
                147.52999884816697,
                -22.612945162669163
              ],
              [
                147.53044134021357,
                -22.61302877763394
              ],
              [
                147.53084001225832,
                -22.613135314601866
              ],
              [
                147.53117687398193,
                -22.613246231506725
              ],
              [
                147.5311952473447,
                -22.61322305892936
              ],
              [
                147.53124315104287,
                -22.613173635470186
              ],
              [
                147.53129604185818,
                -22.61312880928544
              ],
              [
                147.5313534104238,
                -22.613089012071136
              ],
              [
                147.53141470425177,
                -22.613054627091778
              ],
              [
                147.5314793330535,
                -22.61302598548932
              ],
              [
                147.53154667442456,
                -22.61300336309437
              ],
              [
                147.53161607983824,
                -22.612986977769847
              ],
              [
                147.5316868808913,
                -22.612976987313026
              ],
              [
                147.53175839574044,
                -22.612973487935907
              ],
              [
                147.5318299356686,
                -22.612976513338733
              ],
              [
                147.53190081171726,
                -22.612986034385447
              ],
              [
                147.53197034132097,
                -22.61300195938429
              ],
              [
                147.53203785488077,
                -22.61302413497076
              ],
              [
                147.53210270221206,
                -22.613052347584617
              ],
              [
                147.53216425880623,
                -22.613086325526346
              ],
              [
                147.53222193184465,
                -22.61312574157378
              ],
              [
                147.53227516590763,
                -22.613170216133135
              ],
              [
                147.53232344832333,
                -22.613219320894686
              ],
              [
                147.5323663141049,
                -22.613272582957308
              ],
              [
                147.53240335042886,
                -22.6133294893827
              ],
              [
                147.53243420061065,
                -22.61338949213505
              ],
              [
                147.53245856753992,
                -22.613452013358742
              ],
              [
                147.53247621654225,
                -22.613516450943333
              ],
              [
                147.53248059776487,
                -22.613543213323045
              ],
              [
                147.53255698783514,
                -22.613536184946312
              ],
              [
                147.53250715850717,
                -22.61425902646225
              ],
              [
                147.53087385961862,
                -22.615752281575983
              ],
              [
                147.53083813265496,
                -22.615740546643867
              ],
              [
                147.53062197156544,
                -22.61564650288558
              ],
              [
                147.53041678040898,
                -22.615533241097786
              ],
              [
                147.53022453534425,
                -22.61540185209731
              ],
              [
                147.53004708783175,
                -22.615253601280276
              ],
              [
                147.52988614680217,
                -22.61508991643373
              ]
            ]
          ],
          [
            [
              [
                147.51906309419107,
                -22.60410416363225
              ],
              [
                147.51892156977732,
                -22.604282635758583
              ],
              [
                147.51876188573843,
                -22.60444736857558
              ],
              [
                147.51858557990494,
                -22.60459677556553
              ],
              [
                147.5183943502064,
                -22.60472941780635
              ],
              [
                147.51819003831892,
                -22.60484401783111
              ],
              [
                147.51797461192783,
                -22.604939471932717
              ],
              [
                147.5177501457757,
                -22.605014860794896
              ],
              [
                147.51751880167902,
                -22.605069458347394
              ],
              [
                147.51728280770527,
                -22.60510273875966
              ],
              [
                147.51704443671173,
                -22.605114381505963
              ],
              [
                147.51680598445256,
                -22.605104274452845
              ],
              [
                147.51656974746518,
                -22.60507251493932
              ],
              [
                147.51633800094902,
                -22.605019408839357
              ],
              [
                147.5161129768499,
                -22.604945467615686
              ],
              [
                147.5158968423615,
                -22.604851403393223
              ],
              [
                147.51569167905043,
                -22.604738122099835
              ],
              [
                147.51549946280704,
                -22.60460671474021
              ],
              [
                147.51532204481427,
                -22.60445844688728
              ],
              [
                147.5151611337183,
                -22.604294746492123
              ],
              [
                147.51501827917298,
                -22.604117190130147
              ],
              [
                147.51489485691607,
                -22.603927487815792
              ],
              [
                147.51479205552124,
                -22.60372746653228
              ],
              [
                147.51471086495334,
                -22.603519052634958
              ],
              [
                147.5146520670373,
                -22.603304253297893
              ],
              [
                147.51461622793175,
                -22.60308513718236
              ],
              [
                147.51460369268057,
                -22.60286381451352
              ],
              [
                147.5146145818939,
                -22.60264241675707
              ],
              [
                147.51464879059094,
                -22.602423076091853
              ],
              [
                147.51470598921514,
                -22.60220790487589
              ],
              [
                147.51478562681223,
                -22.601998975303673
              ],
              [
                147.51488693634022,
                -22.601798299450646
              ],
              [
                147.5150089420595,
                -22.601607809897036
              ],
              [
                147.5151504689329,
                -22.60142934111747
              ],
              [
                147.5153101539438,
                -22.601264611815637
              ],
              [
                147.51548645922435,
                -22.601115208374193
              ],
              [
                147.51567768686618,
                -22.600982569578832
              ],
              [
                147.51588199527234,
                -22.60086797276409
              ],
              [
                147.51609741689117,
                -22.600772521513694
              ],
              [
                147.51632187716353,
                -22.600697135034334
              ],
              [
                147.51655321449894,
                -22.600642539304722
              ],
              [
                147.51678920108972,
                -22.600609260085335
              ],
              [
                147.51702756436225,
                -22.600597617856064
              ],
              [
                147.51726600885917,
                -22.60060772473052
              ],
              [
                147.51750223834134,
                -22.60063948337653
              ],
              [
                147.51773397789773,
                -22.60069258795346
              ],
              [
                147.51795899584994,
                -22.600766527057136
              ],
              [
                147.51817512524062,
                -22.600860588644085
              ],
              [
                147.51838028469896,
                -22.60097386688774
              ],
              [
                147.5185724984827,
                -22.6011052709006
              ],
              [
                147.5187499155035,
                -22.60125353523836
              ],
              [
                147.51891082715244,
                -22.601417232085016
              ],
              [
                147.5190536837544,
                -22.601594785001527
              ],
              [
                147.51917710949263,
                -22.60178448410587
              ],
              [
                147.51927991565975,
                -22.60198450253818
              ],
              [
                147.51936111210736,
                -22.602192914052676
              ],
              [
                147.5194199167847,
                -22.60240771156685
              ],
              [
                147.51945576327327,
                -22.602626826489505
              ],
              [
                147.5194683062454,
                -22.60284814864131
              ],
              [
                147.51945742479433,
                -22.603069546576435
              ],
              [
                147.5194232236025,
                -22.603288888109162
              ],
              [
                147.51936603193812,
                -22.60350406084815
              ],
              [
                147.51928640048789,
                -22.603712992540373
              ],
              [
                147.51918509605767,
                -22.603913671028906
              ],
              [
                147.51906309419107,
                -22.60410416363225
              ]
            ]
          ]
        ]
      }
    },
    {
      "type": "Feature",
      "id": "mcdonald-flat-current-tenure-exclusion",
      "properties": {
        "name": "McDonald Flat current-tenure exclusion",
        "area": "McDonald Flat",
        "priority": "exclusion",
        "confidence": "current-tenure geometry",
        "basis": "Current overlap of ML 100492, ML 100506 and ML 100521 applications within the official GPA.",
        "legal_status": "Prohibited without written applicant consent. Recheck current tenure before entry.",
        "licence_required": true,
        "same_day_tenure_check": true,
        "source_date": "2026-08-25",
        "source_crs": "GDA2020 / MGA zone 55; exported as WGS84 longitude/latitude",
        "area_ha": 297.334,
        "fill": "#542788",
        "stroke": "#2d004b",
        "fill_opacity": 0.65
      },
      "geometry": {
        "type": "MultiPolygon",
        "coordinates": [
          [
            [
              [
                147.64882993934089,
                -22.883154073127546
              ],
              [
                147.65106393942816,
                -22.881929072961817
              ],
              [
                147.65168572974613,
                -22.884793116889377
              ],
              [
                147.6578611362091,
                -22.883827067411335
              ],
              [
                147.65905994047435,
                -22.885553072302752
              ],
              [
                147.65206459865442,
                -22.89433351878116
              ],
              [
                147.65144569378094,
                -22.89631707181357
              ],
              [
                147.64664099430428,
                -22.895801573195858
              ],
              [
                147.64209829679095,
                -22.890655625222877
              ],
              [
                147.64300357661884,
                -22.883920330577237
              ],
              [
                147.64255293915767,
                -22.88727307358745
              ],
              [
                147.6424185651435,
                -22.887258284241735
              ],
              [
                147.6431949354597,
                -22.87979144527094
              ],
              [
                147.64355271756546,
                -22.879834721569914
              ],
              [
                147.6435490654737,
                -22.879861893134855
              ],
              [
                147.64882993934089,
                -22.883154073127546
              ]
            ]
          ],
          [
            [
              [
                147.6588578787512,
                -22.87786214438187
              ],
              [
                147.662830881558,
                -22.88279314402857
              ],
              [
                147.6600352375101,
                -22.884993074230604
              ],
              [
                147.65956642243046,
                -22.884580956270913
              ],
              [
                147.65874088024512,
                -22.883364144345908
              ],
              [
                147.65961788020678,
                -22.8820911442873
              ],
              [
                147.655366878587,
                -22.87947114564342
              ],
              [
                147.65086855573173,
                -22.877248525901898
              ],
              [
                147.6516833100422,
                -22.87112490319916
              ],
              [
                147.66442387976147,
                -22.872555143987253
              ],
              [
                147.66415688004437,
                -22.875900143980825
              ],
              [
                147.6588578787512,
                -22.87786214438187
              ]
            ]
          ]
        ]
      }
    },
    {
      "type": "Feature",
      "id": "mcdonald-flat-open-high-level-alluvium",
      "properties": {
        "name": "McDonald Flat conservative high-level-alluvium target",
        "area": "McDonald Flat",
        "priority": "1",
        "confidence": "moderate-high",
        "basis": "Mapped TQa remaining after current ML and MC clipping and a 50 m conservative setback from those tenure exclusions. McDonald Flat has documented historical output and small to medium-scale alluvial mining in the 1980s and early 1990s, but the exact productive footprint is unresolved.",
        "legal_status": "Indicative open GPA prospectivity only. Recheck current tenure, access, signs, gates and closures before entry.",
        "licence_required": true,
        "same_day_tenure_check": true,
        "state_forest_conditions": "Daylight only; hand tools and metal detectors only; no excavation at toe of stream bank or in a gully; keep 10 m from infrastructure; follow signs, gates and closures.",
        "source_date": "2026-08-25",
        "source_crs": "GDA2020 / MGA zone 55; exported as WGS84 longitude/latitude",
        "area_ha": 41.438,
        "centre_lat": -22.883896489133072,
        "centre_lon": 147.65723070390385,
        "fill": "#d73027",
        "stroke": "#7f0000",
        "fill_opacity": 0.55,
        "nearby_named_drainage": [
          "McDonald Gully"
        ],
        "drainage_interpretation": "Named drainage is source-to-trap context only. Target benches, shallow residual wash and permitted margins, not active channels, gullies or stream-bank toes."
      },
      "geometry": {
        "type": "MultiPolygon",
        "coordinates": [
          [
            [
              [
                147.6578108766193,
                -22.888351315378184
              ],
              [
                147.65773660266038,
                -22.888871423379737
              ],
              [
                147.6577003467037,
                -22.889379664378392
              ],
              [
                147.65779132976826,
                -22.889994111366207
              ],
              [
                147.65796479784058,
                -22.890614362347446
              ],
              [
                147.65811239089757,
                -22.891092825331885
              ],
              [
                147.65826615995084,
                -22.891524005316253
              ],
              [
                147.6584708870141,
                -22.892014213296083
              ],
              [
                147.6585990120581,
                -22.8923686052831
              ],
              [
                147.65859988492159,
                -22.892373778256292
              ],
              [
                147.6528606977579,
                -22.894094794310575
              ],
              [
                147.65796840993258,
                -22.88768364439258
              ],
              [
                147.657923375586,
                -22.8878784333732
              ],
              [
                147.6578108766193,
                -22.888351315378184
              ]
            ]
          ],
          [
            [
              [
                147.64783084099844,
                -22.880392023228897
              ],
              [
                147.64810438004395,
                -22.880622155205426
              ],
              [
                147.64846663709523,
                -22.880828544175255
              ],
              [
                147.64891100114463,
                -22.880934375139432
              ],
              [
                147.64944371218996,
                -22.88091009409772
              ],
              [
                147.64983045722016,
                -22.880862352067705
              ],
              [
                147.65015381424567,
                -22.880826504042506
              ],
              [
                147.65032504926046,
                -22.880820386029107
              ],
              [
                147.65063594829084,
                -22.880849554004428
              ],
              [
                147.65094056632242,
                -22.880896456980057
              ],
              [
                147.65128344836268,
                -22.88100240495222
              ],
              [
                147.65151846139236,
                -22.88109666593296
              ],
              [
                147.65175990142473,
                -22.881214555912955
              ],
              [
                147.6520139644565,
                -22.88131470189215
              ],
              [
                147.65238837549484,
                -22.881367425862265
              ],
              [
                147.6528199135393,
                -22.88143189682775
              ],
              [
                147.65318808557973,
                -22.881514173798156
              ],
              [
                147.6535625806201,
                -22.88159053176806
              ],
              [
                147.65377836064258,
                -22.88162571975074
              ],
              [
                147.65395595965842,
                -22.88162549973678
              ],
              [
                147.65426671568505,
                -22.881613296712448
              ],
              [
                147.65452677070826,
                -22.881612973691976
              ],
              [
                147.6546155907167,
                -22.881618772684952
              ],
              [
                147.65478682573146,
                -22.881612650671542
              ],
              [
                147.65500350014253,
                -22.881668663431526
              ],
              [
                147.65161958655733,
                -22.88219824865006
              ],
              [
                147.65154180959783,
                -22.88184000276358
              ],
              [
                147.6515297750902,
                -22.881796091748242
              ],
              [
                147.65151305345378,
                -22.88175351876761
              ],
              [
                147.65149181294194,
                -22.881712712180757
              ],
              [
                147.65146626727525,
                -22.88167408257341
              ],
              [
                147.6514366734911,
                -22.881638018626713
              ],
              [
                147.65140332935727,
                -22.881604883206563
              ],
              [
                147.65136657037576,
                -22.881575009712527
              ],
              [
                147.6513267664072,
                -22.881548698723407
              ],
              [
                147.65128431794923,
                -22.881526214972915
              ],
              [
                147.65123965210697,
                -22.881507784686107
              ],
              [
                147.65119321829565,
                -22.881493593303173
              ],
              [
                147.65114548371875,
                -22.881483783613653
              ],
              [
                147.65109692866739,
                -22.88147845431982
              ],
              [
                147.6510480416877,
                -22.881477659043515
              ],
              [
                147.65099931466563,
                -22.881481405786687
              ],
              [
                147.6509512378777,
                -22.881489656850857
              ],
              [
                147.65090429505824,
                -22.88150232921638
              ],
              [
                147.65085895853218,
                -22.88151929537782
              ],
              [
                147.650815684463,
                -22.88154038462676
              ],
              [
                147.6488466181889,
                -22.882620111538106
              ],
              [
                147.6445774225957,
                -22.879958626985292
              ],
              [
                147.64779081718294,
                -22.880347218669336
              ],
              [
                147.64783084099844,
                -22.880392023228897
              ]
            ]
          ],
          [
            [
              [
                147.6649103355799,
                -22.872937828278584
              ],
              [
                147.66483820535615,
                -22.873487454332842
              ],
              [
                147.6648847470316,
                -22.87290434937438
              ],
              [
                147.6649103355799,
                -22.872937828278584
              ]
            ]
          ],
          [
            [
              [
                147.6637019365765,
                -22.882145723965305
              ],
              [
                147.66322215688163,
                -22.882523883332667
              ],
              [
                147.6632214746898,
                -22.882522941416912
              ],
              [
                147.6596282287939,
                -22.878063303632874
              ],
              [
                147.6643377491628,
                -22.876319550974312
              ],
              [
                147.66438269236045,
                -22.876300404768884
              ],
              [
                147.66442530990386,
                -22.87627713628107
              ],
              [
                147.66446516287405,
                -22.87624998515431
              ],
              [
                147.66447696284186,
                -22.876240090986535
              ],
              [
                147.6637019365765,
                -22.882145723965305
              ]
            ]
          ]
        ]
      }
    },
    {
      "type": "Feature",
      "id": "mcdonald-flat-open-young-alluvium",
      "properties": {
        "name": "McDonald Flat conservative young-alluvium target",
        "area": "McDonald Flat",
        "priority": "2",
        "confidence": "moderate",
        "basis": "Mapped Quaternary flood-plain alluvium remaining after current ML and MC clipping and a 50 m conservative setback. Historical locality production supports reconnaissance, but State Forest conditions prohibit excavation in a gully or at the toe of a stream bank.",
        "legal_status": "Indicative open GPA prospectivity only. Recheck current tenure, access, signs, gates and closures before entry.",
        "licence_required": true,
        "same_day_tenure_check": true,
        "state_forest_conditions": "Daylight only; hand tools and metal detectors only; no excavation at toe of stream bank or in a gully; keep 10 m from infrastructure; follow signs, gates and closures.",
        "source_date": "2026-08-25",
        "source_crs": "GDA2020 / MGA zone 55; exported as WGS84 longitude/latitude",
        "area_ha": 32.558,
        "centre_lat": -22.884002029567355,
        "centre_lon": 147.65584097347931,
        "fill": "#fc8d59",
        "stroke": "#7f0000",
        "fill_opacity": 0.55,
        "nearby_named_drainage": [
          "McDonald Gully"
        ],
        "drainage_interpretation": "Named drainage is source-to-trap context only. Target benches, shallow residual wash and permitted margins, not active channels, gullies or stream-bank toes."
      },
      "geometry": {
        "type": "MultiPolygon",
        "coordinates": [
          [
            [
              [
                147.65960893750673,
                -22.88537131126106
              ],
              [
                147.65962494853542,
                -22.885669454257368
              ],
              [
                147.65983015990432,
                -22.889491117209808
              ],
              [
                147.66036690816796,
                -22.89184389914823
              ],
              [
                147.65859988492159,
                -22.892373778256292
              ],
              [
                147.6585990120581,
                -22.8923686052831
              ],
              [
                147.6584708870141,
                -22.892014213296083
              ],
              [
                147.65826615995084,
                -22.891524005316253
              ],
              [
                147.65811239089757,
                -22.891092825331885
              ],
              [
                147.65796479784058,
                -22.890614362347446
              ],
              [
                147.65779132976826,
                -22.889994111366207
              ],
              [
                147.6577003467037,
                -22.889379664378392
              ],
              [
                147.65773660266038,
                -22.888871423379737
              ],
              [
                147.6578108766193,
                -22.888351315378184
              ],
              [
                147.657923375586,
                -22.8878784333732
              ],
              [
                147.65796840993258,
                -22.88768364439258
              ],
              [
                147.6594521302235,
                -22.885821293324998
              ],
              [
                147.6594792302153,
                -22.88578342667037
              ],
              [
                147.65950208700127,
                -22.885743228846604
              ],
              [
                147.65952046927507,
                -22.885701106654807
              ],
              [
                147.65953419101285,
                -22.885657486370278
              ],
              [
                147.6595431133558,
                -22.885612809428554
              ],
              [
                147.659547146015,
                -22.885567527958063
              ],
              [
                147.65954624818502,
                -22.88552210020456
              ],
              [
                147.65954042895683,
                -22.88547698589374
              ],
              [
                147.65952974722526,
                -22.885432641578856
              ],
              [
                147.65951431109318,
                -22.885389516020417
              ],
              [
                147.65949427677708,
                -22.88534804564482
              ],
              [
                147.65946984702612,
                -22.885308650127815
              ],
              [
                147.65827103989275,
                -22.883582648345314
              ],
              [
                147.65824350869286,
                -22.883546947680507
              ],
              [
                147.65821236867234,
                -22.883513890792358
              ],
              [
                147.65817791373215,
                -22.88348378967076
              ],
              [
                147.65814046905865,
                -22.88345692840897
              ],
              [
                147.65810038805455,
                -22.883433560522484
              ],
              [
                147.6580580490036,
                -22.883413906556335
              ],
              [
                147.65801385150027,
                -22.883398152003682
              ],
              [
                147.6579682126785,
                -22.883386445555203
              ],
              [
                147.65792156327512,
                -22.883378897695756
              ],
              [
                147.6578743435643,
                -22.88337557966168
              ],
              [
                147.65782699920274,
                -22.883376522768476
              ],
              [
                147.6577799770235,
                -22.88338171811527
              ],
              [
                147.6575314529215,
                -22.883420596336414
              ],
              [
                147.65598580082965,
                -22.881514932577897
              ],
              [
                147.65500350014253,
                -22.881668663431526
              ],
              [
                147.65478682573146,
                -22.881612650671542
              ],
              [
                147.6546155907167,
                -22.881618772684952
              ],
              [
                147.65452677070826,
                -22.881612973691976
              ],
              [
                147.65426671568505,
                -22.881613296712448
              ],
              [
                147.65395595965842,
                -22.88162549973678
              ],
              [
                147.65377836064258,
                -22.88162571975074
              ],
              [
                147.6535625806201,
                -22.88159053176806
              ],
              [
                147.65318808557973,
                -22.881514173798156
              ],
              [
                147.6528199135393,
                -22.88143189682775
              ],
              [
                147.65238837549484,
                -22.881367425862265
              ],
              [
                147.6520139644565,
                -22.88131470189215
              ],
              [
                147.65175990142473,
                -22.881214555912955
              ],
              [
                147.65151846139236,
                -22.88109666593296
              ],
              [
                147.65128344836268,
                -22.88100240495222
              ],
              [
                147.65094056632242,
                -22.880896456980057
              ],
              [
                147.65063594829084,
                -22.880849554004428
              ],
              [
                147.65032504926046,
                -22.880820386029107
              ],
              [
                147.65015381424567,
                -22.880826504042506
              ],
              [
                147.64983045722016,
                -22.880862352067705
              ],
              [
                147.64944371218996,
                -22.88091009409772
              ],
              [
                147.64891100114463,
                -22.880934375139432
              ],
              [
                147.64846663709523,
                -22.880828544175255
              ],
              [
                147.64810438004395,
                -22.880622155205426
              ],
              [
                147.64783084099844,
                -22.880392023228897
              ],
              [
                147.64779081718294,
                -22.880347218669336
              ],
              [
                147.65005757721843,
                -22.88062133505175
              ],
              [
                147.65041405725415,
                -22.880664497023357
              ],
              [
                147.65074226249482,
                -22.878197734912302
              ],
              [
                147.65107089609245,
                -22.87826076799148
              ],
              [
                147.65155341314798,
                -22.878396090952393
              ],
              [
                147.65194713319556,
                -22.878531521920273
              ],
              [
                147.65235990324527,
                -22.878672837886636
              ],
              [
                147.65280453330178,
                -22.878855478850138
              ],
              [
                147.65322354434937,
                -22.87896723881628
              ],
              [
                147.65339047775706,
                -22.87900646174372
              ],
              [
                147.65511663690756,
                -22.87985935706899
              ],
              [
                147.658949625598,
                -22.882221735044883
              ],
              [
                147.65833000890754,
                -22.883121126220274
              ],
              [
                147.65830718022934,
                -22.88315797695207
              ],
              [
                147.65828818994808,
                -22.883196652348317
              ],
              [
                147.658273206138,
                -22.88323681011799
              ],
              [
                147.65826236141478,
                -22.88327809485026
              ],
              [
                147.6582557517621,
                -22.883320141159913
              ],
              [
                147.65825343568184,
                -22.883362576921176
              ],
              [
                147.65825543367615,
                -22.883405026561118
              ],
              [
                147.65826172806607,
                -22.883447114383642
              ],
              [
                147.65827226314755,
                -22.88348846789454
              ],
              [
                147.65828694568464,
                -22.883528721098237
              ],
              [
                147.65830564573426,
                -22.883567517737024
              ],
              [
                147.6583281977963,
                -22.883604514444105
              ],
              [
                147.65915373787337,
                -22.884821328527323
              ],
              [
                147.6591768115389,
                -22.884852381287228
              ],
              [
                147.65920259989934,
                -22.8848815428473
              ],
              [
                147.65923092327057,
                -22.88490861001826
              ],
              [
                147.65968720190136,
                -22.88530970845198
              ],
              [
                147.65960893750673,
                -22.88537131126106
              ]
            ]
          ],
          [
            [
              [
                147.6649103355799,
                -22.872937828278584
              ],
              [
                147.6648847470316,
                -22.87290434937438
              ],
              [
                147.66490996051118,
                -22.872588458190638
              ],
              [
                147.66491117623363,
                -22.87254546605872
              ],
              [
                147.66491057493087,
                -22.872537410585238
              ],
              [
                147.6649621198084,
                -22.872543236944985
              ],
              [
                147.6649103355799,
                -22.872937828278584
              ]
            ]
          ]
        ]
      }
    },
    {
      "type": "Feature",
      "id": "museum-reserve-observed-quartz-gravel",
      "properties": {
        "name": "Museum Reserve observed quartz-gravel sectors",
        "area": "Museum Reserve",
        "priority": "1",
        "confidence": "moderate",
        "basis": "Mapped high-level alluvium within 250 m of government field sites recording quartz gravel over phyllite, plus 75 m observation cores. No direct gold occurrence is recorded at these sites.",
        "legal_status": "Indicative GPA prospectivity only. Recheck current tenure, reserve access, buildings, roads, tracks, signs and closures before entry.",
        "licence_required": true,
        "same_day_tenure_check": true,
        "state_forest_conditions": "Use hand tools and metal detectors only; do not interfere with buildings, roads, tracks, utilities, toilets, waterbodies or other infrastructure; refill excavations and follow signs and closures.",
        "source_date": "2026-08-26",
        "source_crs": "GDA2020 / MGA zone 55; exported as WGS84 longitude/latitude",
        "area_ha": 13.181,
        "centre_lat": -22.798816572128523,
        "centre_lon": 147.63186742121812,
        "fill": "#f46d43",
        "stroke": "#7f0000",
        "fill_opacity": 0.55,
        "nearby_named_drainage": [
          "Two Mile Creek",
          "Wolfang Creek"
        ],
        "drainage_interpretation": "Named drainage is source-to-trap context only. Target benches, shallow residual wash and permitted margins, not active channels, gullies or stream-bank toes."
      },
      "geometry": {
        "type": "MultiPolygon",
        "coordinates": [
          [
            [
              [
                147.6319227320609,
                -22.801468688240096
              ],
              [
                147.63169801427557,
                -22.801544240545933
              ],
              [
                147.63146639091403,
                -22.801599007514024
              ],
              [
                147.631230092734,
                -22.801632461681546
              ],
              [
                147.63099139552347,
                -22.80164428084876
              ],
              [
                147.63075259817938,
                -22.801634351182546
              ],
              [
                147.6305160005638,
                -22.801602768313145
              ],
              [
                147.63028388135058,
                -22.801549836412946
              ],
              [
                147.63005847607627,
                -22.801476065266776
              ],
              [
                147.6298419556068,
                -22.80138216536153
              ],
              [
                147.62963640522736,
                -22.801269041042627
              ],
              [
                147.62944380455716,
                -22.80113778180318
              ],
              [
                147.62926600848238,
                -22.80098965178997
              ],
              [
                147.62910472929113,
                -22.80082607762702
              ],
              [
                147.62896152018283,
                -22.8006486346746
              ],
              [
                147.62883776031015,
                -22.80045903185558
              ],
              [
                147.62873464149817,
                -22.800259095195674
              ],
              [
                147.62865315676842,
                -22.800050750235982
              ],
              [
                147.62859409077822,
                -22.79983600348741
              ],
              [
                147.6285580122672,
                -22.79961692310546
              ],
              [
                147.6285452685838,
                -22.799395618971825
              ],
              [
                147.62855598234438,
                -22.79917422237431
              ],
              [
                147.62859005025646,
                -22.798954865481072
              ],
              [
                147.62864714411796,
                -22.798739660806795
              ],
              [
                147.62872671398222,
                -22.798530680868442
              ],
              [
                147.62882799345803,
                -22.798329938226626
              ],
              [
                147.62895000709395,
                -22.79813936610475
              ],
              [
                147.62909157977538,
                -22.797960799772422
              ],
              [
                147.62925134804354,
                -22.79779595887255
              ],
              [
                147.62942777322792,
                -22.797646430862066
              ],
              [
                147.62948026112338,
                -22.797610016519492
              ],
              [
                147.62944323678684,
                -22.79764816135473
              ],
              [
                147.62924517579825,
                -22.797965491367666
              ],
              [
                147.62914887681603,
                -22.798253682372895
              ],
              [
                147.6291285238487,
                -22.79863040237137
              ],
              [
                147.62916587987246,
                -22.798854223366593
              ],
              [
                147.62939962492933,
                -22.79924934634496
              ],
              [
                147.62973543898468,
                -22.79952702131629
              ],
              [
                147.63021798003737,
                -22.79963439527752
              ],
              [
                147.6303001634847,
                -22.799630208095138
              ],
              [
                147.63028264948576,
                -22.799585428591477
              ],
              [
                147.63026492897313,
                -22.799521004763434
              ],
              [
                147.6302541046374,
                -22.79945528077889
              ],
              [
                147.6302502807132,
                -22.799388889597324
              ],
              [
                147.6302534940169,
                -22.79932247060285
              ],
              [
                147.6302637135924,
                -22.7992566634465
              ],
              [
                147.6302808410098,
                -22.79919210188606
              ],
              [
                147.6303047113136,
                -22.799129407682717
              ],
              [
                147.63033509461155,
                -22.79906918461317
              ],
              [
                147.6303716982892,
                -22.799012012655094
              ],
              [
                147.63041416982801,
                -22.798958442401723
              ],
              [
                147.6304621002006,
                -22.798908989759514
              ],
              [
                147.63051502780993,
                -22.798864130979858
              ],
              [
                147.63057244293483,
                -22.798824298072674
              ],
              [
                147.63063379263892,
                -22.79878987464611
              ],
              [
                147.63069848609553,
                -22.79876119221236
              ],
              [
                147.6307659002775,
                -22.798738526995187
              ],
              [
                147.6308353859571,
                -22.798722097269863
              ],
              [
                147.63090627395803,
                -22.79871206126119
              ],
              [
                147.63097788159982,
                -22.79870851561984
              ],
              [
                147.63104951927173,
                -22.798711494491524
              ],
              [
                147.63112049707414,
                -22.798720969188288
              ],
              [
                147.63119013146175,
                -22.798736848464696
              ],
              [
                147.63125775182652,
                -22.798758979396595
              ],
              [
                147.6313227069555,
                -22.79878714885376
              ],
              [
                147.63138437130195,
                -22.798821085552312
              ],
              [
                147.63144215100965,
                -22.798860462667285
              ],
              [
                147.6314954896317,
                -22.798904900979885
              ],
              [
                147.63154387348933,
                -22.798953972529482
              ],
              [
                147.63158683661888,
                -22.79900720473486
              ],
              [
                147.6316239652593,
                -22.7990640849453
              ],
              [
                147.631654901837,
                -22.799124065377523
              ],
              [
                147.6316793484096,
                -22.79918656839091
              ],
              [
                147.63169706953553,
                -22.799250992050453
              ],
              [
                147.63170789454185,
                -22.7993167159235
              ],
              [
                147.6317117191682,
                -22.799383107054847
              ],
              [
                147.63170850657124,
                -22.799449526062325
              ],
              [
                147.63169828767985,
                -22.79951533329439
              ],
              [
                147.63168116089764,
                -22.799579894990348
              ],
              [
                147.6316779554039,
                -22.799588314289085
              ],
              [
                147.63173037416848,
                -22.79959757815894
              ],
              [
                147.6321487552322,
                -22.799887262123683
              ],
              [
                147.63238928527835,
                -22.800158769102506
              ],
              [
                147.63254088031613,
                -22.800424131088395
              ],
              [
                147.63264142335527,
                -22.800754103077814
              ],
              [
                147.63265339037625,
                -22.80097196307511
              ],
              [
                147.63262476022703,
                -22.801048853658102
              ],
              [
                147.6325342663782,
                -22.80112555274345
              ],
              [
                147.63234288130522,
                -22.80125833136866
              ],
              [
                147.63213838002974,
                -22.80137307824155
              ],
              [
                147.6319227320609,
                -22.801468688240096
              ]
            ]
          ],
          [
            [
              [
                147.6371691225018,
                -22.795708464423445
              ],
              [
                147.63709963917205,
                -22.79572489686292
              ],
              [
                147.63702875323594,
                -22.795734935583145
              ],
              [
                147.63695714737347,
                -22.795738483904124
              ],
              [
                147.63688551119836,
                -22.79573550765289
              ],
              [
                147.63681453461632,
                -22.795726035492525
              ],
              [
                147.63674490118046,
                -22.795710158646216
              ],
              [
                147.63667728150796,
                -22.795688030018628
              ],
              [
                147.63661232682136,
                -22.795659862723262
              ],
              [
                147.6365506626765,
                -22.79562592802999
              ],
              [
                147.63649288293794,
                -22.795586552752436
              ],
              [
                147.63643954405939,
                -22.795542116100396
              ],
              [
                147.63639115972478,
                -22.795493046027712
              ],
              [
                147.636348195901,
                -22.795439815110683
              ],
              [
                147.63631106635057,
                -22.795382935996624
              ],
              [
                147.6362801286468,
                -22.795322956466748
              ],
              [
                147.6362556807305,
                -22.795260454160463
              ],
              [
                147.63623795804082,
                -22.795196031012292
              ],
              [
                147.63622713124815,
                -22.79513030745482
              ],
              [
                147.6362233046107,
                -22.79506391644343
              ],
              [
                147.63622651497104,
                -22.794997497360566
              ],
              [
                147.63623673140143,
                -22.794931689858142
              ],
              [
                147.63625385550222,
                -22.794867127697277
              ],
              [
                147.6362777223498,
                -22.794804432644934
              ],
              [
                147.6363081020853,
                -22.794744208485994
              ],
              [
                147.63634470212855,
                -22.79468703520863
              ],
              [
                147.63638716999603,
                -22.794633463418776
              ],
              [
                147.63643509669566,
                -22.79458400903769
              ],
              [
                147.63648802066578,
                -22.794539148333513
              ],
              [
                147.6365454322203,
                -22.794499313334697
              ],
              [
                147.6366067784572,
                -22.794464887669545
              ],
              [
                147.6366714685832,
                -22.79443620287179
              ],
              [
                147.63669374619104,
                -22.794428711785454
              ],
              [
                147.6372763122574,
                -22.795176865759252
              ],
              [
                147.63742440966948,
                -22.795579097838942
              ],
              [
                147.6374199828981,
                -22.79558285019039
              ],
              [
                147.6373625711606,
                -22.7956226855032
              ],
              [
                147.63730122461078,
                -22.795657111461573
              ],
              [
                147.637236534054,
                -22.795685796520516
              ],
              [
                147.6371691225018,
                -22.795708464423445
              ]
            ]
          ],
          [
            [
              [
                147.63481087590415,
                -22.796134110125298
              ],
              [
                147.6347077519005,
                -22.79593417734337
              ],
              [
                147.6346262609159,
                -22.795725835470417
              ],
              [
                147.6345671876679,
                -22.79551109098761
              ],
              [
                147.6345311009661,
                -22.79529201202867
              ],
              [
                147.63451834823783,
                -22.795070708461598
              ],
              [
                147.63452905218662,
                -22.79484931156878
              ],
              [
                147.63456310961448,
                -22.794629953521223
              ],
              [
                147.63462019242039,
                -22.79441474684478
              ],
              [
                147.63469975076404,
                -22.79420576407572
              ],
              [
                147.63480101836524,
                -22.794005017801958
              ],
              [
                147.63492301988694,
                -22.79381444128187
              ],
              [
                147.63506458033112,
                -22.79363586982748
              ],
              [
                147.63522433635686,
                -22.793471023131016
              ],
              [
                147.63540074941147,
                -22.793321488705274
              ],
              [
                147.63559212054824,
                -22.79318870659685
              ],
              [
                147.63568681255842,
                -22.7931355684973
              ],
              [
                147.63580874594683,
                -22.793292160091518
              ],
              [
                147.6362577911781,
                -22.793868841421943
              ],
              [
                147.6360959810307,
                -22.793846637863062
              ],
              [
                147.63573369900163,
                -22.793880919891258
              ],
              [
                147.6353964139861,
                -22.794038902916434
              ],
              [
                147.6351795689889,
                -22.79427965293155
              ],
              [
                147.63501323500472,
                -22.794614742941825
              ],
              [
                147.63496138802753,
                -22.794914838943438
              ],
              [
                147.63498566706033,
                -22.795250477938783
              ],
              [
                147.6350989980985,
                -22.795556937927337
              ],
              [
                147.6352949101445,
                -22.7958695219094
              ],
              [
                147.63549018620768,
                -22.796370492889935
              ],
              [
                147.63548235564585,
                -22.796857423822882
              ],
              [
                147.63541692944779,
                -22.796812837501566
              ],
              [
                147.6352391328256,
                -22.796664714087505
              ],
              [
                147.63507785188932,
                -22.796501145923624
              ],
              [
                147.6349346398552,
                -22.79632370831241
              ],
              [
                147.63481087590415,
                -22.796134110125298
              ]
            ]
          ]
        ]
      }
    },
    {
      "type": "Feature",
      "id": "town-reserve-worked-quartz-gravel",
      "properties": {
        "name": "Town Reserve worked quartz-gravel sectors",
        "area": "Town Reserve",
        "priority": "1",
        "confidence": "moderate",
        "basis": "Mapped high-level alluvium within 250 m of government field sites recording quartz gravel, pebble conglomerate and numerous pits, plus 75 m observation cores. The official 2026 map independently marks worked areas, but no direct gold occurrence is recorded at these sites.",
        "legal_status": "Indicative GPA prospectivity only. Recheck current tenure, reserve access, buildings, roads, tracks, signs and closures before entry.",
        "licence_required": true,
        "same_day_tenure_check": true,
        "state_forest_conditions": "Use hand tools and metal detectors only; do not interfere with buildings, roads, tracks, utilities, toilets, waterbodies or other infrastructure; refill excavations and follow signs and closures.",
        "source_date": "2026-08-26",
        "source_crs": "GDA2020 / MGA zone 55; exported as WGS84 longitude/latitude",
        "area_ha": 23.542,
        "centre_lat": -22.84118089894291,
        "centre_lon": 147.63363311085027,
        "fill": "#d73027",
        "stroke": "#7f0000",
        "fill_opacity": 0.55,
        "nearby_named_drainage": [],
        "drainage_interpretation": "Named drainage is source-to-trap context only. Target benches, shallow residual wash and permitted margins, not active channels, gullies or stream-bank toes."
      },
      "geometry": {
        "type": "MultiPolygon",
        "coordinates": [
          [
            [
              [
                147.64037557161342,
                -22.843366264907452
              ],
              [
                147.64013670110154,
                -22.84335635102301
              ],
              [
                147.63990002932692,
                -22.843324783936165
              ],
              [
                147.63966783567787,
                -22.843271867667287
              ],
              [
                147.63944235640813,
                -22.843198111850693
              ],
              [
                147.6392257630964,
                -22.84310422682567
              ],
              [
                147.63902014172967,
                -22.84299111679438
              ],
              [
                147.63882747261093,
                -22.842859871112413
              ],
              [
                147.63864961128567,
                -22.842711753796074
              ],
              [
                147.63848827067054,
                -22.8425481913472
              ],
              [
                147.63834500455653,
                -22.842370759013367
              ],
              [
                147.63822119264523,
                -22.84218116561529
              ],
              [
                147.63811802726283,
                -22.841981237088067
              ],
              [
                147.6380365018793,
                -22.841772898894597
              ],
              [
                147.63797740154322,
                -22.841558157480694
              ],
              [
                147.63794129532482,
                -22.84133908095061
              ],
              [
                147.6379285308392,
                -22.841117779149005
              ],
              [
                147.6379392309027,
                -22.84089638334127
              ],
              [
                147.63797329235453,
                -22.840677025688002
              ],
              [
                147.63803038705458,
                -22.84046181871121
              ],
              [
                147.63810996504776,
                -22.840252834950025
              ],
              [
                147.63821125986448,
                -22.84005208700185
              ],
              [
                147.6382839989885,
                -22.839938493187276
              ],
              [
                147.63830130638368,
                -22.83982703025424
              ],
              [
                147.6383584002452,
                -22.839611823156805
              ],
              [
                147.63843797727287,
                -22.83940283923216
              ],
              [
                147.63853927100632,
                -22.83920209107929
              ],
              [
                147.63866130585657,
                -22.839011511974608
              ],
              [
                147.63873485300456,
                -22.838918760553398
              ],
              [
                147.63948522892298,
                -22.839004411387172
              ],
              [
                147.64057484257233,
                -22.839128784138573
              ],
              [
                147.6405536305847,
                -22.839283942138984
              ],
              [
                147.64081384647554,
                -22.840573986300484
              ],
              [
                147.64083430081564,
                -22.84067539056889
              ],
              [
                147.64094010891245,
                -22.841199943919882
              ],
              [
                147.64098808021225,
                -22.84143776604138
              ],
              [
                147.64099160767677,
                -22.841455253770476
              ],
              [
                147.64101912454262,
                -22.84159167115846
              ],
              [
                147.64119567732283,
                -22.84246694777039
              ],
              [
                147.6411994919353,
                -22.842485859061853
              ],
              [
                147.64117377364553,
                -22.84323545976163
              ],
              [
                147.6410823969608,
                -22.84326617877553
              ],
              [
                147.64085070756258,
                -22.84332096061816
              ],
              [
                147.64061434029563,
                -22.843354430111273
              ],
              [
                147.64037557161342,
                -22.843366264907452
              ]
            ]
          ],
          [
            [
              [
                147.628475641405,
                -22.842530221879855
              ],
              [
                147.62847480180537,
                -22.842529996061856
              ],
              [
                147.62633956062228,
                -22.842262820065713
              ],
              [
                147.6260005651668,
                -22.84222040263333
              ],
              [
                147.6238621572825,
                -22.841952830397847
              ],
              [
                147.62384025739408,
                -22.84181986702658
              ],
              [
                147.6238275156268,
                -22.84159856359761
              ],
              [
                147.62383816194964,
                -22.84137874989773
              ],
              [
                147.6240226952976,
                -22.84131845142168
              ],
              [
                147.62428178631046,
                -22.841205398402252
              ],
              [
                147.62461652932552,
                -22.84104491237729
              ],
              [
                147.62500114533816,
                -22.840807713348987
              ],
              [
                147.62535399534795,
                -22.840570672323217
              ],
              [
                147.62577562935567,
                -22.8402450592928
              ],
              [
                147.62604573835702,
                -22.8399966692736
              ],
              [
                147.6260967303564,
                -22.839939575270048
              ],
              [
                147.62634651435306,
                -22.839659899252727
              ],
              [
                147.62648298634093,
                -22.839394536244203
              ],
              [
                147.62649670166087,
                -22.839341220732553
              ],
              [
                147.62672918753236,
                -22.839372250563024
              ],
              [
                147.62696137001157,
                -22.839425185986556
              ],
              [
                147.62718683674234,
                -22.83949895980293
              ],
              [
                147.6274034164469,
                -22.83959286156047
              ],
              [
                147.62760902341913,
                -22.83970598697196
              ],
              [
                147.62780167760832,
                -22.839837246622068
              ],
              [
                147.62797952368572,
                -22.839985376457165
              ],
              [
                147.62814084891133,
                -22.840148949957157
              ],
              [
                147.6282840996275,
                -22.84032639187153
              ],
              [
                147.62840789622214,
                -22.840515993387985
              ],
              [
                147.62851104641618,
                -22.840715928587265
              ],
              [
                147.62859255674766,
                -22.84092427202595
              ],
              [
                147.62865164214216,
                -22.841139017277957
              ],
              [
                147.62868773347674,
                -22.841358096256094
              ],
              [
                147.62870048306445,
                -22.841579399127898
              ],
              [
                147.62868976800726,
                -22.841800794633777
              ],
              [
                147.6286556913837,
                -22.84202015061189
              ],
              [
                147.6285985812605,
                -22.842235354532086
              ],
              [
                147.62851898753757,
                -22.84244433384124
              ],
              [
                147.628475641405,
                -22.842530221879855
              ]
            ]
          ]
        ]
      }
    }
  ]
}

