{
  "type": "FeatureCollection",
  "name": "Watercourses within 1 km of Clermont prospectivity targets",
  "features": [
    {
      "type": "Feature",
      "properties": {
        "name": null,
        "alternate_name": null,
        "perenniality": "Intermittent",
        "hierarchy": "Minor",
        "stream_order": 1,
        "feature_type": "Watercourse"
      },
      "geometry": {
        "type": "LineString",
        "coordinates": [
          [
            147.47175359700066,
            -22.654435909329106
          ],
          [
            147.47339659700066,
            -22.652092910329035
          ],
          [
            147.47476059700062,
            -22.650569910328947
          ],
          [
            147.47588959700062,
            -22.64928591032888
          ],
          [
            147.47600959700068,
            -22.648755910328894
          ],
          [
            147.47598059700064,
            -22.648447410328863
          ],
          [
            147.47544859800058,
            -22.647620910328875
          ],
          [
            147.47415159800073,
            -22.646259910328954
          ],
          [
            147.4735315980007,
            -22.645409910328954
          ],
          [
            147.4731095980007,
            -22.644767409328942
          ],
          [
            147.4729100980008,
            -22.643913909328937
          ],
          [
            147.47261759800077,
            -22.642400409328914
          ]
        ]
      }
    },
    {
      "type": "Feature",
      "properties": {
        "name": null,
        "alternate_name": null,
        "perenniality": "Ephemeral",
        "hierarchy": "Minor",
        "stream_order": null,
        "feature_type": "Watercourse"
      },
      "geometry": {
        "type": "LineString",
        "coordinates": [
          [
            147.45619459800042,
            -22.655646408328966
          ],
          [
            147.45645509900044,
            -22.65496790832899
          ],
          [
            147.4565105990004,
            -22.654073408329005
          ],
          [
            147.45638161243176,
            -22.653889527476483
          ]
        ]
      }
    },
    {
      "type": "Feature",
      "properties": {
        "name": null,
        "alternate_name": null,
        "perenniality": "Intermittent",
        "hierarchy": "Minor",
        "stream_order": 1,
        "feature_type": "Watercourse"
      },
      "geometry": {
        "type": "LineString",
        "coordinates": [
          [
            147.51794359800064,
            -22.601839413330314
          ],
          [
            147.51797759800064,
            -22.60181541333032
          ],
          [
            147.51849009800065,
            -22.600016913330336
          ],
          [
            147.51856909800057,
            -22.59987291333036
          ],
          [
            147.5198125980006,
            -22.596806913330393
          ]
        ]
      }
    },
    {
      "type": "Feature",
      "properties": {
        "name": null,
        "alternate_name": null,
        "perenniality": "Intermittent",
        "hierarchy": "Minor",
        "stream_order": 2,
        "feature_type": "Watercourse"
      },
      "geometry": {
        "type": "LineString",
        "coordinates": [
          [
            147.52078608314153,
            -22.631538815853716
          ],
          [
            147.52161509500064,
            -22.631490413329555
          ],
          [
            147.52184059500055,
            -22.63143041332958
          ]
        ]
      }
    },
    {
      "type": "Feature",
      "properties": {
        "name": null,
        "alternate_name": null,
        "perenniality": "Intermittent",
        "hierarchy": "Minor",
        "stream_order": 2,
        "feature_type": "Watercourse"
      },
      "geometry": {
        "type": "LineString",
        "coordinates": [
          [
            147.5291060960006,
            -22.60860541433003
          ],
          [
            147.52932859600065,
            -22.608171414330055
          ],
          [
            147.52932559600066,
            -22.607728414330047
          ],
          [
            147.52922409600063,
            -22.606744414330052
          ],
          [
            147.52847209700062,
            -22.604815913330132
          ],
          [
            147.5283525970006,
            -22.60345791333013
          ],
          [
            147.5288840970005,
            -22.600727413330198
          ],
          [
            147.52891650228807,
            -22.600490638695938
          ]
        ]
      }
    },
    {
      "type": "Feature",
      "properties": {
        "name": null,
        "alternate_name": null,
        "perenniality": "Intermittent",
        "hierarchy": "Minor",
        "stream_order": 2,
        "feature_type": "Watercourse"
      },
      "geometry": {
        "type": "LineString",
        "coordinates": [
          [
            147.52796509600063,
            -22.61237441332993
          ],
          [
            147.52798459600064,
            -22.61203791332994
          ],
          [
            147.52796259600058,
            -22.61179591332997
          ],
          [
            147.52812809600061,
            -22.610724413329983
          ],
          [
            147.5284290960006,
            -22.609949914330013
          ]
        ]
      }
    },
    {
      "type": "Feature",
      "properties": {
        "name": null,
        "alternate_name": null,
        "perenniality": "Intermittent",
        "hierarchy": "Minor",
        "stream_order": 1,
        "feature_type": "Watercourse"
      },
      "geometry": {
        "type": "LineString",
        "coordinates": [
          [
            147.46497959800058,
            -22.65448290932909
          ],
          [
            147.4638960980005,
            -22.65342890932907
          ],
          [
            147.46331059800056,
            -22.653078409329044
          ],
          [
            147.46146909800044,
            -22.652433409329085
          ],
          [
            147.46047459800047,
            -22.65192140932907
          ],
          [
            147.46032523476038,
            -22.65177860314321
          ]
        ]
      }
    },
    {
      "type": "Feature",
      "properties": {
        "name": null,
        "alternate_name": null,
        "perenniality": "Intermittent",
        "hierarchy": "Minor",
        "stream_order": 2,
        "feature_type": "Watercourse"
      },
      "geometry": {
        "type": "LineString",
        "coordinates": [
          [
            147.52396809500058,
            -22.63050641332957
          ],
          [
            147.52577859500065,
            -22.629711413329538
          ],
          [
            147.5275345950006,
            -22.629289914329572
          ],
          [
            147.52821609500052,
            -22.628675414329553
          ],
          [
            147.5286300950006,
            -22.628160414329624
          ],
          [
            147.52876109500062,
            -22.62704241432963
          ],
          [
            147.52845509500057,
            -22.625861914329622
          ],
          [
            147.52784509500054,
            -22.62429541432969
          ],
          [
            147.52788359500065,
            -22.623597914329704
          ],
          [
            147.5290705950005,
            -22.62014941432979
          ],
          [
            147.52932859500052,
            -22.61888591432984
          ],
          [
            147.52946559500057,
            -22.61811341432981
          ],
          [
            147.52944009500058,
            -22.61757591432982
          ],
          [
            147.52938359600057,
            -22.61698591432983
          ],
          [
            147.52846559600064,
            -22.614142414329915
          ],
          [
            147.52796509600063,
            -22.61237441332993
          ]
        ]
      }
    },
    {
      "type": "Feature",
      "properties": {
        "name": null,
        "alternate_name": null,
        "perenniality": "Intermittent",
        "hierarchy": "Minor",
        "stream_order": 1,
        "feature_type": "Watercourse"
      },
      "geometry": {
        "type": "LineString",
        "coordinates": [
          [
            147.62807637756035,
            -22.81034888805447
          ],
          [
            147.62811866500053,
            -22.810282362324855
          ],
          [
            147.62819453800054,
            -22.81015932632487
          ],
          [
            147.62825503100052,
            -22.810137795324856
          ]
        ]
      }
    },
    {
      "type": "Feature",
      "properties": {
        "name": null,
        "alternate_name": null,
        "perenniality": "Intermittent",
        "hierarchy": "Minor",
        "stream_order": 1,
        "feature_type": "Watercourse"
      },
      "geometry": {
        "type": "LineString",
        "coordinates": [
          [
            147.47360509700073,
            -22.657817910328834
          ],
          [
            147.47508109700075,
            -22.65752641032874
          ],
          [
            147.47613509700068,
            -22.657459410328666
          ],
          [
            147.4768480960007,
            -22.65745491032862
          ],
          [
            147.4773870960007,
            -22.65711391032861
          ],
          [
            147.47792709600068,
            -22.656797910328585
          ],
          [
            147.47846609600072,
            -22.656457410328567
          ],
          [
            147.47930309600065,
            -22.65627591032854
          ],
          [
            147.4807040960006,
            -22.655728910328442
          ],
          [
            147.4811995960007,
            -22.65558591032844
          ],
          [
            147.48147116042776,
            -22.655574750146492
          ]
        ]
      }
    },
    {
      "type": "Feature",
      "properties": {
        "name": null,
        "alternate_name": null,
        "perenniality": "Intermittent",
        "hierarchy": "Minor",
        "stream_order": 3,
        "feature_type": "Watercourse"
      },
      "geometry": {
        "type": "LineString",
        "coordinates": [
          [
            147.50212709200048,
            -22.680733912328524
          ],
          [
            147.50278109200045,
            -22.680764412328536
          ],
          [
            147.50348409200052,
            -22.68135841232848
          ],
          [
            147.50456659200046,
            -22.681815912328428
          ],
          [
            147.50547259200056,
            -22.68202991232845
          ],
          [
            147.5062485920005,
            -22.682101912328417
          ]
        ]
      }
    },
    {
      "type": "Feature",
      "properties": {
        "name": null,
        "alternate_name": null,
        "perenniality": "Intermittent",
        "hierarchy": "Minor",
        "stream_order": 2,
        "feature_type": "Watercourse"
      },
      "geometry": {
        "type": "LineString",
        "coordinates": [
          [
            147.50817867554213,
            -22.674759678294233
          ],
          [
            147.5081405920006,
            -22.676980912328464
          ],
          [
            147.50828659200053,
            -22.677906412328472
          ],
          [
            147.5085620920006,
            -22.678366913328446
          ],
          [
            147.50880409200056,
            -22.678623913328476
          ],
          [
            147.5093240920006,
            -22.679082913328447
          ],
          [
            147.50998359200057,
            -22.679642913328458
          ],
          [
            147.51156309100057,
            -22.68101941332844
          ],
          [
            147.51225359100061,
            -22.68184491332843
          ],
          [
            147.51255759100061,
            -22.682597413328395
          ],
          [
            147.51253259100056,
            -22.683274413328373
          ],
          [
            147.51225009100065,
            -22.68378391332837
          ],
          [
            147.51170159100062,
            -22.684286413328334
          ]
        ]
      }
    },
    {
      "type": "Feature",
      "properties": {
        "name": null,
        "alternate_name": null,
        "perenniality": "Intermittent",
        "hierarchy": "Minor",
        "stream_order": 1,
        "feature_type": "Watercourse"
      },
      "geometry": {
        "type": "LineString",
        "coordinates": [
          [
            147.5923990880007,
            -22.64265141932917
          ],
          [
            147.59305208800072,
            -22.64305641932916
          ]
        ]
      }
    },
    {
      "type": "Feature",
      "properties": {
        "name": null,
        "alternate_name": null,
        "perenniality": "Intermittent",
        "hierarchy": "Minor",
        "stream_order": 1,
        "feature_type": "Watercourse"
      },
      "geometry": {
        "type": "LineString",
        "coordinates": [
          [
            147.59389708700064,
            -22.643657419329163
          ],
          [
            147.59448608700063,
            -22.644005919329132
          ],
          [
            147.59501858700077,
            -22.644570419329114
          ],
          [
            147.59528908700065,
            -22.644944919329127
          ],
          [
            147.59538658700072,
            -22.645476919329134
          ],
          [
            147.5954405870007,
            -22.64584341932911
          ],
          [
            147.59560308700065,
            -22.646221919329115
          ],
          [
            147.59602808700075,
            -22.646422419329127
          ],
          [
            147.59673358700073,
            -22.646459919329082
          ],
          [
            147.5969940870007,
            -22.64661691932909
          ],
          [
            147.59771808700071,
            -22.647407919329073
          ],
          [
            147.5977433088547,
            -22.647465270008556
          ]
        ]
      }
    },
    {
      "type": "Feature",
      "properties": {
        "name": null,
        "alternate_name": null,
        "perenniality": "Intermittent",
        "hierarchy": "Minor",
        "stream_order": 1,
        "feature_type": "Watercourse"
      },
      "geometry": {
        "type": "LineString",
        "coordinates": [
          [
            147.57898758800076,
            -22.65304141832862
          ],
          [
            147.57977908800075,
            -22.653375918328628
          ],
          [
            147.57994508800078,
            -22.653432418328663
          ]
        ]
      }
    },
    {
      "type": "Feature",
      "properties": {
        "name": null,
        "alternate_name": null,
        "perenniality": "Intermittent",
        "hierarchy": "Minor",
        "stream_order": 1,
        "feature_type": "Connector"
      },
      "geometry": {
        "type": "LineString",
        "coordinates": [
          [
            147.58002107700054,
            -22.773197419325943
          ],
          [
            147.5800080770006,
            -22.773429919325967
          ],
          [
            147.57988457700063,
            -22.773584419325974
          ]
        ]
      }
    },
    {
      "type": "Feature",
      "properties": {
        "name": null,
        "alternate_name": null,
        "perenniality": "Perennial",
        "hierarchy": "Minor",
        "stream_order": 2,
        "feature_type": "Connector"
      },
      "geometry": {
        "type": "LineString",
        "coordinates": [
          [
            147.52184059500055,
            -22.63143041332958
          ],
          [
            147.52234659500064,
            -22.63129641332957
          ]
        ]
      }
    },
    {
      "type": "Feature",
      "properties": {
        "name": "Bath Creek",
        "alternate_name": null,
        "perenniality": "Intermittent",
        "hierarchy": "Minor",
        "stream_order": 3,
        "feature_type": "Connector"
      },
      "geometry": {
        "type": "LineString",
        "coordinates": [
          [
            147.57653707500072,
            -22.791859919325546
          ],
          [
            147.57634107500064,
            -22.79195941932559
          ]
        ]
      }
    },
    {
      "type": "Feature",
      "properties": {
        "name": "Sandy Creek",
        "alternate_name": null,
        "perenniality": "Intermittent",
        "hierarchy": "Major",
        "stream_order": 5,
        "feature_type": "Connector"
      },
      "geometry": {
        "type": "LineString",
        "coordinates": [
          [
            147.57634107500064,
            -22.79195941932559
          ],
          [
            147.57628407500067,
            -22.792708419325546
          ],
          [
            147.57600657500063,
            -22.793331919325542
          ],
          [
            147.57592184427534,
            -22.793624535900307
          ]
        ]
      }
    },
    {
      "type": "Feature",
      "properties": {
        "name": null,
        "alternate_name": null,
        "perenniality": "Perennial",
        "hierarchy": "Minor",
        "stream_order": 3,
        "feature_type": "Connector"
      },
      "geometry": {
        "type": "LineString",
        "coordinates": [
          [
            147.50168359200038,
            -22.680713412328537
          ],
          [
            147.50212709200048,
            -22.680733912328524
          ]
        ]
      }
    },
    {
      "type": "Feature",
      "properties": {
        "name": "Brigalow Creek",
        "alternate_name": null,
        "perenniality": "Intermittent",
        "hierarchy": "Minor",
        "stream_order": 1,
        "feature_type": "Connector"
      },
      "geometry": {
        "type": "LineString",
        "coordinates": [
          [
            147.4677650980006,
            -22.64680690932919
          ],
          [
            147.46776409800063,
            -22.646755909329205
          ],
          [
            147.46790709800064,
            -22.6464169093292
          ]
        ]
      }
    },
    {
      "type": "Feature",
      "properties": {
        "name": null,
        "alternate_name": null,
        "perenniality": "Perennial",
        "hierarchy": "Minor",
        "stream_order": 2,
        "feature_type": "Connector"
      },
      "geometry": {
        "type": "LineString",
        "coordinates": [
          [
            147.5284290960006,
            -22.609949914330013
          ],
          [
            147.5284690960006,
            -22.60984741432998
          ],
          [
            147.5291060960006,
            -22.60860541433003
          ]
        ]
      }
    },
    {
      "type": "Feature",
      "properties": {
        "name": "Sandy Creek",
        "alternate_name": null,
        "perenniality": "Intermittent",
        "hierarchy": "Major",
        "stream_order": 5,
        "feature_type": "Connector"
      },
      "geometry": {
        "type": "LineString",
        "coordinates": [
          [
            147.56900915245848,
            -22.78751243000906
          ],
          [
            147.56923357700063,
            -22.78733591832552
          ],
          [
            147.56970107600063,
            -22.787199418325535
          ],
          [
            147.57030257600064,
            -22.787203918325545
          ],
          [
            147.5718350760006,
            -22.787726918325642
          ],
          [
            147.57228407600059,
            -22.78806991832564
          ],
          [
            147.57249607600062,
            -22.788530418325607
          ],
          [
            147.57278507600054,
            -22.789056418325654
          ],
          [
            147.57365257600065,
            -22.789557919325638
          ],
          [
            147.57500207600074,
            -22.790430919325683
          ],
          [
            147.5760125760007,
            -22.791493919325593
          ],
          [
            147.57634107500064,
            -22.79195941932559
          ]
        ]
      }
    },
    {
      "type": "Feature",
      "properties": {
        "name": null,
        "alternate_name": null,
        "perenniality": "Intermittent",
        "hierarchy": "Minor",
        "stream_order": 1,
        "feature_type": "Connector"
      },
      "geometry": {
        "type": "LineString",
        "coordinates": [
          [
            147.51758859800063,
            -22.602111413330316
          ],
          [
            147.51767359800064,
            -22.60202791333036
          ],
          [
            147.51794359800064,
            -22.601839413330314
          ]
        ]
      }
    },
    {
      "type": "Feature",
      "properties": {
        "name": null,
        "alternate_name": null,
        "perenniality": "Intermittent",
        "hierarchy": "Minor",
        "stream_order": 1,
        "feature_type": "Connector"
      },
      "geometry": {
        "type": "LineString",
        "coordinates": [
          [
            147.59305208800072,
            -22.64305641932916
          ],
          [
            147.59331058800072,
            -22.64321691932915
          ],
          [
            147.59379858700075,
            -22.643598919329133
          ],
          [
            147.59389708700064,
            -22.643657419329163
          ]
        ]
      }
    },
    {
      "type": "Feature",
      "properties": {
        "name": null,
        "alternate_name": null,
        "perenniality": "Intermittent",
        "hierarchy": "Minor",
        "stream_order": 1,
        "feature_type": "Connector"
      },
      "geometry": {
        "type": "LineString",
        "coordinates": [
          [
            147.57994508800078,
            -22.653432418328663
          ],
          [
            147.5803645880007,
            -22.653575918328638
          ],
          [
            147.58066108800077,
            -22.653611918328654
          ]
        ]
      }
    },
    {
      "type": "Feature",
      "properties": {
        "name": null,
        "alternate_name": null,
        "perenniality": "Intermittent",
        "hierarchy": "Minor",
        "stream_order": 1,
        "feature_type": "Watercourse"
      },
      "geometry": {
        "type": "LineString",
        "coordinates": [
          [
            147.46609959700066,
            -22.657487909329
          ],
          [
            147.46533809700057,
            -22.657513909328966
          ],
          [
            147.46411809800057,
            -22.657694909328928
          ],
          [
            147.46325309800054,
            -22.65857040932889
          ],
          [
            147.46254659800056,
            -22.65913940932891
          ],
          [
            147.46228259800054,
            -22.659490409328864
          ],
          [
            147.46214359800058,
            -22.660196909328878
          ],
          [
            147.46201259800054,
            -22.660622409328813
          ],
          [
            147.4613665980006,
            -22.661109409328805
          ],
          [
            147.46083059800057,
            -22.661631409328766
          ],
          [
            147.46045609700053,
            -22.66238740932878
          ],
          [
            147.46025109700048,
            -22.663737909328734
          ]
        ]
      }
    },
    {
      "type": "Feature",
      "properties": {
        "name": null,
        "alternate_name": null,
        "perenniality": "Intermittent",
        "hierarchy": "Minor",
        "stream_order": 1,
        "feature_type": "Watercourse"
      },
      "geometry": {
        "type": "LineString",
        "coordinates": [
          [
            147.4727165960008,
            -22.662725910328767
          ],
          [
            147.47479659600074,
            -22.66184091032865
          ],
          [
            147.47577909600068,
            -22.661706410328588
          ],
          [
            147.47675559600066,
            -22.66167141032851
          ],
          [
            147.47799259600072,
            -22.661552910328435
          ],
          [
            147.47866359600076,
            -22.661206910328417
          ],
          [
            147.47891359600067,
            -22.660902410328394
          ],
          [
            147.4790140960007,
            -22.66080041032842
          ],
          [
            147.47927559600066,
            -22.6607409103284
          ],
          [
            147.4798615960007,
            -22.660839410328332
          ],
          [
            147.4807765960007,
            -22.66063091032831
          ],
          [
            147.480906144416,
            -22.660542893300843
          ]
        ]
      }
    },
    {
      "type": "Feature",
      "properties": {
        "name": "Wait-A-While",
        "alternate_name": null,
        "perenniality": "Intermittent",
        "hierarchy": "Minor",
        "stream_order": 1,
        "feature_type": "Watercourse"
      },
      "geometry": {
        "type": "LineString",
        "coordinates": [
          [
            147.42913759300055,
            -22.743499907326445
          ],
          [
            147.43071459300052,
            -22.742439907326453
          ],
          [
            147.43184709300056,
            -22.742023907326498
          ],
          [
            147.4327150930005,
            -22.742274907326507
          ],
          [
            147.4350455920006,
            -22.742688907326535
          ],
          [
            147.43599809200046,
            -22.74255490732659
          ],
          [
            147.43686859200054,
            -22.742138407326657
          ],
          [
            147.43903259200047,
            -22.74155890832675
          ],
          [
            147.4393322948598,
            -22.741464081629204
          ]
        ]
      }
    },
    {
      "type": "Feature",
      "properties": {
        "name": null,
        "alternate_name": null,
        "perenniality": "Intermittent",
        "hierarchy": "Minor",
        "stream_order": 1,
        "feature_type": "Watercourse"
      },
      "geometry": {
        "type": "LineString",
        "coordinates": [
          [
            147.43288109200043,
            -22.753896407326433
          ],
          [
            147.43557009200043,
            -22.752650407326424
          ],
          [
            147.43824209100043,
            -22.751589908326437
          ],
          [
            147.4390230910004,
            -22.751081908326444
          ],
          [
            147.43920859100044,
            -22.750661408326433
          ],
          [
            147.43948859100038,
            -22.7500624083265
          ],
          [
            147.43967109100046,
            -22.749943908326525
          ],
          [
            147.44004859100048,
            -22.74996040832648
          ],
          [
            147.44122559100046,
            -22.75033790832647
          ],
          [
            147.44242951575563,
            -22.750140021185715
          ]
        ]
      }
    },
    {
      "type": "Feature",
      "properties": {
        "name": null,
        "alternate_name": null,
        "perenniality": "Intermittent",
        "hierarchy": "Minor",
        "stream_order": 1,
        "feature_type": "Watercourse"
      },
      "geometry": {
        "type": "LineString",
        "coordinates": [
          [
            147.58002657700055,
            -22.77096391932602
          ],
          [
            147.57968007700066,
            -22.771940419326043
          ],
          [
            147.5796535770006,
            -22.772509919326005
          ],
          [
            147.58003507700062,
            -22.772941919325962
          ],
          [
            147.58002107700054,
            -22.773197419325943
          ]
        ]
      }
    },
    {
      "type": "Feature",
      "properties": {
        "name": null,
        "alternate_name": null,
        "perenniality": "Intermittent",
        "hierarchy": "Minor",
        "stream_order": 1,
        "feature_type": "Watercourse"
      },
      "geometry": {
        "type": "LineString",
        "coordinates": [
          [
            147.43014559200049,
            -22.75748140732643
          ],
          [
            147.4276750920004,
            -22.756851407326582
          ],
          [
            147.42647659200048,
            -22.75685240732663
          ],
          [
            147.42596809200046,
            -22.756967907326658
          ],
          [
            147.42499004479944,
            -22.757178187474956
          ]
        ]
      }
    },
    {
      "type": "Feature",
      "properties": {
        "name": null,
        "alternate_name": null,
        "perenniality": "Intermittent",
        "hierarchy": "Minor",
        "stream_order": 1,
        "feature_type": "Watercourse"
      },
      "geometry": {
        "type": "LineString",
        "coordinates": [
          [
            147.64800256000046,
            -22.895061925323134
          ],
          [
            147.6502935040005,
            -22.8956393793232
          ],
          [
            147.65060028300047,
            -22.8956352343232
          ],
          [
            147.65075643700052,
            -22.895736112323206
          ],
          [
            147.65104525200047,
            -22.89580935232321
          ],
          [
            147.65135755900042,
            -22.895749930323195
          ],
          [
            147.65157727900043,
            -22.89581349732318
          ],
          [
            147.65187576700043,
            -22.89601663532319
          ],
          [
            147.65228618800043,
            -22.89619489932318
          ],
          [
            147.65248907200044,
            -22.89637697732315
          ],
          [
            147.6530130620005,
            -22.896681324323144
          ],
          [
            147.6533778810005,
            -22.896801548323136
          ],
          [
            147.65358654600055,
            -22.89696461132314
          ],
          [
            147.65388547100048,
            -22.897093213323153
          ],
          [
            147.65418573500054,
            -22.897292265323173
          ],
          [
            147.65418006700045,
            -22.897531531323192
          ],
          [
            147.65436359900056,
            -22.898233272323207
          ],
          [
            147.6544564450006,
            -22.898360665323164
          ],
          [
            147.65449531100055,
            -22.898593858323217
          ],
          [
            147.65441115800053,
            -22.89872288532317
          ],
          [
            147.65438735100048,
            -22.89888103232322
          ],
          [
            147.6548048340005,
            -22.899444096323215
          ],
          [
            147.6550890910006,
            -22.89959141032323
          ],
          [
            147.6552450940005,
            -22.899633649323214
          ],
          [
            147.6554711350005,
            -22.899572921323212
          ],
          [
            147.65589285400048,
            -22.899566174323216
          ],
          [
            147.65632469400055,
            -22.899677508323204
          ],
          [
            147.65675653500054,
            -22.89971124532317
          ],
          [
            147.6571899950005,
            -22.899813807323177
          ],
          [
            147.6578248000005,
            -22.90005347932319
          ],
          [
            147.65786582500058,
            -22.900159280323216
          ],
          [
            147.65812277000055,
            -22.900383837323186
          ],
          [
            147.6582863510006,
            -22.90042071632318
          ],
          [
            147.6584659960006,
            -22.9004165703232
          ],
          [
            147.6585862210005,
            -22.900521594323195
          ],
          [
            147.65878383100062,
            -22.9005810153232
          ],
          [
            147.65914312200061,
            -22.900621090323217
          ],
          [
            147.6594416100006,
            -22.900663928323233
          ],
          [
            147.6599488190006,
            -22.9008922163232
          ],
          [
            147.66032646100058,
            -22.901126585323215
          ],
          [
            147.66050014633905,
            -22.901298375356678
          ]
        ]
      }
    },
    {
      "type": "Feature",
      "properties": {
        "name": null,
        "alternate_name": null,
        "perenniality": "Intermittent",
        "hierarchy": "Minor",
        "stream_order": 1,
        "feature_type": "Watercourse"
      },
      "geometry": {
        "type": "LineString",
        "coordinates": [
          [
            147.64474338578194,
            -22.89908026879592
          ],
          [
            147.6447750600006,
            -22.89905892532321
          ],
          [
            147.6455320600006,
            -22.898378425323227
          ],
          [
            147.6456775600005,
            -22.89816092532319
          ],
          [
            147.64570306000044,
            -22.89742892532315
          ],
          [
            147.64613956000056,
            -22.896966425323182
          ],
          [
            147.6464280600004,
            -22.896071425323147
          ],
          [
            147.6468355600005,
            -22.89568992532313
          ],
          [
            147.64800256000046,
            -22.895061925323134
          ]
        ]
      }
    },
    {
      "type": "Feature",
      "properties": {
        "name": null,
        "alternate_name": null,
        "perenniality": "Intermittent",
        "hierarchy": "Minor",
        "stream_order": 1,
        "feature_type": "Watercourse"
      },
      "geometry": {
        "type": "LineString",
        "coordinates": [
          [
            147.57988457700063,
            -22.773584419325974
          ],
          [
            147.57913607700064,
            -22.774516919325972
          ],
          [
            147.57835557700068,
            -22.776552419325913
          ],
          [
            147.5780940770006,
            -22.776932919325922
          ],
          [
            147.5774230770007,
            -22.777260419325973
          ],
          [
            147.5772780770006,
            -22.777504919325985
          ],
          [
            147.57705157700065,
            -22.779212919325957
          ],
          [
            147.5765300760007,
            -22.78035291932591
          ],
          [
            147.5766225760006,
            -22.781490919325893
          ],
          [
            147.57641957600075,
            -22.781843919325855
          ],
          [
            147.5763940760007,
            -22.782683919325862
          ],
          [
            147.5754920760007,
            -22.783689919325848
          ]
        ]
      }
    },
    {
      "type": "Feature",
      "properties": {
        "name": "McDonald Gully",
        "alternate_name": null,
        "perenniality": "Intermittent",
        "hierarchy": "Minor",
        "stream_order": 3,
        "feature_type": "Watercourse"
      },
      "geometry": {
        "type": "LineString",
        "coordinates": [
          [
            147.65926342500032,
            -22.891731970322976
          ],
          [
            147.65940229800043,
            -22.891936176322957
          ],
          [
            147.65941071300048,
            -22.891994381322988
          ],
          [
            147.65934000600038,
            -22.89216799732297
          ],
          [
            147.65940427400042,
            -22.892503351323004
          ],
          [
            147.65952085000046,
            -22.892778771322988
          ],
          [
            147.65947469300042,
            -22.893264341323018
          ],
          [
            147.6595579970004,
            -22.893439280323
          ],
          [
            147.65994952700044,
            -22.89366003732305
          ],
          [
            147.66026555000045,
            -22.894136804323054
          ],
          [
            147.6602967710005,
            -22.894250428323044
          ],
          [
            147.6602399590005,
            -22.894541995323035
          ],
          [
            147.66030330700053,
            -22.894731960323046
          ],
          [
            147.66045627900044,
            -22.89496696532309
          ],
          [
            147.66051293000046,
            -22.89508367332305
          ],
          [
            147.66050653300047,
            -22.89520309832308
          ],
          [
            147.66044042200045,
            -22.895307595323075
          ],
          [
            147.66050440000055,
            -22.895736245323093
          ],
          [
            147.66068780300049,
            -22.895966565323125
          ],
          [
            147.66069367200046,
            -22.896088496323088
          ],
          [
            147.66074618900043,
            -22.8961669073231
          ],
          [
            147.66092238700057,
            -22.89636962432308
          ],
          [
            147.66096671900056,
            -22.89655286832311
          ],
          [
            147.6610396800006,
            -22.89667458532313
          ],
          [
            147.66110579000045,
            -22.89674069532311
          ],
          [
            147.66125240600053,
            -22.897245452323123
          ],
          [
            147.66144700400056,
            -22.897465775323127
          ],
          [
            147.6616222260005,
            -22.897557820323158
          ],
          [
            147.66181887500053,
            -22.898125145323153
          ],
          [
            147.6619524280005,
            -22.89823350732315
          ],
          [
            147.6621221020006,
            -22.89851834132318
          ],
          [
            147.6622362330006,
            -22.898639808323164
          ],
          [
            147.6623167590005,
            -22.898665740323192
          ],
          [
            147.66239728600056,
            -22.898716240323175
          ],
          [
            147.66257744700056,
            -22.898747632323214
          ],
          [
            147.66269346000058,
            -22.898849996323218
          ],
          [
            147.66291307600056,
            -22.899284115323198
          ],
          [
            147.66305710900053,
            -22.899344586323195
          ],
          [
            147.66323091500058,
            -22.899549106323207
          ],
          [
            147.66339431800054,
            -22.89982881132325
          ],
          [
            147.66414843780598,
            -22.900164710686973
          ]
        ]
      }
    },
    {
      "type": "Feature",
      "properties": {
        "name": null,
        "alternate_name": null,
        "perenniality": "Intermittent",
        "hierarchy": "Minor",
        "stream_order": 1,
        "feature_type": "Watercourse"
      },
      "geometry": {
        "type": "LineString",
        "coordinates": [
          [
            147.58066108800077,
            -22.653611918328654
          ],
          [
            147.58082208800064,
            -22.653631418328665
          ],
          [
            147.58135758800069,
            -22.653609418328678
          ],
          [
            147.5817690880007,
            -22.653600418328654
          ],
          [
            147.58306608700073,
            -22.653728918328692
          ],
          [
            147.58443258700075,
            -22.653941418328706
          ],
          [
            147.58571658700066,
            -22.654103918328783
          ],
          [
            147.5867025870007,
            -22.65409891832878
          ],
          [
            147.58751158700068,
            -22.65444241932884
          ],
          [
            147.5878965870007,
            -22.654803419328847
          ],
          [
            147.58812408700066,
            -22.65511741932885
          ],
          [
            147.58839458700072,
            -22.655518919328856
          ],
          [
            147.58877158700065,
            -22.65571841932889
          ],
          [
            147.5895195870007,
            -22.6559929193289
          ],
          [
            147.58990758700068,
            -22.65601291932892
          ],
          [
            147.59045208700067,
            -22.656079919328924
          ],
          [
            147.59106658600066,
            -22.656395419328923
          ],
          [
            147.5915385860006,
            -22.65655541932889
          ],
          [
            147.59197093971784,
            -22.65673450075021
          ]
        ]
      }
    },
    {
      "type": "Feature",
      "properties": {
        "name": null,
        "alternate_name": null,
        "perenniality": "Intermittent",
        "hierarchy": "Minor",
        "stream_order": 1,
        "feature_type": "Watercourse"
      },
      "geometry": {
        "type": "LineString",
        "coordinates": [
          [
            147.63579888381793,
            -22.876054311623868
          ],
          [
            147.6358359130008,
            -22.876035352323587
          ],
          [
            147.63589670900072,
            -22.87603325632359
          ],
          [
            147.63596868700068,
            -22.875981544323576
          ],
          [
            147.63602529000073,
            -22.875971761323576
          ],
          [
            147.63607700200072,
            -22.875979448323562
          ],
          [
            147.63616505100075,
            -22.8760255693236
          ],
          [
            147.6362272450007,
            -22.876075184323565
          ],
          [
            147.63636001800072,
            -22.87608916032354
          ],
          [
            147.63643585300068,
            -22.876119097323564
          ],
          [
            147.63651042200075,
            -22.876132924323535
          ],
          [
            147.63655973700068,
            -22.87614727332356
          ],
          [
            147.63660311900077,
            -22.87618528832353
          ],
          [
            147.63667736700063,
            -22.876216983323538
          ],
          [
            147.63671710900067,
            -22.87625966932357
          ],
          [
            147.63674573900076,
            -22.876258901323556
          ],
          [
            147.63679677300075,
            -22.876232416323532
          ],
          [
            147.63690229200066,
            -22.876228922323534
          ],
          [
            147.63702947500065,
            -22.87625128332352
          ],
          [
            147.63722522800074,
            -22.876313477323517
          ],
          [
            147.63741767300064,
            -22.876288910323556
          ],
          [
            147.63750911900067,
            -22.87622885632353
          ],
          [
            147.63765242900072,
            -22.876212478323527
          ],
          [
            147.63775206300073,
            -22.87625478832349
          ],
          [
            147.6378812270007,
            -22.876323088323506
          ],
          [
            147.63802436500066,
            -22.876316762323494
          ],
          [
            147.6382293260007,
            -22.876235735323533
          ],
          [
            147.6383358940007,
            -22.876209530323493
          ],
          [
            147.63841887800075,
            -22.876160613323542
          ],
          [
            147.63858462600072,
            -22.87615378932351
          ],
          [
            147.6386773510007,
            -22.876073774323523
          ],
          [
            147.63890980300076,
            -22.875898902323527
          ],
          [
            147.6390654820007,
            -22.875888239323515
          ],
          [
            147.63920410000074,
            -22.875798670323505
          ],
          [
            147.63939535100067,
            -22.875824858323497
          ],
          [
            147.63956049900074,
            -22.875717035323547
          ],
          [
            147.63966968700078,
            -22.875622860323535
          ],
          [
            147.6400149960007,
            -22.87555598232355
          ],
          [
            147.6401883330007,
            -22.875414037323495
          ],
          [
            147.6404963160008,
            -22.875296446323514
          ],
          [
            147.64068625000078,
            -22.875253127323525
          ],
          [
            147.64086752000074,
            -22.875414804323512
          ],
          [
            147.64094069700076,
            -22.87558846532353
          ],
          [
            147.64102106000064,
            -22.875737835323502
          ],
          [
            147.64113199500076,
            -22.875821692323488
          ],
          [
            147.64122642600074,
            -22.875832368323525
          ],
          [
            147.6413117630007,
            -22.875811035323522
          ],
          [
            147.64134530600066,
            -22.87579496332352
          ],
          [
            147.6413826920007,
            -22.875667955323483
          ],
          [
            147.64143248200074,
            -22.875550031323492
          ],
          [
            147.64149537500066,
            -22.87545481832355
          ],
          [
            147.64159495500067,
            -22.875425993323535
          ],
          [
            147.6416889930007,
            -22.875337605323548
          ],
          [
            147.64183400900075,
            -22.87523865232353
          ],
          [
            147.64197325500075,
            -22.875126006323544
          ],
          [
            147.64211556600074,
            -22.875101921323537
          ],
          [
            147.64221689300066,
            -22.874997974323534
          ],
          [
            147.6423077380007,
            -22.874912370323532
          ],
          [
            147.64238984700071,
            -22.87479269932355
          ],
          [
            147.64252036600072,
            -22.87473532932357
          ],
          [
            147.64266500200065,
            -22.874652064323577
          ],
          [
            147.64279602900072,
            -22.874622365323535
          ],
          [
            147.6429088340007,
            -22.87450333632359
          ],
          [
            147.64310350400075,
            -22.874349830323588
          ],
          [
            147.64319784300076,
            -22.874258112323577
          ],
          [
            147.64321356600072,
            -22.874173382323594
          ],
          [
            147.6432637400007,
            -22.87409105532358
          ],
          [
            147.64326535800072,
            -22.8739690133236
          ],
          [
            147.64329440600073,
            -22.87392839032358
          ],
          [
            147.6434633890007,
            -22.8738791143236
          ],
          [
            147.64356010400073,
            -22.873872964323557
          ]
        ]
      }
    },
    {
      "type": "Feature",
      "properties": {
        "name": "McDonald Gully",
        "alternate_name": null,
        "perenniality": "Intermittent",
        "hierarchy": "Minor",
        "stream_order": 2,
        "feature_type": "Watercourse"
      },
      "geometry": {
        "type": "LineString",
        "coordinates": [
          [
            147.64356010400073,
            -22.873872964323557
          ],
          [
            147.6436394890007,
            -22.873883586323615
          ],
          [
            147.6437445890007,
            -22.873964089323604
          ],
          [
            147.64381279300076,
            -22.873979183323595
          ],
          [
            147.6440927580008,
            -22.87393903932357
          ],
          [
            147.64438288000068,
            -22.873855029323597
          ],
          [
            147.64489128900078,
            -22.873756076323602
          ],
          [
            147.64510284200077,
            -22.87373731032362
          ],
          [
            147.64526491900077,
            -22.87375437032364
          ],
          [
            147.6453536340007,
            -22.873807259323584
          ],
          [
            147.64539927200067,
            -22.87389960032361
          ],
          [
            147.64557099000075,
            -22.874008114323587
          ],
          [
            147.6456324850007,
            -22.87402348732358
          ],
          [
            147.64569467900077,
            -22.874024885323585
          ],
          [
            147.64575485800077,
            -22.873979234323592
          ],
          [
            147.64580159700068,
            -22.87397596932361
          ],
          [
            147.64589314000074,
            -22.874020692323594
          ],
          [
            147.64603779300074,
            -22.87405004232362
          ],
          [
            147.6462022420007,
            -22.87411297432362
          ],
          [
            147.64623974900067,
            -22.874145779323594
          ],
          [
            147.64629204700068,
            -22.874168073323617
          ],
          [
            147.64633856000074,
            -22.87420805632359
          ],
          [
            147.64634079600077,
            -22.874238916323627
          ],
          [
            147.64638149500075,
            -22.874266644323583
          ],
          [
            147.64637568000072,
            -22.874315840323604
          ],
          [
            147.6463948840007,
            -22.874340746323618
          ],
          [
            147.64643035000066,
            -22.87436339032358
          ],
          [
            147.64645288500074,
            -22.874399446323586
          ],
          [
            147.64648433100072,
            -22.874425301323633
          ],
          [
            147.6464920180007,
            -22.8744546513236
          ],
          [
            147.64652625900067,
            -22.874503568323615
          ],
          [
            147.64652905500068,
            -22.874574147323624
          ],
          [
            147.6465094880007,
            -22.874613280323594
          ],
          [
            147.64653534400068,
            -22.874648221323614
          ],
          [
            147.6465979740007,
            -22.87482414532357
          ],
          [
            147.64670279500066,
            -22.874934426323613
          ],
          [
            147.64674428700076,
            -22.87502723632356
          ],
          [
            147.64676175700075,
            -22.875112403323573
          ],
          [
            147.64672019700075,
            -22.875262537323582
          ],
          [
            147.64674920100074,
            -22.87540414132355
          ],
          [
            147.64673384600064,
            -22.87552356632358
          ],
          [
            147.6467474940007,
            -22.875801656323567
          ],
          [
            147.64677479200066,
            -22.875907432323558
          ],
          [
            147.64670484300066,
            -22.876038800323542
          ],
          [
            147.6467108140007,
            -22.876130821323535
          ],
          [
            147.64676456100074,
            -22.876415425323522
          ],
          [
            147.64749756100068,
            -22.87686942532351
          ],
          [
            147.64770056100062,
            -22.87718392532351
          ],
          [
            147.64798306100067,
            -22.877743925323497
          ],
          [
            147.64836406100068,
            -22.8781254253235
          ],
          [
            147.64861206100065,
            -22.87853792532347
          ],
          [
            147.6490405220006,
            -22.87901589432349
          ],
          [
            147.6491901110007,
            -22.879067213323456
          ],
          [
            147.64929820700058,
            -22.879075948323507
          ],
          [
            147.6495056660006,
            -22.879169850323454
          ],
          [
            147.64964979500058,
            -22.879211342323504
          ],
          [
            147.64995556600064,
            -22.87924258032353
          ],
          [
            147.65013786800063,
            -22.87926047632351
          ],
          [
            147.6503966440006,
            -22.87933254132347
          ],
          [
            147.6505782470006,
            -22.879306193323462
          ],
          [
            147.65076133400058,
            -22.879324898323464
          ],
          [
            147.65096005700065,
            -22.87943190332346
          ],
          [
            147.65123084500058,
            -22.879501783323455
          ],
          [
            147.6513771580005,
            -22.879591318323435
          ],
          [
            147.65148634600052,
            -22.879604420323457
          ],
          [
            147.65166214000058,
            -22.87952580532344
          ],
          [
            147.6517724200006,
            -22.87951707032344
          ],
          [
            147.65199931400062,
            -22.87957341132343
          ],
          [
            147.65211322000062,
            -22.8795545433234
          ],
          [
            147.6523877660005,
            -22.87944411832344
          ],
          [
            147.65255154900058,
            -22.879421939323414
          ],
          [
            147.65291494200065,
            -22.87942023332342
          ],
          [
            147.65318620700054,
            -22.879396348323386
          ],
          [
            147.65325274400058,
            -22.87936393332342
          ],
          [
            147.65335681400052,
            -22.8794048783234
          ],
          [
            147.65343870600051,
            -22.87948165232342
          ],
          [
            147.65343706100052,
            -22.879645926323395
          ],
          [
            147.65356442200058,
            -22.879750891323383
          ],
          [
            147.6533564950006,
            -22.880113431323338
          ],
          [
            147.65330851100055,
            -22.88035334732339
          ],
          [
            147.65323387100054,
            -22.88047863732336
          ],
          [
            147.6531427370006,
            -22.880987840323314
          ]
        ]
      }
    },
    {
      "type": "Feature",
      "properties": {
        "name": null,
        "alternate_name": null,
        "perenniality": "Intermittent",
        "hierarchy": "Minor",
        "stream_order": 3,
        "feature_type": "Watercourse"
      },
      "geometry": {
        "type": "LineString",
        "coordinates": [
          [
            147.4503215970006,
            -22.672221408328273
          ],
          [
            147.45165809700057,
            -22.673184408328297
          ],
          [
            147.4519075970006,
            -22.67355140832834
          ],
          [
            147.45194009700074,
            -22.673940408328313
          ],
          [
            147.45159509700068,
            -22.67524690832826
          ],
          [
            147.4515170970006,
            -22.675748408328225
          ],
          [
            147.45157159700065,
            -22.676284408328236
          ],
          [
            147.45223609700068,
            -22.67731090832823
          ]
        ]
      }
    },
    {
      "type": "Feature",
      "properties": {
        "name": "Wolfang Creek",
        "alternate_name": null,
        "perenniality": "Intermittent",
        "hierarchy": "Major",
        "stream_order": 5,
        "feature_type": "Watercourse"
      },
      "geometry": {
        "type": "LineString",
        "coordinates": [
          [
            147.62939585522938,
            -22.786217966876194
          ],
          [
            147.62944936800045,
            -22.786372085325638
          ],
          [
            147.6296487490004,
            -22.78648552532565
          ],
          [
            147.62989625500035,
            -22.786664280325688
          ],
          [
            147.6299031300004,
            -22.786898036325677
          ],
          [
            147.62997875700037,
            -22.78702866432564
          ],
          [
            147.63018501300036,
            -22.787238358325666
          ],
          [
            147.63025101500043,
            -22.787370499325657
          ],
          [
            147.63023781400042,
            -22.787471701325654
          ],
          [
            147.63017181300035,
            -22.787513502325663
          ],
          [
            147.63006841000046,
            -22.787515702325642
          ],
          [
            147.63000460800043,
            -22.787583904325654
          ],
          [
            147.62994080600043,
            -22.787779709325616
          ],
          [
            147.62960835700048,
            -22.788307448325607
          ],
          [
            147.62936665100048,
            -22.788420244325604
          ],
          [
            147.62916254400042,
            -22.788409502325628
          ],
          [
            147.6290781090005,
            -22.788486203325572
          ],
          [
            147.62858309500035,
            -22.788713084325565
          ],
          [
            147.6285177810004,
            -22.788864338325574
          ],
          [
            147.6285315320004,
            -22.78900871732556
          ],
          [
            147.62852121900045,
            -22.789318100325556
          ],
          [
            147.62835236400042,
            -22.789865365325564
          ],
          [
            147.62827316200043,
            -22.790039169325535
          ],
          [
            147.6281807600004,
            -22.790201974325537
          ],
          [
            147.62810375800035,
            -22.79045278032553
          ],
          [
            147.6281675590004,
            -22.790718987325484
          ],
          [
            147.6280773570005,
            -22.790976394325476
          ],
          [
            147.62801795500047,
            -22.791231601325485
          ],
          [
            147.62803775600045,
            -22.791361404325475
          ],
          [
            147.62812245800043,
            -22.791500971325483
          ],
          [
            147.62808120700046,
            -22.791600661325493
          ],
          [
            147.62818433500044,
            -22.791820667325503
          ],
          [
            147.6282015230005,
            -22.792346618325457
          ],
          [
            147.62815875900046,
            -22.792538436325472
          ],
          [
            147.62822696100042,
            -22.792754041325466
          ],
          [
            147.6282643620004,
            -22.79287504532544
          ],
          [
            147.62826656200045,
            -22.79331065632543
          ],
          [
            147.62824737800042,
            -22.793418283325405
          ],
          [
            147.62816289500037,
            -22.793660465325427
          ],
          [
            147.62805588400045,
            -22.793788597325396
          ],
          [
            147.62786298300043,
            -22.793898424325423
          ],
          [
            147.6277123230004,
            -22.793904056325427
          ],
          [
            147.6274081870004,
            -22.793994170325405
          ],
          [
            147.62726738400042,
            -22.79413919832542
          ],
          [
            147.6270464920004,
            -22.794299170325367
          ],
          [
            147.6261457060004,
            -22.794800096325382
          ],
          [
            147.6259537560003,
            -22.795080294325352
          ],
          [
            147.6257474950005,
            -22.795233507325378
          ],
          [
            147.62549957600046,
            -22.795344197325363
          ],
          [
            147.6252595220004,
            -22.795634534325313
          ]
        ]
      }
    },
    {
      "type": "Feature",
      "properties": {
        "name": null,
        "alternate_name": null,
        "perenniality": "Intermittent",
        "hierarchy": "Minor",
        "stream_order": 1,
        "feature_type": "Watercourse"
      },
      "geometry": {
        "type": "LineString",
        "coordinates": [
          [
            147.49081544000052,
            -22.719942417327278
          ],
          [
            147.4913481920006,
            -22.719652969327303
          ],
          [
            147.49178026700054,
            -22.71922089432727
          ],
          [
            147.49203196100055,
            -22.719145386327323
          ],
          [
            147.49222492600052,
            -22.719183140327267
          ],
          [
            147.49247128000061,
            -22.719338497327303
          ],
          [
            147.49280801700058,
            -22.719380300327302
          ],
          [
            147.49328925600065,
            -22.719305967327305
          ],
          [
            147.49352937900065,
            -22.719353862327274
          ],
          [
            147.4937510300006,
            -22.719374481327282
          ],
          [
            147.49406203000063,
            -22.71927482432732
          ],
          [
            147.49465653800058,
            -22.719156266327328
          ],
          [
            147.49492775600066,
            -22.71898232932734
          ],
          [
            147.49525758900057,
            -22.718881412327335
          ],
          [
            147.4957269950007,
            -22.718927741327335
          ],
          [
            147.49610675600061,
            -22.718867920327362
          ],
          [
            147.49643490600062,
            -22.71861330532736
          ],
          [
            147.49685415400057,
            -22.71853426632735
          ],
          [
            147.49711017100066,
            -22.71860643232736
          ],
          [
            147.4973660890007,
            -22.718847912327355
          ],
          [
            147.49782151800068,
            -22.71903083532738
          ],
          [
            147.49833221200072,
            -22.718995015327387
          ],
          [
            147.49868235100067,
            -22.71897241532737
          ],
          [
            147.4992940410007,
            -22.718996470327436
          ],
          [
            147.4995414660007,
            -22.718932896327427
          ],
          [
            147.49983528400077,
            -22.719008498327405
          ],
          [
            147.50057412300072,
            -22.719010216327415
          ],
          [
            147.5008510890007,
            -22.7190739123274
          ],
          [
            147.50178008900073,
            -22.719509912327393
          ],
          [
            147.50188577700072,
            -22.719689884327337
          ],
          [
            147.50197168800074,
            -22.720084540327345
          ],
          [
            147.50219720600072,
            -22.72031274232735
          ],
          [
            147.50239587700074,
            -22.72088459132731
          ],
          [
            147.50269916500065,
            -22.721153366327282
          ],
          [
            147.50293369300076,
            -22.72163715332727
          ],
          [
            147.50287655200066,
            -22.722063512327264
          ],
          [
            147.50314996500074,
            -22.72257451632722
          ],
          [
            147.50336743500068,
            -22.72277439232722
          ],
          [
            147.5034670860007,
            -22.723016270327207
          ],
          [
            147.50341876100075,
            -22.72321225632721
          ],
          [
            147.5027837670007,
            -22.7236872393272
          ],
          [
            147.50277673300076,
            -22.72379837032718
          ],
          [
            147.50290708800074,
            -22.72412441232721
          ],
          [
            147.50316371100067,
            -22.724304943327155
          ],
          [
            147.50334901100067,
            -22.72455607332718
          ],
          [
            147.50402602000068,
            -22.725014489327105
          ],
          [
            147.50459148600066,
            -22.72531608132711
          ],
          [
            147.50470474900064,
            -22.725550996327126
          ],
          [
            147.50469272100062,
            -22.72646218132704
          ],
          [
            147.50484048900063,
            -22.72671476132703
          ],
          [
            147.5048625880007,
            -22.727046413327013
          ],
          [
            147.50496248300058,
            -22.727290368327036
          ],
          [
            147.50511014400064,
            -22.727448768327005
          ],
          [
            147.5050416150006,
            -22.727981257327016
          ],
          [
            147.50542425800055,
            -22.728721332326998
          ],
          [
            147.50542694200058,
            -22.729019337326974
          ],
          [
            147.5056793070006,
            -22.729306604326943
          ],
          [
            147.50563259300054,
            -22.72978523932695
          ],
          [
            147.50549685300047,
            -22.730226824326923
          ],
          [
            147.50552159500057,
            -22.7305609173269
          ],
          [
            147.5058262030005,
            -22.730604903326935
          ],
          [
            147.50600215000048,
            -22.730821538326886
          ],
          [
            147.5060168750005,
            -22.73110966532691
          ]
        ]
      }
    },
    {
      "type": "Feature",
      "properties": {
        "name": null,
        "alternate_name": null,
        "perenniality": "Intermittent",
        "hierarchy": "Minor",
        "stream_order": 1,
        "feature_type": "Watercourse"
      },
      "geometry": {
        "type": "LineString",
        "coordinates": [
          [
            147.63579577063715,
            -22.88385778155796
          ],
          [
            147.63580987200052,
            -22.88384885332327
          ],
          [
            147.63584808800056,
            -22.883750583323238
          ],
          [
            147.63593680300062,
            -22.88364548932326
          ],
          [
            147.6360202580006,
            -22.883597560323256
          ],
          [
            147.63604877000057,
            -22.883543891323242
          ],
          [
            147.63621648300057,
            -22.883503081323266
          ],
          [
            147.6363763700006,
            -22.88347792432328
          ],
          [
            147.63645000400064,
            -22.88344295832324
          ],
          [
            147.6365233640006,
            -22.883355703323264
          ],
          [
            147.6366204690006,
            -22.883307147323233
          ],
          [
            147.6367188670006,
            -22.883237397323267
          ],
          [
            147.63684262400056,
            -22.883215746323266
          ],
          [
            147.63691950000054,
            -22.88315550532324
          ],
          [
            147.6370095810006,
            -22.883105006323245
          ],
          [
            147.6371160400006,
            -22.88308999232326
          ],
          [
            147.63717814100065,
            -22.88306226932325
          ],
          [
            147.63732102400058,
            -22.88289592732325
          ],
          [
            147.63743618400053,
            -22.882842612323245
          ],
          [
            147.63747243800063,
            -22.88264854632325
          ],
          [
            147.63761532200056,
            -22.88255897832328
          ],
          [
            147.63772621600063,
            -22.88252272432328
          ],
          [
            147.63783924300063,
            -22.882460878323283
          ],
          [
            147.6379863920006,
            -22.882471541323287
          ],
          [
            147.63809088900052,
            -22.882381973323273
          ],
          [
            147.63823278500058,
            -22.882349790323293
          ],
          [
            147.63841291000065,
            -22.882373442323274
          ],
          [
            147.63855427200053,
            -22.882328457323286
          ],
          [
            147.63870626200062,
            -22.88233457132326
          ],
          [
            147.63886288600054,
            -22.882386238323296
          ],
          [
            147.6390036370005,
            -22.882384105323283
          ],
          [
            147.63910614700058,
            -22.882339005323253
          ],
          [
            147.63921902900051,
            -22.88234571932325
          ],
          [
            147.63925741500057,
            -22.882313730323272
          ],
          [
            147.63927447600057,
            -22.88220496832325
          ],
          [
            147.63937470800056,
            -22.882066350323274
          ],
          [
            147.63946214400065,
            -22.8819746483233
          ],
          [
            147.63961569000062,
            -22.881959720323255
          ],
          [
            147.63972658500052,
            -22.88178698032329
          ],
          [
            147.63982681600055,
            -22.881699544323286
          ],
          [
            147.63993583400057,
            -22.88168419032325
          ],
          [
            147.63995357800061,
            -22.881632325323274
          ],
          [
            147.63994402400053,
            -22.881592744323257
          ],
          [
            147.6399126320006,
            -22.881544974323287
          ],
          [
            147.63993536300057,
            -22.88150223932326
          ],
          [
            147.6399876990006,
            -22.881237881323287
          ],
          [
            147.6400322540006,
            -22.881160996323295
          ],
          [
            147.64007641500058,
            -22.881113679323303
          ],
          [
            147.64017195500065,
            -22.88103861232328
          ],
          [
            147.64031253500062,
            -22.880974464323316
          ],
          [
            147.6404080750006,
            -22.88081887032329
          ],
          [
            147.64045311500064,
            -22.88065099332332
          ],
          [
            147.64054003500058,
            -22.880408410323337
          ],
          [
            147.64067831700066,
            -22.88022379332335
          ],
          [
            147.6407984240006,
            -22.880135077323363
          ],
          [
            147.64082708600057,
            -22.88007775332336
          ],
          [
            147.64095674700067,
            -22.87994263232334
          ],
          [
            147.64097722000065,
            -22.879859376323342
          ],
          [
            147.64103454400066,
            -22.879769295323356
          ],
          [
            147.64115328700058,
            -22.879662836323373
          ],
          [
            147.64131150300068,
            -22.879493626323338
          ],
          [
            147.64141533900064,
            -22.879489500323377
          ],
          [
            147.64146672100068,
            -22.879451235323383
          ],
          [
            147.64174017500062,
            -22.879430811323367
          ],
          [
            147.64208957900064,
            -22.879398054323378
          ],
          [
            147.6421271820006,
            -22.879376511323386
          ],
          [
            147.64219330800057,
            -22.87929432532334
          ],
          [
            147.64280806200063,
            -22.878986425323365
          ],
          [
            147.6442965620007,
            -22.87827542532344
          ],
          [
            147.64532036600062,
            -22.878511324323405
          ],
          [
            147.64578527000066,
            -22.878515589323424
          ],
          [
            147.64614199600058,
            -22.87853433032346
          ],
          [
            147.6462350320007,
            -22.87857499132342
          ],
          [
            147.64632500300067,
            -22.87860643732345
          ],
          [
            147.64646476400068,
            -22.878631769323462
          ],
          [
            147.64665344200063,
            -22.878716499323428
          ],
          [
            147.64674166700064,
            -22.878763669323448
          ],
          [
            147.6468735660006,
            -22.878792494323474
          ],
          [
            147.6471089620006,
            -22.878907477323406
          ],
          [
            147.6472965080006,
            -22.878984502323455
          ],
          [
            147.64744391300061,
            -22.879071853323456
          ],
          [
            147.6475926820006,
            -22.879256109323396
          ],
          [
            147.64779741100065,
            -22.879469027323456
          ],
          [
            147.64812497600056,
            -22.879672390323417
          ],
          [
            147.64817957100064,
            -22.879709241323415
          ],
          [
            147.64818907000057,
            -22.879846819323443
          ],
          [
            147.6482123270006,
            -22.879897592323438
          ],
          [
            147.64862178400065,
            -22.88022379332343
          ],
          [
            147.64888338900064,
            -22.880417325323403
          ],
          [
            147.64904085300057,
            -22.880506216323422
          ],
          [
            147.64940587300057,
            -22.88059592932346
          ],
          [
            147.64957853300058,
            -22.880606221323426
          ],
          [
            147.64980880500062,
            -22.880702227323457
          ]
        ]
      }
    },
    {
      "type": "Feature",
      "properties": {
        "name": null,
        "alternate_name": null,
        "perenniality": "Intermittent",
        "hierarchy": "Minor",
        "stream_order": 1,
        "feature_type": "Watercourse"
      },
      "geometry": {
        "type": "LineString",
        "coordinates": [
          [
            147.47235209600075,
            -22.667198410328712
          ],
          [
            147.4740765960007,
            -22.6672639103286
          ],
          [
            147.4759760960006,
            -22.667046910328473
          ],
          [
            147.47736609600068,
            -22.66700791032837
          ],
          [
            147.47826159600072,
            -22.66685191032832
          ],
          [
            147.47898259500076,
            -22.666747910328326
          ],
          [
            147.47948409500066,
            -22.66678741032826
          ],
          [
            147.47990298221313,
            -22.667078826821612
          ]
        ]
      }
    },
    {
      "type": "Feature",
      "properties": {
        "name": null,
        "alternate_name": null,
        "perenniality": "Intermittent",
        "hierarchy": "Minor",
        "stream_order": 1,
        "feature_type": "Watercourse"
      },
      "geometry": {
        "type": "LineString",
        "coordinates": [
          [
            147.43086259900068,
            -22.669103906328512
          ],
          [
            147.43202409900076,
            -22.670479406328408
          ],
          [
            147.43269509900065,
            -22.67129390732834
          ],
          [
            147.43332859900073,
            -22.671664907328335
          ],
          [
            147.4354450990008,
            -22.67199190732823
          ],
          [
            147.43747159900073,
            -22.67204040732818
          ],
          [
            147.43906409900072,
            -22.672052407328174
          ],
          [
            147.44091659800068,
            -22.6717324073282
          ],
          [
            147.44170509800077,
            -22.67173040732813
          ],
          [
            147.4417193336359,
            -22.671725960386873
          ]
        ]
      }
    },
    {
      "type": "Feature",
      "properties": {
        "name": null,
        "alternate_name": null,
        "perenniality": "Intermittent",
        "hierarchy": "Minor",
        "stream_order": 2,
        "feature_type": "Watercourse"
      },
      "geometry": {
        "type": "LineString",
        "coordinates": [
          [
            147.61785471000059,
            -22.838629618324465
          ],
          [
            147.6178987310006,
            -22.838477911324432
          ],
          [
            147.61794041100057,
            -22.838418143324454
          ],
          [
            147.61806466500065,
            -22.838368599324475
          ],
          [
            147.61812438300063,
            -22.838281159324456
          ],
          [
            147.61813386900056,
            -22.83805088732443
          ],
          [
            147.61823374400063,
            -22.83796988632443
          ],
          [
            147.61825261800064,
            -22.837933711324435
          ],
          [
            147.61824003500058,
            -22.837804739324458
          ],
          [
            147.61836035700065,
            -22.83757903732444
          ],
          [
            147.61842798900062,
            -22.837524774324454
          ],
          [
            147.61859569500058,
            -22.837466481324455
          ],
          [
            147.61867571000064,
            -22.837384792324443
          ],
          [
            147.61874098300058,
            -22.837200771324444
          ],
          [
            147.61888868100064,
            -22.8369049313244
          ],
          [
            147.6190311700006,
            -22.836750154324417
          ],
          [
            147.61909880200065,
            -22.836714766324405
          ],
          [
            147.61915901200058,
            -22.836656718324438
          ],
          [
            147.61925362800065,
            -22.8366395153244
          ],
          [
            147.61927820300062,
            -22.836576848324388
          ],
          [
            147.61932738500064,
            -22.836548983324406
          ]
        ]
      }
    },
    {
      "type": "Feature",
      "properties": {
        "name": null,
        "alternate_name": null,
        "perenniality": "Intermittent",
        "hierarchy": "Minor",
        "stream_order": 3,
        "feature_type": "Watercourse"
      },
      "geometry": {
        "type": "LineString",
        "coordinates": [
          [
            147.5062485920005,
            -22.682101912328417
          ],
          [
            147.5102635910006,
            -22.6824754133284
          ],
          [
            147.51087809100056,
            -22.682771413328393
          ],
          [
            147.51128859100066,
            -22.683203913328356
          ],
          [
            147.51170159100062,
            -22.684286413328334
          ]
        ]
      }
    },
    {
      "type": "Feature",
      "properties": {
        "name": null,
        "alternate_name": null,
        "perenniality": "Intermittent",
        "hierarchy": "Minor",
        "stream_order": 1,
        "feature_type": "Watercourse"
      },
      "geometry": {
        "type": "LineString",
        "coordinates": [
          [
            147.58955757500058,
            -22.778652420325475
          ],
          [
            147.59080857500055,
            -22.77742842032553
          ],
          [
            147.59139207500058,
            -22.777181920325543
          ],
          [
            147.59285307500053,
            -22.777041420325485
          ],
          [
            147.59425757500063,
            -22.777523920325514
          ],
          [
            147.5961525750006,
            -22.776486920325567
          ],
          [
            147.5964435750005,
            -22.77618792032555
          ],
          [
            147.59796057500054,
            -22.775558920325654
          ],
          [
            147.5979650750006,
            -22.77555392032561
          ],
          [
            147.5985380750005,
            -22.77551192032563
          ],
          [
            147.60012207500054,
            -22.775333920325718
          ],
          [
            147.6002537145391,
            -22.775302888934288
          ]
        ]
      }
    },
    {
      "type": "Feature",
      "properties": {
        "name": null,
        "alternate_name": null,
        "perenniality": "Intermittent",
        "hierarchy": "Minor",
        "stream_order": 1,
        "feature_type": "Watercourse"
      },
      "geometry": {
        "type": "MultiLineString",
        "coordinates": [
          [
            [
              147.42343910000068,
              -22.66700990632881
            ],
            [
              147.42442660000066,
              -22.670229406328776
            ],
            [
              147.42476160000072,
              -22.671168906328727
            ],
            [
              147.42506860000074,
              -22.672251906328697
            ],
            [
              147.42522110000075,
              -22.672944906328674
            ],
            [
              147.42564610000068,
              -22.67399140632864
            ],
            [
              147.4260845990007,
              -22.67457740632859
            ],
            [
              147.42729109900066,
              -22.675862406328473
            ],
            [
              147.42875359900063,
              -22.67648140632835
            ],
            [
              147.4299215990006,
              -22.676692906328306
            ],
            [
              147.4314995990006,
              -22.676946907328198
            ],
            [
              147.4333555990007,
              -22.676745407328145
            ],
            [
              147.43552859800067,
              -22.67627340732808
            ],
            [
              147.43902559800063,
              -22.676151407328053
            ],
            [
              147.44050009800074,
              -22.676218907328032
            ],
            [
              147.4413988221169,
              -22.676281576111833
            ]
          ],
          [
            [
              147.44737334322687,
              -22.676865347366483
            ],
            [
              147.44779809700074,
              -22.676867908328088
            ],
            [
              147.44817459700073,
              -22.67685290832808
            ],
            [
              147.44887609700072,
              -22.676778408328115
            ],
            [
              147.44933259700065,
              -22.676805908328117
            ],
            [
              147.4499350970007,
              -22.676969908328118
            ],
            [
              147.45102409700064,
              -22.677289408328193
            ],
            [
              147.45223609700068,
              -22.67731090832823
            ]
          ]
        ]
      }
    },
    {
      "type": "Feature",
      "properties": {
        "name": "Rolf Creek",
        "alternate_name": null,
        "perenniality": "Intermittent",
        "hierarchy": "Minor",
        "stream_order": 1,
        "feature_type": "Watercourse"
      },
      "geometry": {
        "type": "LineString",
        "coordinates": [
          [
            147.4244425940006,
            -22.736927406326462
          ],
          [
            147.42628909400062,
            -22.736334407326517
          ],
          [
            147.42746809400057,
            -22.73626240732654
          ],
          [
            147.42898359400056,
            -22.736455407326517
          ],
          [
            147.43098959300062,
            -22.736233407326576
          ],
          [
            147.43251309300055,
            -22.736153907326653
          ],
          [
            147.4327082867866,
            -22.736175350855667
          ]
        ]
      }
    },
    {
      "type": "Feature",
      "properties": {
        "name": null,
        "alternate_name": null,
        "perenniality": "Intermittent",
        "hierarchy": "Minor",
        "stream_order": 3,
        "feature_type": "Watercourse"
      },
      "geometry": {
        "type": "LineString",
        "coordinates": [
          [
            147.4573520960007,
            -22.678922409328244
          ],
          [
            147.45787809600063,
            -22.678920909328255
          ],
          [
            147.45846359600068,
            -22.67935290932823
          ],
          [
            147.45993009600068,
            -22.6812999093282
          ],
          [
            147.46029009600068,
            -22.68417140932809
          ]
        ]
      }
    },
    {
      "type": "Feature",
      "properties": {
        "name": "Scurvy Creek",
        "alternate_name": null,
        "perenniality": "Intermittent",
        "hierarchy": "Minor",
        "stream_order": 1,
        "feature_type": "Watercourse"
      },
      "geometry": {
        "type": "LineString",
        "coordinates": [
          [
            147.48414209300037,
            -22.68992791132827
          ],
          [
            147.48362659300048,
            -22.692829411328166
          ],
          [
            147.48323709300035,
            -22.694298411328166
          ],
          [
            147.4823625930003,
            -22.695985411328074
          ],
          [
            147.48117909200047,
            -22.698235411327914
          ],
          [
            147.48033659200044,
            -22.69896391032793
          ],
          [
            147.4788480920005,
            -22.69967041032786
          ],
          [
            147.47777909300046,
            -22.69997741032785
          ],
          [
            147.47749357064995,
            -22.700013948837036
          ]
        ]
      }
    },
    {
      "type": "Feature",
      "properties": {
        "name": null,
        "alternate_name": null,
        "perenniality": "Intermittent",
        "hierarchy": "Minor",
        "stream_order": 1,
        "feature_type": "Watercourse"
      },
      "geometry": {
        "type": "LineString",
        "coordinates": [
          [
            147.42927214523183,
            -22.655319245423136
          ],
          [
            147.42909760100062,
            -22.655612906328493
          ],
          [
            147.42909910100067,
            -22.656003906328543
          ],
          [
            147.4291261010006,
            -22.65690290632857
          ],
          [
            147.42917610100073,
            -22.65723440632852
          ],
          [
            147.42944010100064,
            -22.65774490632855
          ],
          [
            147.42989310100066,
            -22.658301406328565
          ],
          [
            147.43032360000063,
            -22.658728406328564
          ],
          [
            147.43197310000076,
            -22.659968406328552
          ],
          [
            147.4339901000007,
            -22.66139140732849
          ],
          [
            147.4356091000007,
            -22.662723407328446
          ]
        ]
      }
    },
    {
      "type": "Feature",
      "properties": {
        "name": null,
        "alternate_name": null,
        "perenniality": "Intermittent",
        "hierarchy": "Minor",
        "stream_order": 2,
        "feature_type": "Watercourse"
      },
      "geometry": {
        "type": "LineString",
        "coordinates": [
          [
            147.49235209400058,
            -22.674509911328318
          ],
          [
            147.49285009300056,
            -22.674968911328303
          ],
          [
            147.4948110930005,
            -22.676127911328404
          ],
          [
            147.49530959300054,
            -22.676641411328387
          ],
          [
            147.49592759300052,
            -22.67794041232845
          ],
          [
            147.49636709300052,
            -22.678345412328472
          ],
          [
            147.49847159300043,
            -22.678935412328524
          ],
          [
            147.4995560920005,
            -22.67998891232861
          ]
        ]
      }
    },
    {
      "type": "Feature",
      "properties": {
        "name": "Bath Creek",
        "alternate_name": null,
        "perenniality": "Intermittent",
        "hierarchy": "Minor",
        "stream_order": 3,
        "feature_type": "Watercourse"
      },
      "geometry": {
        "type": "LineString",
        "coordinates": [
          [
            147.56926435282196,
            -22.7774804662343
          ],
          [
            147.57126157700063,
            -22.778366418325888
          ],
          [
            147.57138007700064,
            -22.77885391832589
          ],
          [
            147.5721990770007,
            -22.77898641832589
          ],
          [
            147.57278507700073,
            -22.779309418325933
          ],
          [
            147.57369507700068,
            -22.78025491832595
          ],
          [
            147.57372557700066,
            -22.780579918325927
          ],
          [
            147.5734055770007,
            -22.780933418325905
          ],
          [
            147.57337807700068,
            -22.781339918325887
          ],
          [
            147.57484707600062,
            -22.783204419325912
          ],
          [
            147.5754920760007,
            -22.783689919325848
          ]
        ]
      }
    },
    {
      "type": "Feature",
      "properties": {
        "name": "Leahy Creek",
        "alternate_name": null,
        "perenniality": "Intermittent",
        "hierarchy": "Minor",
        "stream_order": 1,
        "feature_type": "Watercourse"
      },
      "geometry": {
        "type": "MultiLineString",
        "coordinates": [
          [
            [
              147.43822809800056,
              -22.680385407327925
            ],
            [
              147.43989609800062,
              -22.68141040732783
            ],
            [
              147.44045259700064,
              -22.68192390732784
            ],
            [
              147.44053606735852,
              -22.681971983225576
            ]
          ],
          [
            [
              147.4517246660046,
              -22.683558472532308
            ],
            [
              147.45239459600074,
              -22.683520408328
            ],
            [
              147.45345159600078,
              -22.68360490832806
            ],
            [
              147.45377809600072,
              -22.683642408328097
            ],
            [
              147.45475609600075,
              -22.683730908328148
            ],
            [
              147.45542759600082,
              -22.683976408328157
            ],
            [
              147.4558130960008,
              -22.68436890832811
            ],
            [
              147.45626659600075,
              -22.684656908328115
            ],
            [
              147.4570545960008,
              -22.685033409328092
            ],
            [
              147.45748199780374,
              -22.685347962058522
            ]
          ]
        ]
      }
    },
    {
      "type": "Feature",
      "properties": {
        "name": "Two Mile Creek",
        "alternate_name": null,
        "perenniality": "Intermittent",
        "hierarchy": "Minor",
        "stream_order": 3,
        "feature_type": "Watercourse"
      },
      "geometry": {
        "type": "LineString",
        "coordinates": [
          [
            147.62022734682924,
            -22.79410928709289
          ],
          [
            147.62078469400043,
            -22.79441211532543
          ],
          [
            147.62150029400044,
            -22.794461166325426
          ],
          [
            147.6215540480004,
            -22.794387254325414
          ],
          [
            147.6218093800004,
            -22.794451087325434
          ],
          [
            147.62222261400038,
            -22.7948374443254
          ],
          [
            147.62234356000042,
            -22.795274195325366
          ],
          [
            147.6228105480004,
            -22.79568071032535
          ],
          [
            147.62308939700034,
            -22.79549593132536
          ],
          [
            147.62334808800037,
            -22.795532887325386
          ],
          [
            147.62393938300042,
            -22.795455615325388
          ],
          [
            147.62430558200046,
            -22.79528427432533
          ],
          [
            147.6247371400004,
            -22.795250139325358
          ],
          [
            147.62494055100044,
            -22.795274195325337
          ],
          [
            147.62505535700035,
            -22.795338846325325
          ],
          [
            147.6252595220004,
            -22.795634534325313
          ]
        ]
      }
    },
    {
      "type": "Feature",
      "properties": {
        "name": "McDonald Gully",
        "alternate_name": null,
        "perenniality": "Intermittent",
        "hierarchy": "Minor",
        "stream_order": 2,
        "feature_type": "Watercourse"
      },
      "geometry": {
        "type": "LineString",
        "coordinates": [
          [
            147.64034843346172,
            -22.8718266162999
          ],
          [
            147.64044185500074,
            -22.871913520323684
          ],
          [
            147.6407148950007,
            -22.87212063732368
          ],
          [
            147.64086442500076,
            -22.87220884532363
          ],
          [
            147.64096384500075,
            -22.87224292832363
          ],
          [
            147.64104602700078,
            -22.872303871323624
          ],
          [
            147.64116366000076,
            -22.87233027932367
          ],
          [
            147.64135289700076,
            -22.87249699632363
          ],
          [
            147.64147812300072,
            -22.872590147323617
          ],
          [
            147.64158622000076,
            -22.87269278532365
          ],
          [
            147.64162184700075,
            -22.87274164532364
          ],
          [
            147.64170741900074,
            -22.872875130323624
          ],
          [
            147.64182547900072,
            -22.872969578323644
          ],
          [
            147.64191623100072,
            -22.87300462732362
          ],
          [
            147.64198960600078,
            -22.873101063323645
          ],
          [
            147.64202804000075,
            -22.873121328323627
          ],
          [
            147.64207905300069,
            -22.873126220323623
          ],
          [
            147.64212404100073,
            -22.873034408323633
          ],
          [
            147.64216669300077,
            -22.873012229323596
          ],
          [
            147.64224484500076,
            -22.872989778323646
          ],
          [
            147.6423419170007,
            -22.872999150323608
          ],
          [
            147.64243002900076,
            -22.873033453323618
          ],
          [
            147.6425444580007,
            -22.873194179323598
          ],
          [
            147.64264316500075,
            -22.873266680323628
          ],
          [
            147.64276076000073,
            -22.873321291323627
          ],
          [
            147.64285935800075,
            -22.873475940323583
          ],
          [
            147.64308319500074,
            -22.873563290323577
          ],
          [
            147.64324288300065,
            -22.873722979323627
          ],
          [
            147.64336026100074,
            -22.873793951323616
          ],
          [
            147.6434650660007,
            -22.87379637532357
          ],
          [
            147.64356010400073,
            -22.873872964323557
          ]
        ]
      }
    },
    {
      "type": "Feature",
      "properties": {
        "name": null,
        "alternate_name": null,
        "perenniality": "Intermittent",
        "hierarchy": "Minor",
        "stream_order": 2,
        "feature_type": "Watercourse"
      },
      "geometry": {
        "type": "LineString",
        "coordinates": [
          [
            147.4576825970007,
            -22.672850909328478
          ],
          [
            147.45743509700065,
            -22.67387390832844
          ],
          [
            147.4569815970007,
            -22.675022908328398
          ],
          [
            147.4563205970006,
            -22.676086408328363
          ],
          [
            147.45633009700066,
            -22.67659740832836
          ],
          [
            147.45635109700075,
            -22.67704090832836
          ],
          [
            147.4565335960007,
            -22.6775319083283
          ],
          [
            147.4573520960007,
            -22.678922409328244
          ]
        ]
      }
    },
    {
      "type": "Feature",
      "properties": {
        "name": null,
        "alternate_name": null,
        "perenniality": "Intermittent",
        "hierarchy": "Minor",
        "stream_order": 1,
        "feature_type": "Watercourse"
      },
      "geometry": {
        "type": "LineString",
        "coordinates": [
          [
            147.48710709200034,
            -22.694227911328113
          ],
          [
            147.48818109200033,
            -22.69463391132808
          ],
          [
            147.4887525920003,
            -22.694895411328087
          ],
          [
            147.48913909200033,
            -22.695063411328114
          ],
          [
            147.48970209200036,
            -22.695157411328093
          ],
          [
            147.49021209200035,
            -22.69527041132806
          ],
          [
            147.49097059200042,
            -22.695306411328033
          ],
          [
            147.49128309200037,
            -22.695427411328065
          ],
          [
            147.49145659200033,
            -22.695671411328064
          ],
          [
            147.49190159200035,
            -22.695933411328028
          ]
        ]
      }
    },
    {
      "type": "Feature",
      "properties": {
        "name": null,
        "alternate_name": null,
        "perenniality": "Intermittent",
        "hierarchy": "Minor",
        "stream_order": 1,
        "feature_type": "Watercourse"
      },
      "geometry": {
        "type": "LineString",
        "coordinates": [
          [
            147.4935445910004,
            -22.69684441232802
          ],
          [
            147.49367209100043,
            -22.69723791232798
          ],
          [
            147.49396309100035,
            -22.697626912328005
          ],
          [
            147.49433809100043,
            -22.697864412327977
          ],
          [
            147.49454659100044,
            -22.69795091232798
          ],
          [
            147.49457359100037,
            -22.698044912327976
          ],
          [
            147.4945975910004,
            -22.69830741232798
          ],
          [
            147.4944060910004,
            -22.698578912327967
          ],
          [
            147.49403659100048,
            -22.69965891232793
          ],
          [
            147.49341059100047,
            -22.700358912327896
          ],
          [
            147.49310259100048,
            -22.70081441132789
          ],
          [
            147.49288559100046,
            -22.701339411327854
          ],
          [
            147.49278409100043,
            -22.701652411327842
          ],
          [
            147.49281559100038,
            -22.702320911327845
          ],
          [
            147.49341159100052,
            -22.703466412327806
          ],
          [
            147.49367559100057,
            -22.70430891232775
          ],
          [
            147.4955580910005,
            -22.705177412327778
          ],
          [
            147.49642059000047,
            -22.70559341232774
          ],
          [
            147.49757109000043,
            -22.7057799123278
          ],
          [
            147.4981695900005,
            -22.706168412327788
          ],
          [
            147.49875709000054,
            -22.70671891232777
          ],
          [
            147.49938459000046,
            -22.70812891232775
          ],
          [
            147.50015059000046,
            -22.70877991232776
          ],
          [
            147.50123509000056,
            -22.709202412327716
          ],
          [
            147.5025890900005,
            -22.709432912327664
          ],
          [
            147.50345158900043,
            -22.70943491232764
          ],
          [
            147.50409608900048,
            -22.70956991232762
          ],
          [
            147.50505108900046,
            -22.710513913327567
          ]
        ]
      }
    },
    {
      "type": "Feature",
      "properties": {
        "name": null,
        "alternate_name": null,
        "perenniality": "Intermittent",
        "hierarchy": "Minor",
        "stream_order": 3,
        "feature_type": "Watercourse"
      },
      "geometry": {
        "type": "LineString",
        "coordinates": [
          [
            147.4995560920005,
            -22.67998891232861
          ],
          [
            147.50011259200053,
            -22.680420912328582
          ],
          [
            147.50114509200048,
            -22.68068841232855
          ],
          [
            147.50168359200038,
            -22.680713412328537
          ]
        ]
      }
    },
    {
      "type": "Feature",
      "properties": {
        "name": null,
        "alternate_name": null,
        "perenniality": "Intermittent",
        "hierarchy": "Minor",
        "stream_order": 1,
        "feature_type": "Watercourse"
      },
      "geometry": {
        "type": "LineString",
        "coordinates": [
          [
            147.48362759200046,
            -22.704526911327825
          ],
          [
            147.48380459200047,
            -22.70501891132782
          ],
          [
            147.4839130920005,
            -22.705281911327788
          ],
          [
            147.4841040910005,
            -22.70566641132782
          ],
          [
            147.48420109100056,
            -22.706089911327773
          ],
          [
            147.48439209100053,
            -22.706474411327758
          ],
          [
            147.4846625910005,
            -22.706908911327787
          ],
          [
            147.48502609100052,
            -22.707285911327755
          ],
          [
            147.4850975910005,
            -22.707585911327783
          ],
          [
            147.48509359100055,
            -22.707906911327758
          ],
          [
            147.48473159100052,
            -22.7083674113277
          ],
          [
            147.48444059100046,
            -22.708717911327714
          ],
          [
            147.4840685910005,
            -22.709784411327632
          ],
          [
            147.48402959100048,
            -22.710587911327625
          ],
          [
            147.4837980910006,
            -22.710971911327597
          ],
          [
            147.4833830910005,
            -22.711131411327578
          ],
          [
            147.48314609100055,
            -22.711408411327607
          ],
          [
            147.4828020910006,
            -22.711849911327544
          ],
          [
            147.48264709100056,
            -22.712230411327532
          ],
          [
            147.48250609100054,
            -22.71289591132753
          ],
          [
            147.482486530624,
            -22.712998306335145
          ]
        ]
      }
    },
    {
      "type": "Feature",
      "properties": {
        "name": null,
        "alternate_name": null,
        "perenniality": "Intermittent",
        "hierarchy": "Minor",
        "stream_order": 1,
        "feature_type": "Watercourse"
      },
      "geometry": {
        "type": "LineString",
        "coordinates": [
          [
            147.4916653389152,
            -22.67467444640084
          ],
          [
            147.49235209400058,
            -22.674509911328318
          ]
        ]
      }
    },
    {
      "type": "Feature",
      "properties": {
        "name": "Stockyard Creek",
        "alternate_name": null,
        "perenniality": "Intermittent",
        "hierarchy": "Minor",
        "stream_order": 1,
        "feature_type": "Watercourse"
      },
      "geometry": {
        "type": "LineString",
        "coordinates": [
          [
            147.47529709400044,
            -22.68282691032836
          ],
          [
            147.47483959400037,
            -22.684052410328295
          ],
          [
            147.47436709400046,
            -22.68511841032831
          ],
          [
            147.4729030940005,
            -22.687321910328258
          ],
          [
            147.47251409400045,
            -22.687822910328244
          ],
          [
            147.4720510940005,
            -22.68850541032819
          ],
          [
            147.4718065940005,
            -22.689153410328178
          ],
          [
            147.4709790940005,
            -22.689697910328185
          ],
          [
            147.46972909400048,
            -22.69002941032819
          ],
          [
            147.46900359400055,
            -22.690390410328146
          ],
          [
            147.46808644881028,
            -22.690605070886498
          ]
        ]
      }
    },
    {
      "type": "Feature",
      "properties": {
        "name": null,
        "alternate_name": null,
        "perenniality": "Intermittent",
        "hierarchy": "Minor",
        "stream_order": 1,
        "feature_type": "Watercourse"
      },
      "geometry": {
        "type": "LineString",
        "coordinates": [
          [
            147.4797495940005,
            -22.686715910328303
          ],
          [
            147.47970909400047,
            -22.686810910328283
          ],
          [
            147.47939509300048,
            -22.688468410328188
          ],
          [
            147.47847109300045,
            -22.68967591032816
          ],
          [
            147.47760359300048,
            -22.690588910328145
          ],
          [
            147.47686059300042,
            -22.691171910328126
          ],
          [
            147.4758465930005,
            -22.691960410328097
          ],
          [
            147.4752190930004,
            -22.692765910328017
          ],
          [
            147.47470708095895,
            -22.693619920787924
          ]
        ]
      }
    },
    {
      "type": "Feature",
      "properties": {
        "name": "Brigalow Creek",
        "alternate_name": null,
        "perenniality": "Intermittent",
        "hierarchy": "Minor",
        "stream_order": 2,
        "feature_type": "Watercourse"
      },
      "geometry": {
        "type": "LineString",
        "coordinates": [
          [
            147.47261759800077,
            -22.642400409328914
          ],
          [
            147.47214059800075,
            -22.640821909328892
          ],
          [
            147.47191909800068,
            -22.640426909328863
          ],
          [
            147.47146409900068,
            -22.64000140932891
          ],
          [
            147.47015609900072,
            -22.639327409328935
          ],
          [
            147.46990609900078,
            -22.638946909328926
          ],
          [
            147.46965709900073,
            -22.638579909328868
          ],
          [
            147.4690430990008,
            -22.63731990932883
          ],
          [
            147.4689800990007,
            -22.637261909328853
          ]
        ]
      }
    },
    {
      "type": "Feature",
      "properties": {
        "name": null,
        "alternate_name": null,
        "perenniality": "Intermittent",
        "hierarchy": "Minor",
        "stream_order": 1,
        "feature_type": "Watercourse"
      },
      "geometry": {
        "type": "LineString",
        "coordinates": [
          [
            147.52432235363005,
            -22.63337729003735
          ],
          [
            147.52396809500058,
            -22.63050641332957
          ]
        ]
      }
    },
    {
      "type": "Feature",
      "properties": {
        "name": "Bath Creek",
        "alternate_name": null,
        "perenniality": "Intermittent",
        "hierarchy": "Minor",
        "stream_order": 3,
        "feature_type": "Watercourse"
      },
      "geometry": {
        "type": "LineString",
        "coordinates": [
          [
            147.5754920760007,
            -22.783689919325848
          ],
          [
            147.57555257600058,
            -22.784150419325872
          ],
          [
            147.5751480760006,
            -22.78531741932586
          ],
          [
            147.57512157600064,
            -22.78588641932582
          ],
          [
            147.57612307600067,
            -22.787779919325697
          ],
          [
            147.57644657600062,
            -22.788239419325702
          ],
          [
            147.57720907600068,
            -22.78888691932561
          ],
          [
            147.57738657600066,
            -22.789346919325613
          ],
          [
            147.5775660750007,
            -22.790403419325582
          ],
          [
            147.57748057500066,
            -22.790864419325548
          ],
          [
            147.5771325750006,
            -22.791570419325584
          ],
          [
            147.5768175750006,
            -22.791717919325563
          ],
          [
            147.57653707500072,
            -22.791859919325546
          ]
        ]
      }
    },
    {
      "type": "Feature",
      "properties": {
        "name": "Hurley Creek",
        "alternate_name": null,
        "perenniality": "Intermittent",
        "hierarchy": "Minor",
        "stream_order": 2,
        "feature_type": "Watercourse"
      },
      "geometry": {
        "type": "LineString",
        "coordinates": [
          [
            147.5235076727385,
            -22.74076542280728
          ],
          [
            147.52329256400049,
            -22.74106713932641
          ],
          [
            147.52315810600047,
            -22.741609066326422
          ],
          [
            147.5230228020005,
            -22.741792232326414
          ],
          [
            147.5229832830005,
            -22.74195546432639
          ],
          [
            147.52316541500045,
            -22.742180552326413
          ],
          [
            147.52314136000044,
            -22.74224584532638
          ],
          [
            147.52269805700044,
            -22.74250873432638
          ],
          [
            147.5224626590005,
            -22.74311527032639
          ],
          [
            147.52228120500052,
            -22.743422999326356
          ],
          [
            147.52227365400046,
            -22.743704623326316
          ],
          [
            147.52245063200047,
            -22.7439984403263
          ],
          [
            147.5227736590005,
            -22.744300849326322
          ],
          [
            147.52275647700054,
            -22.74463590332632
          ],
          [
            147.52347910000057,
            -22.74518144232627
          ]
        ]
      }
    },
    {
      "type": "Feature",
      "properties": {
        "name": null,
        "alternate_name": null,
        "perenniality": "Intermittent",
        "hierarchy": "Minor",
        "stream_order": 1,
        "feature_type": "Watercourse"
      },
      "geometry": {
        "type": "LineString",
        "coordinates": [
          [
            147.4891315900006,
            -22.713327411327523
          ],
          [
            147.4906205900006,
            -22.713160411327483
          ],
          [
            147.49254709000053,
            -22.71274791232749
          ],
          [
            147.4969005900006,
            -22.71295141232753
          ],
          [
            147.49783509000054,
            -22.712839912327556
          ],
          [
            147.4994395900005,
            -22.712292912327637
          ],
          [
            147.5011700890005,
            -22.711555912327622
          ],
          [
            147.50163758900052,
            -22.711554412327615
          ],
          [
            147.50347508900052,
            -22.710789912327584
          ],
          [
            147.50505108900046,
            -22.710513913327567
          ]
        ]
      }
    },
    {
      "type": "Feature",
      "properties": {
        "name": null,
        "alternate_name": null,
        "perenniality": "Intermittent",
        "hierarchy": "Minor",
        "stream_order": 1,
        "feature_type": "Watercourse"
      },
      "geometry": {
        "type": "LineString",
        "coordinates": [
          [
            147.49856909200048,
            -22.68977541232831
          ],
          [
            147.4988770920005,
            -22.689013412328332
          ],
          [
            147.49923359200042,
            -22.68868391232833
          ],
          [
            147.49976659200047,
            -22.688331912328387
          ],
          [
            147.49991159200044,
            -22.68798091232839
          ],
          [
            147.49978259200043,
            -22.68662041232844
          ],
          [
            147.49994559200047,
            -22.685623412328436
          ],
          [
            147.49998759200048,
            -22.68514141232849
          ],
          [
            147.50020209200045,
            -22.684892412328487
          ],
          [
            147.50073809200046,
            -22.684600912328467
          ],
          [
            147.5012085920005,
            -22.68429641232849
          ],
          [
            147.5020430920005,
            -22.68381241232844
          ],
          [
            147.50273959200052,
            -22.68349841232843
          ],
          [
            147.50417609200045,
            -22.68343741232839
          ],
          [
            147.50480609200048,
            -22.68346841232841
          ],
          [
            147.50541859200047,
            -22.68322241232841
          ],
          [
            147.50597159200058,
            -22.682678912328434
          ],
          [
            147.5062485920005,
            -22.682101912328417
          ]
        ]
      }
    },
    {
      "type": "Feature",
      "properties": {
        "name": null,
        "alternate_name": null,
        "perenniality": "Intermittent",
        "hierarchy": "Minor",
        "stream_order": 1,
        "feature_type": "Watercourse"
      },
      "geometry": {
        "type": "LineString",
        "coordinates": [
          [
            147.46647109600062,
            -22.672391909328574
          ],
          [
            147.46430859600065,
            -22.672881909328513
          ],
          [
            147.46386659600063,
            -22.673047909328485
          ],
          [
            147.46310109600057,
            -22.673119409328518
          ],
          [
            147.46235559600058,
            -22.673001409328467
          ],
          [
            147.46168209600063,
            -22.672866909328455
          ],
          [
            147.46070059700068,
            -22.672664409328455
          ],
          [
            147.45956159700054,
            -22.672508909328442
          ],
          [
            147.45899609700058,
            -22.67251790932847
          ],
          [
            147.45818659700063,
            -22.67257790932843
          ],
          [
            147.4576825970007,
            -22.672850909328478
          ]
        ]
      }
    },
    {
      "type": "Feature",
      "properties": {
        "name": null,
        "alternate_name": null,
        "perenniality": "Intermittent",
        "hierarchy": "Minor",
        "stream_order": 1,
        "feature_type": "Watercourse"
      },
      "geometry": {
        "type": "LineString",
        "coordinates": [
          [
            147.42973859400053,
            -22.72997540732676
          ],
          [
            147.43120259400044,
            -22.731136407326783
          ],
          [
            147.43236604119457,
            -22.73227492052503
          ]
        ]
      }
    },
    {
      "type": "Feature",
      "properties": {
        "name": null,
        "alternate_name": null,
        "perenniality": "Intermittent",
        "hierarchy": "Minor",
        "stream_order": 1,
        "feature_type": "Watercourse"
      },
      "geometry": {
        "type": "LineString",
        "coordinates": [
          [
            147.57719608700066,
            -22.660405418328484
          ],
          [
            147.5777560870007,
            -22.660318418328487
          ],
          [
            147.57829808700072,
            -22.660430418328485
          ],
          [
            147.57881758700069,
            -22.66097441832845
          ],
          [
            147.57914608700068,
            -22.66147241832846
          ],
          [
            147.57925508700063,
            -22.66158541832845
          ],
          [
            147.57997208700064,
            -22.661996418328428
          ],
          [
            147.58102658700062,
            -22.66243191832847
          ],
          [
            147.58151858700066,
            -22.662371918328475
          ],
          [
            147.58203058700056,
            -22.662270918328456
          ],
          [
            147.5824430870006,
            -22.662353918328478
          ],
          [
            147.58293558700055,
            -22.662293418328463
          ],
          [
            147.58308758700065,
            -22.66232691832851
          ],
          [
            147.5834555870006,
            -22.66237191832851
          ],
          [
            147.58440508700065,
            -22.662275418328548
          ],
          [
            147.5846785870006,
            -22.662226918328518
          ],
          [
            147.58553508600065,
            -22.662245418328563
          ],
          [
            147.58624058600063,
            -22.662431418328556
          ],
          [
            147.58781408600055,
            -22.662581919328638
          ],
          [
            147.58804658600062,
            -22.66262041932865
          ],
          [
            147.58848559195155,
            -22.66271599799893
          ]
        ]
      }
    },
    {
      "type": "Feature",
      "properties": {
        "name": null,
        "alternate_name": null,
        "perenniality": "Intermittent",
        "hierarchy": "Minor",
        "stream_order": 1,
        "feature_type": "Watercourse"
      },
      "geometry": {
        "type": "LineString",
        "coordinates": [
          [
            147.4974877640003,
            -22.6947838633281
          ],
          [
            147.49770371900038,
            -22.6950612063281
          ],
          [
            147.49820880200036,
            -22.695267138328138
          ],
          [
            147.49838107700035,
            -22.695507522328125
          ],
          [
            147.49834902600043,
            -22.695832040328135
          ],
          [
            147.49869207700038,
            -22.696116373328096
          ],
          [
            147.4988003840004,
            -22.696288680328117
          ],
          [
            147.49868551300045,
            -22.696677602328123
          ],
          [
            147.49889392300037,
            -22.6968679613281
          ],
          [
            147.49929925500038,
            -22.696984474328126
          ],
          [
            147.4995226520004,
            -22.69733519232812
          ],
          [
            147.49961761300045,
            -22.697650626328073
          ],
          [
            147.49998171500042,
            -22.697812164328113
          ],
          [
            147.5003201760004,
            -22.697712164328077
          ],
          [
            147.50057915000045,
            -22.697489088328076
          ],
          [
            147.5012688920004,
            -22.697522421328085
          ],
          [
            147.50150638000048,
            -22.69737942232804
          ],
          [
            147.5017894030004,
            -22.69728396032804
          ],
          [
            147.50185607000046,
            -22.697063448328052
          ],
          [
            147.50197145400043,
            -22.69689421732808
          ],
          [
            147.5021945310004,
            -22.696809602328084
          ],
          [
            147.5023187360004,
            -22.696664474328045
          ],
          [
            147.50279135000048,
            -22.696441295328057
          ],
          [
            147.50348122700038,
            -22.69630078932805
          ],
          [
            147.5039219310005,
            -22.696328834328
          ],
          [
            147.50444276300047,
            -22.69656120532803
          ],
          [
            147.50483138400043,
            -22.696621301327994
          ],
          [
            147.50564037900048,
            -22.696343521328007
          ],
          [
            147.5057809010004,
            -22.696441013328023
          ],
          [
            147.50671839900042,
            -22.696264732328018
          ],
          [
            147.50703554600045,
            -22.696314731328016
          ],
          [
            147.50726375000045,
            -22.696617295327975
          ],
          [
            147.5075329810005,
            -22.69671473132795
          ],
          [
            147.50783298000044,
            -22.696694218327963
          ],
          [
            147.50814267500047,
            -22.696465052327984
          ],
          [
            147.50854957500042,
            -22.69632107232797
          ],
          [
            147.5091254950005,
            -22.69634611232798
          ],
          [
            147.5096012550005,
            -22.696709192327962
          ],
          [
            147.50992677600055,
            -22.696853172327994
          ],
          [
            147.51046472600052,
            -22.69673032332797
          ],
          [
            147.51122259600055,
            -22.696803092328
          ],
          [
            147.5116182280005,
            -22.697122101327967
          ],
          [
            147.51208697700048,
            -22.69704197332798
          ],
          [
            147.51238804700046,
            -22.696593910327973
          ],
          [
            147.5126182890005,
            -22.69651000232802
          ],
          [
            147.51276372400054,
            -22.696436088327978
          ],
          [
            147.51213104800053,
            -22.695315214328026
          ],
          [
            147.51212704100047,
            -22.69505079232805
          ],
          [
            147.51225925200052,
            -22.694441819328073
          ],
          [
            147.5122031630005,
            -22.69401714032807
          ],
          [
            147.51223922000048,
            -22.69353236632807
          ],
          [
            147.5119340900005,
            -22.693352913328088
          ]
        ]
      }
    },
    {
      "type": "Feature",
      "properties": {
        "name": null,
        "alternate_name": null,
        "perenniality": "Intermittent",
        "hierarchy": "Minor",
        "stream_order": 1,
        "feature_type": "Watercourse"
      },
      "geometry": {
        "type": "LineString",
        "coordinates": [
          [
            147.58592407800052,
            -22.755847419326308
          ],
          [
            147.58755270449709,
            -22.75536884242474
          ]
        ]
      }
    },
    {
      "type": "Feature",
      "properties": {
        "name": null,
        "alternate_name": null,
        "perenniality": "Intermittent",
        "hierarchy": "Minor",
        "stream_order": 1,
        "feature_type": "Watercourse"
      },
      "geometry": {
        "type": "LineString",
        "coordinates": [
          [
            147.5885725770006,
            -22.760227919326073
          ],
          [
            147.58915407700056,
            -22.759602419326136
          ],
          [
            147.58965007700053,
            -22.759465420326112
          ],
          [
            147.58985557700055,
            -22.759626920326095
          ],
          [
            147.5899450770006,
            -22.76006042032608
          ],
          [
            147.59134807700056,
            -22.760163420326087
          ],
          [
            147.59196457700054,
            -22.760811420326075
          ],
          [
            147.59252007700053,
            -22.760917920326023
          ],
          [
            147.5933940770005,
            -22.760291420326038
          ],
          [
            147.59487665750908,
            -22.75960449863535
          ]
        ]
      }
    },
    {
      "type": "Feature",
      "properties": {
        "name": null,
        "alternate_name": null,
        "perenniality": "Intermittent",
        "hierarchy": "Minor",
        "stream_order": 2,
        "feature_type": "Watercourse"
      },
      "geometry": {
        "type": "LineString",
        "coordinates": [
          [
            147.46025109700048,
            -22.663737909328734
          ],
          [
            147.45862409700047,
            -22.664293909328737
          ],
          [
            147.4582450970005,
            -22.664564908328675
          ],
          [
            147.45795559700048,
            -22.664886408328698
          ],
          [
            147.4576895970005,
            -22.66535590832871
          ],
          [
            147.45722559700056,
            -22.667258408328614
          ],
          [
            147.45720609700055,
            -22.668995908328576
          ],
          [
            147.45741009700058,
            -22.670872408328535
          ],
          [
            147.4576825970007,
            -22.672850909328478
          ]
        ]
      }
    },
    {
      "type": "Feature",
      "properties": {
        "name": null,
        "alternate_name": null,
        "perenniality": "Intermittent",
        "hierarchy": "Minor",
        "stream_order": 2,
        "feature_type": "Watercourse"
      },
      "geometry": {
        "type": "LineString",
        "coordinates": [
          [
            147.49222944659297,
            -22.674387531359464
          ],
          [
            147.49235209400058,
            -22.674509911328318
          ]
        ]
      }
    },
    {
      "type": "Feature",
      "properties": {
        "name": null,
        "alternate_name": null,
        "perenniality": "Intermittent",
        "hierarchy": "Minor",
        "stream_order": 1,
        "feature_type": "Watercourse"
      },
      "geometry": {
        "type": "LineString",
        "coordinates": [
          [
            147.47379909500063,
            -22.67185541032857
          ],
          [
            147.47466809500068,
            -22.671288410328486
          ],
          [
            147.4752640950007,
            -22.67069891032848
          ],
          [
            147.4756680950006,
            -22.670345910328503
          ],
          [
            147.47639859500066,
            -22.670141410328426
          ],
          [
            147.47753209500067,
            -22.6698799103284
          ],
          [
            147.47906259500058,
            -22.669413910328327
          ],
          [
            147.4797199164773,
            -22.669347089244454
          ]
        ]
      }
    },
    {
      "type": "Feature",
      "properties": {
        "name": null,
        "alternate_name": null,
        "perenniality": "Intermittent",
        "hierarchy": "Minor",
        "stream_order": 1,
        "feature_type": "Watercourse"
      },
      "geometry": {
        "type": "LineString",
        "coordinates": [
          [
            147.47384159500052,
            -22.675784910328495
          ],
          [
            147.47454159500055,
            -22.677285410328484
          ],
          [
            147.47577659500047,
            -22.678841410328445
          ],
          [
            147.4765350950005,
            -22.67938991032842
          ],
          [
            147.4778975940004,
            -22.679536410328463
          ],
          [
            147.47855659400042,
            -22.67997641032845
          ],
          [
            147.47934309400043,
            -22.680249910328442
          ],
          [
            147.4805760940004,
            -22.680764910328445
          ],
          [
            147.48131359400043,
            -22.68101341032846
          ],
          [
            147.4827105940004,
            -22.681503911328488
          ],
          [
            147.48361859400038,
            -22.681493911328534
          ],
          [
            147.48456959400048,
            -22.681562911328562
          ],
          [
            147.48553859400042,
            -22.681595411328534
          ],
          [
            147.4871575930004,
            -22.681475411328528
          ],
          [
            147.48946109300047,
            -22.680810411328533
          ],
          [
            147.4935430930004,
            -22.679474411328496
          ],
          [
            147.49493959300048,
            -22.679352911328518
          ],
          [
            147.49574309300044,
            -22.679366912328522
          ],
          [
            147.49635659300043,
            -22.679664912328548
          ],
          [
            147.49856459200043,
            -22.680344412328584
          ]
        ]
      }
    },
    {
      "type": "Feature",
      "properties": {
        "name": null,
        "alternate_name": null,
        "perenniality": "Intermittent",
        "hierarchy": "Minor",
        "stream_order": 1,
        "feature_type": "Watercourse"
      },
      "geometry": {
        "type": "LineString",
        "coordinates": [
          [
            147.61776606575577,
            -22.8489867567951
          ],
          [
            147.6177461660005,
            -22.848956907324425
          ],
          [
            147.61768564200057,
            -22.84885401732444
          ],
          [
            147.6176240520006,
            -22.848753826324437
          ],
          [
            147.61758863700064,
            -22.848656939324446
          ],
          [
            147.61753632200055,
            -22.848422983324475
          ],
          [
            147.61748979700053,
            -22.848018590324493
          ],
          [
            147.6172496200006,
            -22.847978351324436
          ],
          [
            147.61704820600065,
            -22.84784579332447
          ],
          [
            147.61703272700063,
            -22.84773743632444
          ],
          [
            147.6170417260006,
            -22.847545439324435
          ],
          [
            147.6172397220006,
            -22.847416442324466
          ],
          [
            147.61725172200056,
            -22.84726344532448
          ],
          [
            147.6171827240006,
            -22.84717644732451
          ],
          [
            147.61717072400052,
            -22.84708644932448
          ],
          [
            147.61707772600064,
            -22.84702945032451
          ],
          [
            147.61701940700064,
            -22.84694917132447
          ],
          [
            147.6169291690005,
            -22.846862773324467
          ],
          [
            147.61690612900054,
            -22.84676485532448
          ],
          [
            147.61681205100058,
            -22.846695736324488
          ],
          [
            147.61676597200062,
            -22.846545979324464
          ],
          [
            147.61672757300062,
            -22.846440382324513
          ],
          [
            147.6167179730006,
            -22.846279105324506
          ],
          [
            147.61665653400053,
            -22.846183107324492
          ],
          [
            147.6166450140006,
            -22.846067909324493
          ],
          [
            147.61652981700058,
            -22.845941192324492
          ],
          [
            147.61648949700054,
            -22.845728076324505
          ],
          [
            147.61636662000058,
            -22.845657037324525
          ],
          [
            147.61640501900058,
            -22.845562959324504
          ],
          [
            147.61632438100062,
            -22.84544584132452
          ],
          [
            147.6163167010005,
            -22.845250005324548
          ],
          [
            147.6162283830006,
            -22.84517512732452
          ],
          [
            147.61626294200062,
            -22.844977371324543
          ],
          [
            147.6163258740006,
            -22.844818976324515
          ],
          [
            147.61648565800056,
            -22.844706656324558
          ],
          [
            147.61660469500055,
            -22.844698976324548
          ],
          [
            147.61669109300055,
            -22.84463945832455
          ],
          [
            147.6167122130006,
            -22.84457417932454
          ],
          [
            147.6167309520006,
            -22.844429951324532
          ],
          [
            147.6166854870006,
            -22.84429478632456
          ],
          [
            147.6166854870006,
            -22.844148562324516
          ],
          [
            147.61675130600057,
            -22.844069530324525
          ],
          [
            147.61684973000058,
            -22.843471521324542
          ],
          [
            147.61707772600062,
            -22.843054529324537
          ],
          [
            147.61707472600062,
            -22.842922532324504
          ],
          [
            147.61712093900056,
            -22.8428377673245
          ],
          [
            147.61723372300062,
            -22.84290753232454
          ],
          [
            147.61731283400061,
            -22.842867295324545
          ],
          [
            147.6173959140006,
            -22.842716985324564
          ],
          [
            147.61757271600064,
            -22.842724536324514
          ],
          [
            147.6176447140006,
            -22.842655537324504
          ],
          [
            147.61762071500067,
            -22.842541540324536
          ],
          [
            147.61769571300056,
            -22.842442542324534
          ],
          [
            147.6177497120006,
            -22.84236454332455
          ],
          [
            147.61762571400064,
            -22.842237444324546
          ],
          [
            147.61764771400058,
            -22.842157547324508
          ],
          [
            147.61779171100062,
            -22.84210354832452
          ],
          [
            147.61788535300064,
            -22.8419417443245
          ],
          [
            147.61785926900055,
            -22.84170204032453
          ],
          [
            147.6177643520006,
            -22.841410850324486
          ],
          [
            147.61776199800062,
            -22.841253394324536
          ],
          [
            147.61779300500055,
            -22.841201229324543
          ],
          [
            147.61786756900062,
            -22.841156494324522
          ],
          [
            147.61788502200065,
            -22.841107240324483
          ],
          [
            147.61785896800052,
            -22.841032387324475
          ],
          [
            147.6178879800006,
            -22.8409120653245
          ],
          [
            147.61784668000055,
            -22.840807522324525
          ],
          [
            147.61785405300054,
            -22.84071044832452
          ],
          [
            147.61783930700065,
            -22.840604774324472
          ],
          [
            147.6179265500006,
            -22.84057036832448
          ],
          [
            147.61794252400063,
            -22.8404941843245
          ],
          [
            147.61785651000062,
            -22.840295122324456
          ],
          [
            147.61781337000062,
            -22.84005264632448
          ],
          [
            147.61782952600063,
            -22.839883237324507
          ],
          [
            147.6179297090006,
            -22.839712596324503
          ],
          [
            147.6179027090006,
            -22.839601598324467
          ],
          [
            147.61779231800068,
            -22.839490648324507
          ],
          [
            147.6177917110006,
            -22.839421602324467
          ],
          [
            147.61776171200057,
            -22.839262605324446
          ],
          [
            147.61779257700064,
            -22.839113496324494
          ],
          [
            147.61788640100056,
            -22.83904015232445
          ],
          [
            147.61789670900058,
            -22.838875613324483
          ],
          [
            147.61783071100064,
            -22.83877061532444
          ],
          [
            147.61785471000059,
            -22.838629618324465
          ]
        ]
      }
    },
    {
      "type": "Feature",
      "properties": {
        "name": null,
        "alternate_name": null,
        "perenniality": "Intermittent",
        "hierarchy": "Minor",
        "stream_order": 1,
        "feature_type": "Watercourse"
      },
      "geometry": {
        "type": "LineString",
        "coordinates": [
          [
            147.64341629700084,
            -22.891855961892546
          ],
          [
            147.64360056000038,
            -22.89190942532297
          ],
          [
            147.64586006000044,
            -22.89352642532306
          ],
          [
            147.64741356000047,
            -22.89419742532312
          ],
          [
            147.64800256000046,
            -22.895061925323134
          ]
        ]
      }
    },
    {
      "type": "Feature",
      "properties": {
        "name": null,
        "alternate_name": null,
        "perenniality": "Intermittent",
        "hierarchy": "Minor",
        "stream_order": 2,
        "feature_type": "Watercourse"
      },
      "geometry": {
        "type": "MultiLineString",
        "coordinates": [
          [
            [
              147.4356091000007,
              -22.662723407328446
            ],
            [
              147.43681410000073,
              -22.66288090732843
            ],
            [
              147.4376370990007,
              -22.66327690732845
            ],
            [
              147.4382800990008,
              -22.6634454073284
            ],
            [
              147.43971659900077,
              -22.663311907328456
            ],
            [
              147.44035259900076,
              -22.663436907328418
            ],
            [
              147.44087609900072,
              -22.663755407328388
            ],
            [
              147.44122657554504,
              -22.664123238969776
            ]
          ],
          [
            [
              147.4413861498151,
              -22.665287963405582
            ],
            [
              147.44115459900075,
              -22.665800907328332
            ],
            [
              147.44113109900076,
              -22.666160407328327
            ],
            [
              147.44135309900074,
              -22.666566907328317
            ],
            [
              147.4415180306779,
              -22.666675712291973
            ]
          ]
        ]
      }
    },
    {
      "type": "Feature",
      "properties": {
        "name": null,
        "alternate_name": null,
        "perenniality": "Intermittent",
        "hierarchy": "Minor",
        "stream_order": 1,
        "feature_type": "Watercourse"
      },
      "geometry": {
        "type": "LineString",
        "coordinates": [
          [
            147.42616860100068,
            -22.662151906328795
          ],
          [
            147.42747960000068,
            -22.662669906328738
          ],
          [
            147.42863960000076,
            -22.663321906328704
          ],
          [
            147.42932710000076,
            -22.66368790632867
          ],
          [
            147.43077410000072,
            -22.664046406328605
          ],
          [
            147.4321371000007,
            -22.66382390632855
          ],
          [
            147.4330966000007,
            -22.66318540732853
          ],
          [
            147.4338416000008,
            -22.662730407328517
          ],
          [
            147.43413460000073,
            -22.66265590732847
          ],
          [
            147.4356091000007,
            -22.662723407328446
          ]
        ]
      }
    },
    {
      "type": "Feature",
      "properties": {
        "name": null,
        "alternate_name": null,
        "perenniality": "Intermittent",
        "hierarchy": "Minor",
        "stream_order": 2,
        "feature_type": "Watercourse"
      },
      "geometry": {
        "type": "LineString",
        "coordinates": [
          [
            147.49856459200043,
            -22.680344412328584
          ],
          [
            147.4995560920005,
            -22.67998891232861
          ]
        ]
      }
    },
    {
      "type": "Feature",
      "properties": {
        "name": null,
        "alternate_name": null,
        "perenniality": "Intermittent",
        "hierarchy": "Minor",
        "stream_order": 2,
        "feature_type": "Watercourse"
      },
      "geometry": {
        "type": "LineString",
        "coordinates": [
          [
            147.44686378279116,
            -22.672140816642532
          ],
          [
            147.44721259800062,
            -22.671816408328183
          ],
          [
            147.44760859800064,
            -22.671598408328244
          ],
          [
            147.44814309800063,
            -22.671549908328274
          ],
          [
            147.44886659800065,
            -22.671816408328237
          ],
          [
            147.4503215970006,
            -22.672221408328273
          ]
        ]
      }
    },
    {
      "type": "Feature",
      "properties": {
        "name": null,
        "alternate_name": null,
        "perenniality": "Intermittent",
        "hierarchy": "Minor",
        "stream_order": 1,
        "feature_type": "Watercourse"
      },
      "geometry": {
        "type": "LineString",
        "coordinates": [
          [
            147.59662037300058,
            -22.782807303325367
          ],
          [
            147.59660945400063,
            -22.78296836232537
          ],
          [
            147.59654541700056,
            -22.78318748432534
          ],
          [
            147.59655191300055,
            -22.783430974325316
          ],
          [
            147.5965411710006,
            -22.78363953532534
          ],
          [
            147.59657692200068,
            -22.783788804325287
          ],
          [
            147.59663412300054,
            -22.78387460632529
          ],
          [
            147.59664732400054,
            -22.784103412325347
          ],
          [
            147.59660992300056,
            -22.784345418325277
          ],
          [
            147.59661652300056,
            -22.784539023325326
          ],
          [
            147.59652453800066,
            -22.78472269332527
          ],
          [
            147.5965087200006,
            -22.784880032325262
          ],
          [
            147.59646955300065,
            -22.7850692623253
          ],
          [
            147.5964713190006,
            -22.7851946413253
          ],
          [
            147.59655272100062,
            -22.785350845325258
          ],
          [
            147.59657207400065,
            -22.7855639203253
          ],
          [
            147.59662967400064,
            -22.785706406325303
          ],
          [
            147.59680221200057,
            -22.785763005325315
          ],
          [
            147.59692256300062,
            -22.785836361325288
          ],
          [
            147.59708073500056,
            -22.785861259325287
          ],
          [
            147.59723913900058,
            -22.78604826332529
          ],
          [
            147.59739314300057,
            -22.786160466325303
          ],
          [
            147.59741434957172,
            -22.786189705759355
          ]
        ]
      }
    },
    {
      "type": "Feature",
      "properties": {
        "name": null,
        "alternate_name": null,
        "perenniality": "Intermittent",
        "hierarchy": "Minor",
        "stream_order": 1,
        "feature_type": "Watercourse"
      },
      "geometry": {
        "type": "LineString",
        "coordinates": [
          [
            147.4261270990007,
            -22.67700290632848
          ],
          [
            147.4263085990006,
            -22.67898090632841
          ],
          [
            147.42695309900063,
            -22.679683906328396
          ],
          [
            147.4281810990006,
            -22.680141406328282
          ],
          [
            147.4291510980007,
            -22.682198406328148
          ],
          [
            147.42951159800063,
            -22.685449406328054
          ],
          [
            147.43056559800073,
            -22.68625990732796
          ],
          [
            147.43234959800066,
            -22.68701390732785
          ],
          [
            147.43317159800063,
            -22.687184907327822
          ],
          [
            147.43432417692543,
            -22.68771674561933
          ]
        ]
      }
    },
    {
      "type": "Feature",
      "properties": {
        "name": null,
        "alternate_name": null,
        "perenniality": "Intermittent",
        "hierarchy": "Minor",
        "stream_order": 1,
        "feature_type": "Watercourse"
      },
      "geometry": {
        "type": "LineString",
        "coordinates": [
          [
            147.63778199320603,
            -22.88642613373876
          ],
          [
            147.63828056100044,
            -22.8863754243231
          ],
          [
            147.64003656100041,
            -22.886612425323083
          ],
          [
            147.64041606100042,
            -22.88644792532309
          ],
          [
            147.64093806100053,
            -22.885578925323113
          ],
          [
            147.64152106100053,
            -22.885142925323148
          ],
          [
            147.64213456100052,
            -22.88500492532316
          ],
          [
            147.64260306100056,
            -22.88511142532311
          ],
          [
            147.6429555610005,
            -22.88538092532311
          ],
          [
            147.6433650610005,
            -22.885406425323104
          ],
          [
            147.64376263400055,
            -22.88531567132312
          ],
          [
            147.64416170400045,
            -22.885186327323133
          ],
          [
            147.64469818300043,
            -22.88485977532314
          ],
          [
            147.6448381340005,
            -22.884756477323155
          ],
          [
            147.6449414310005,
            -22.88473315232319
          ],
          [
            147.6450047430004,
            -22.884746481323198
          ],
          [
            147.6451480260005,
            -22.884873103323173
          ],
          [
            147.6452217620005,
            -22.884862505323156
          ],
          [
            147.64556068300047,
            -22.88462316332317
          ],
          [
            147.64569553100048,
            -22.884471228323175
          ],
          [
            147.64575422000044,
            -22.884348390323197
          ],
          [
            147.64587159800047,
            -22.884209175323214
          ],
          [
            147.64585521900057,
            -22.884024919323206
          ],
          [
            147.64588336900047,
            -22.883966486323217
          ],
          [
            147.64594734700046,
            -22.883940895323228
          ],
          [
            147.6461030260005,
            -22.88395795632322
          ],
          [
            147.64630348900053,
            -22.883787349323214
          ],
          [
            147.64630265300056,
            -22.883716293323246
          ],
          [
            147.6462053900005,
            -22.883665791323214
          ],
          [
            147.64616273900057,
            -22.88359328332327
          ],
          [
            147.64617340200058,
            -22.88349091932322
          ],
          [
            147.6462459100005,
            -22.88341414632325
          ],
          [
            147.64630135700048,
            -22.883235008323233
          ],
          [
            147.64651873900056,
            -22.883031691323243
          ],
          [
            147.64659085600053,
            -22.882937112323294
          ],
          [
            147.64648706100058,
            -22.882507925323306
          ],
          [
            147.64618929500057,
            -22.88220166132329
          ],
          [
            147.64632095000053,
            -22.881977447323276
          ],
          [
            147.64649755500056,
            -22.881867486323333
          ],
          [
            147.64671988400062,
            -22.88187055632332
          ],
          [
            147.64684410100062,
            -22.88179417832331
          ]
        ]
      }
    },
    {
      "type": "Feature",
      "properties": {
        "name": null,
        "alternate_name": null,
        "perenniality": "Intermittent",
        "hierarchy": "Minor",
        "stream_order": 2,
        "feature_type": "Watercourse"
      },
      "geometry": {
        "type": "LineString",
        "coordinates": [
          [
            147.64980880500062,
            -22.880702227323457
          ],
          [
            147.65002699000058,
            -22.880793194323456
          ],
          [
            147.65020911300056,
            -22.880851627323448
          ],
          [
            147.6504375130006,
            -22.880785197323437
          ],
          [
            147.6508160480006,
            -22.880657241323405
          ],
          [
            147.65126389200057,
            -22.880619921323408
          ],
          [
            147.65139220700058,
            -22.88063563932337
          ],
          [
            147.6514984760006,
            -22.88069189632341
          ],
          [
            147.65159710900062,
            -22.880822517323388
          ],
          [
            147.65178371000056,
            -22.88087050032339
          ],
          [
            147.65200230100058,
            -22.880867834323386
          ],
          [
            147.65229106600052,
            -22.880949624323392
          ],
          [
            147.65246080700058,
            -22.880966467323354
          ],
          [
            147.6526306420005,
            -22.88101076932334
          ],
          [
            147.6527900580006,
            -22.88097801332334
          ],
          [
            147.65293675600054,
            -22.881016962323322
          ],
          [
            147.65300188300054,
            -22.881023872323343
          ],
          [
            147.65309796900056,
            -22.88097692132335
          ],
          [
            147.6531427370006,
            -22.880987840323314
          ]
        ]
      }
    },
    {
      "type": "Feature",
      "properties": {
        "name": null,
        "alternate_name": null,
        "perenniality": "Intermittent",
        "hierarchy": "Minor",
        "stream_order": 1,
        "feature_type": "Watercourse"
      },
      "geometry": {
        "type": "LineString",
        "coordinates": [
          [
            147.5751710780007,
            -22.769870418326335
          ],
          [
            147.57350657800066,
            -22.77020141832627
          ],
          [
            147.57213607800063,
            -22.770883918326202
          ],
          [
            147.57155357800067,
            -22.77137391832611
          ],
          [
            147.57099857800063,
            -22.771429918326106
          ],
          [
            147.5704125780006,
            -22.77099841832611
          ],
          [
            147.57039576736506,
            -22.7710016011617
          ]
        ]
      }
    },
    {
      "type": "Feature",
      "properties": {
        "name": "Wolfang Creek",
        "alternate_name": null,
        "perenniality": "Intermittent",
        "hierarchy": "Major",
        "stream_order": 5,
        "feature_type": "Watercourse"
      },
      "geometry": {
        "type": "MultiLineString",
        "coordinates": [
          [
            [
              147.62825503100052,
              -22.810137795324856
            ],
            [
              147.62834833300053,
              -22.810164453324884
            ],
            [
              147.6284467620005,
              -22.810232123324838
            ],
            [
              147.62845173800054,
              -22.810285273324872
            ],
            [
              147.62849800800052,
              -22.81034854732484
            ],
            [
              147.6286087600006,
              -22.81042180332485
            ],
            [
              147.6286376637563,
              -22.810455458531006
            ]
          ],
          [
            [
              147.62876900353126,
              -22.81047914036231
            ],
            [
              147.62877588400056,
              -22.810457689324878
            ],
            [
              147.62881997200054,
              -22.810426930324848
            ],
            [
              147.62886918600051,
              -22.810422829324853
            ],
            [
              147.62895121000054,
              -22.810465891324885
            ],
            [
              147.6290209310006,
              -22.810501777324852
            ],
            [
              147.62912653700062,
              -22.810481271324853
            ],
            [
              147.62923419300057,
              -22.810476144324866
            ],
            [
              147.62932647100055,
              -22.81043205632487
            ],
            [
              147.62945668400062,
              -22.810416677324884
            ],
            [
              147.6296322670006,
              -22.81032465632489
            ],
            [
              147.62969474600064,
              -22.810287809324855
            ],
            [
              147.6297508170005,
              -22.8101996973249
            ],
            [
              147.6299398570005,
              -22.810012260324882
            ],
            [
              147.62996068400057,
              -22.80991774032488
            ],
            [
              147.6300151530006,
              -22.8098889033249
            ],
            [
              147.6300616120005,
              -22.80983924032492
            ],
            [
              147.6300808360006,
              -22.809755934324894
            ],
            [
              147.63004078500057,
              -22.809624567324907
            ],
            [
              147.63004238700054,
              -22.809534854324884
            ],
            [
              147.63001605400052,
              -22.80947382232493
            ],
            [
              147.62990140800056,
              -22.80942751732491
            ],
            [
              147.62982290900058,
              -22.809387466324935
            ],
            [
              147.62977164400058,
              -22.809297753324902
            ],
            [
              147.62978285800057,
              -22.809233671324918
            ],
            [
              147.62983091900057,
              -22.809188814324937
            ],
            [
              147.6298709700005,
              -22.80912473332495
            ],
            [
              147.63001606900056,
              -22.80900942332494
            ],
            [
              147.6300868150006,
              -22.808907671324913
            ],
            [
              147.63008404000058,
              -22.80884117332494
            ],
            [
              147.63009685700055,
              -22.808797918324977
            ],
            [
              147.63015933600056,
              -22.808762673324917
            ],
            [
              147.63021540700058,
              -22.808765877324912
            ],
            [
              147.63023623300055,
              -22.80881393832494
            ],
            [
              147.63034837600057,
              -22.80889404032491
            ],
            [
              147.63049255900057,
              -22.808958121324906
            ],
            [
              147.63052980600057,
              -22.809093493324948
            ],
            [
              147.63057987000053,
              -22.80915607332491
            ],
            [
              147.63065246200043,
              -22.80916858932493
            ],
            [
              147.6307500860006,
              -22.809151066324958
            ],
            [
              147.63090778600053,
              -22.809043430324962
            ],
            [
              147.63101041600055,
              -22.808998373324936
            ],
            [
              147.63116561300058,
              -22.80898836032493
            ],
            [
              147.6313883960006,
              -22.809018398324973
            ],
            [
              147.63148351700056,
              -22.809070965324935
            ],
            [
              147.63165373300058,
              -22.809101003324965
            ],
            [
              147.6317829480006,
              -22.80912438732494
            ],
            [
              147.63197414000055,
              -22.809138550324946
            ],
            [
              147.6321018020005,
              -22.809186111324983
            ],
            [
              147.63215937500055,
              -22.809388868324934
            ],
            [
              147.63226450800062,
              -22.809466467324935
            ],
            [
              147.63231707500051,
              -22.809599135324927
            ],
            [
              147.63229704900064,
              -22.80968424332494
            ],
            [
              147.63224948900046,
              -22.80971428132497
            ],
            [
              147.63214185200056,
              -22.809701765324938
            ],
            [
              147.63177138200055,
              -22.809964599324925
            ],
            [
              147.6316287010005,
              -22.810087255324895
            ],
            [
              147.6315761340006,
              -22.810239949324895
            ],
            [
              147.6316288010006,
              -22.81038709632489
            ],
            [
              147.63185629000054,
              -22.81050768832493
            ],
            [
              147.6318950390006,
              -22.810577978324922
            ],
            [
              147.63201589066983,
              -22.810627436821168
            ]
          ]
        ]
      }
    },
    {
      "type": "Feature",
      "properties": {
        "name": null,
        "alternate_name": null,
        "perenniality": "Intermittent",
        "hierarchy": "Minor",
        "stream_order": 3,
        "feature_type": "Watercourse"
      },
      "geometry": {
        "type": "LineString",
        "coordinates": [
          [
            147.45223609700068,
            -22.67731090832823
          ],
          [
            147.45312559700076,
            -22.67756190832826
          ],
          [
            147.4540625970007,
            -22.677875408328298
          ],
          [
            147.45437559700068,
            -22.67822490832828
          ],
          [
            147.45468409700078,
            -22.678616408328313
          ],
          [
            147.45508009600073,
            -22.67901740832827
          ],
          [
            147.45564459600067,
            -22.679290908328248
          ],
          [
            147.4558485960007,
            -22.67930940832826
          ],
          [
            147.45615059600075,
            -22.67925690832827
          ],
          [
            147.4573520960007,
            -22.678922409328244
          ]
        ]
      }
    },
    {
      "type": "Feature",
      "properties": {
        "name": "Wolfang Creek",
        "alternate_name": null,
        "perenniality": "Intermittent",
        "hierarchy": "Major",
        "stream_order": 5,
        "feature_type": "Watercourse"
      },
      "geometry": {
        "type": "LineString",
        "coordinates": [
          [
            147.6254040340004,
            -22.797869210325246
          ],
          [
            147.62531848400042,
            -22.797968180325256
          ],
          [
            147.62523417800043,
            -22.798115495325245
          ],
          [
            147.62521480300035,
            -22.798233681325247
          ],
          [
            147.6251534800004,
            -22.798392791325274
          ],
          [
            147.62501487600045,
            -22.798434592325275
          ],
          [
            147.62484767100037,
            -22.798641397325223
          ],
          [
            147.62474206900046,
            -22.798890004325195
          ],
          [
            147.6246386660004,
            -22.798984607325252
          ],
          [
            147.6244450610004,
            -22.79901980732526
          ],
          [
            147.62435045800038,
            -22.799052808325218
          ],
          [
            147.62424705500035,
            -22.799147411325254
          ],
          [
            147.62421625500033,
            -22.79929481532521
          ],
          [
            147.6243768590004,
            -22.799635824325215
          ],
          [
            147.62441426000038,
            -22.799833829325216
          ],
          [
            147.6244101380004,
            -22.79999674632522
          ],
          [
            147.6243569700004,
            -22.800104883325197
          ],
          [
            147.6241326520003,
            -22.800218839325204
          ],
          [
            147.62409305100044,
            -22.80035084332517
          ],
          [
            147.62414365300043,
            -22.8005180473252
          ],
          [
            147.6240674720004,
            -22.800890410325188
          ],
          [
            147.6239258470004,
            -22.8011010633252
          ],
          [
            147.6240072490004,
            -22.80133866932517
          ],
          [
            147.6240030700004,
            -22.801663923325165
          ],
          [
            147.6240805700005,
            -22.802346423325133
          ],
          [
            147.6244438930005,
            -22.803483424325105
          ],
          [
            147.62440986000047,
            -22.803920987325085
          ],
          [
            147.6245374630005,
            -22.804128343325047
          ],
          [
            147.6247970700005,
            -22.80439015032505
          ],
          [
            147.62503467600052,
            -22.804581555325058
          ],
          [
            147.6251688800005,
            -22.804777360325037
          ],
          [
            147.62527668300052,
            -22.805045767325044
          ],
          [
            147.6254064860005,
            -22.80527017332501
          ],
          [
            147.6254264120005,
            -22.805472118325014
          ],
          [
            147.62538448600054,
            -22.805560581325015
          ],
          [
            147.62539108600052,
            -22.805617782325015
          ],
          [
            147.6256110920005,
            -22.805848789325026
          ],
          [
            147.6257782960005,
            -22.80616339732502
          ],
          [
            147.62585749800047,
            -22.80638560332499
          ],
          [
            147.62599830200048,
            -22.806733212324946
          ],
          [
            147.6260885040005,
            -22.806845415324954
          ],
          [
            147.62619190700053,
            -22.806874016324944
          ],
          [
            147.6262579090005,
            -22.806810214324948
          ],
          [
            147.62631291000056,
            -22.80677281332497
          ],
          [
            147.62640531300048,
            -22.806801414324962
          ],
          [
            147.6265505170006,
            -22.80688501632497
          ],
          [
            147.62663631900054,
            -22.806959818324945
          ],
          [
            147.62677272200057,
            -22.807003819324937
          ],
          [
            147.62686732500057,
            -22.807190824324977
          ],
          [
            147.62700812900053,
            -22.807320628324945
          ],
          [
            147.62701912900056,
            -22.807435031324946
          ],
          [
            147.62699052800048,
            -22.80751643332492
          ],
          [
            147.62700812900061,
            -22.807613235324958
          ],
          [
            147.62723212200052,
            -22.80803578432494
          ],
          [
            147.6272424350005,
            -22.808162975324926
          ],
          [
            147.62711180600056,
            -22.808400169324948
          ],
          [
            147.6271049310005,
            -22.808503296324933
          ],
          [
            147.6271805580005,
            -22.808578923324927
          ],
          [
            147.6274349400005,
            -22.808706114324895
          ],
          [
            147.6276961970005,
            -22.80898799732491
          ],
          [
            147.62780666200055,
            -22.80921927832489
          ],
          [
            147.62791930500052,
            -22.8095051103249
          ],
          [
            147.62806022300057,
            -22.80973792732488
          ],
          [
            147.62814464000053,
            -22.809814385324895
          ],
          [
            147.62821182600052,
            -22.80996327532488
          ],
          [
            147.62825503100052,
            -22.810137795324856
          ]
        ]
      }
    },
    {
      "type": "Feature",
      "properties": {
        "name": null,
        "alternate_name": null,
        "perenniality": "Intermittent",
        "hierarchy": "Minor",
        "stream_order": 1,
        "feature_type": "Watercourse"
      },
      "geometry": {
        "type": "LineString",
        "coordinates": [
          [
            147.46882559500057,
            -22.677750909328502
          ],
          [
            147.46927759500053,
            -22.678989909328475
          ],
          [
            147.46925759500058,
            -22.679306909328474
          ],
          [
            147.46943959500055,
            -22.680330909328468
          ],
          [
            147.46944059500058,
            -22.680735409328456
          ],
          [
            147.4693915950006,
            -22.681028409328444
          ],
          [
            147.46905359500053,
            -22.681607409328436
          ],
          [
            147.46835409500056,
            -22.681635909328392
          ],
          [
            147.46771859500052,
            -22.68153190932836
          ],
          [
            147.4669480950006,
            -22.681530409328314
          ],
          [
            147.46595759500053,
            -22.68193590932828
          ],
          [
            147.4648520950006,
            -22.682285909328264
          ],
          [
            147.46216859500063,
            -22.68322040932815
          ],
          [
            147.46029009600068,
            -22.68417140932809
          ]
        ]
      }
    },
    {
      "type": "Feature",
      "properties": {
        "name": null,
        "alternate_name": null,
        "perenniality": "Intermittent",
        "hierarchy": "Minor",
        "stream_order": 1,
        "feature_type": "Watercourse"
      },
      "geometry": {
        "type": "LineString",
        "coordinates": [
          [
            147.46817459600072,
            -22.66658740932879
          ],
          [
            147.46671909700063,
            -22.6653869093288
          ],
          [
            147.46597609700055,
            -22.664857909328827
          ],
          [
            147.46529809700058,
            -22.664629409328754
          ],
          [
            147.46389009700056,
            -22.66429590932878
          ],
          [
            147.4626400970005,
            -22.664252409328768
          ],
          [
            147.46142659700055,
            -22.664045909328756
          ],
          [
            147.46025109700048,
            -22.663737909328734
          ]
        ]
      }
    },
    {
      "type": "Feature",
      "properties": {
        "name": null,
        "alternate_name": null,
        "perenniality": "Intermittent",
        "hierarchy": "Minor",
        "stream_order": 1,
        "feature_type": "Watercourse"
      },
      "geometry": {
        "type": "LineString",
        "coordinates": [
          [
            147.4868730900005,
            -22.718916911327362
          ],
          [
            147.48656983588313,
            -22.719120098370205
          ]
        ]
      }
    },
    {
      "type": "Feature",
      "properties": {
        "name": null,
        "alternate_name": null,
        "perenniality": "Intermittent",
        "hierarchy": "Minor",
        "stream_order": 2,
        "feature_type": "Watercourse"
      },
      "geometry": {
        "type": "LineString",
        "coordinates": [
          [
            147.45038143893464,
            -22.66331254735781
          ],
          [
            147.45054309800054,
            -22.663738408328573
          ],
          [
            147.45056509800048,
            -22.664206908328513
          ],
          [
            147.4504540980005,
            -22.664916408328526
          ],
          [
            147.4501995980006,
            -22.66566440832848
          ],
          [
            147.45015259800059,
            -22.66620340832846
          ],
          [
            147.45022109800055,
            -22.66667840832844
          ],
          [
            147.45052809800055,
            -22.667969908328445
          ],
          [
            147.45067209800064,
            -22.669303408328407
          ],
          [
            147.4507390980006,
            -22.670734908328324
          ],
          [
            147.4505955980006,
            -22.67157090832834
          ],
          [
            147.4503215970006,
            -22.672221408328273
          ]
        ]
      }
    },
    {
      "type": "Feature",
      "properties": {
        "name": null,
        "alternate_name": null,
        "perenniality": "Intermittent",
        "hierarchy": "Minor",
        "stream_order": 1,
        "feature_type": "Watercourse"
      },
      "geometry": {
        "type": "LineString",
        "coordinates": [
          [
            147.65940887157913,
            -22.865091806425937
          ],
          [
            147.65941414700055,
            -22.865341946323866
          ],
          [
            147.65940548800052,
            -22.865679168323847
          ],
          [
            147.6600194280006,
            -22.866512372323815
          ],
          [
            147.6603803580005,
            -22.866742055323847
          ],
          [
            147.66079856100052,
            -22.867130426323826
          ],
          [
            147.66257356100053,
            -22.868760926323773
          ],
          [
            147.66268856100044,
            -22.86906592632377
          ],
          [
            147.66272506100034,
            -22.87003592632373
          ],
          [
            147.66278856100038,
            -22.870188426323733
          ],
          [
            147.6630690610004,
            -22.870228426323695
          ],
          [
            147.66326456100043,
            -22.870343926323745
          ],
          [
            147.66330856100043,
            -22.870559426323712
          ],
          [
            147.66348056000047,
            -22.871109926323726
          ],
          [
            147.6641675600004,
            -22.871246426323722
          ],
          [
            147.6644110600004,
            -22.871442926323688
          ],
          [
            147.6647085600004,
            -22.8715959263237
          ],
          [
            147.66496556000044,
            -22.87160592632374
          ],
          [
            147.6652365600004,
            -22.871666426323685
          ],
          [
            147.66564406000032,
            -22.871846426323653
          ],
          [
            147.66582106000035,
            -22.872197926323654
          ],
          [
            147.6657790600003,
            -22.875558426323536
          ],
          [
            147.66579706000036,
            -22.87584692632352
          ],
          [
            147.66604906000032,
            -22.877554427323457
          ],
          [
            147.6660760600004,
            -22.877873427323433
          ],
          [
            147.66633606000042,
            -22.87817242732344
          ],
          [
            147.66657156000034,
            -22.878420927323443
          ],
          [
            147.66671655900035,
            -22.87842542732343
          ],
          [
            147.66689805900037,
            -22.87848992732343
          ],
          [
            147.66690705900035,
            -22.878675427323408
          ],
          [
            147.66690605900035,
            -22.878882427323394
          ],
          [
            147.66642805900042,
            -22.879140427323424
          ],
          [
            147.66607355900035,
            -22.8797744273234
          ],
          [
            147.6660375590004,
            -22.880597927323333
          ],
          [
            147.66625105900042,
            -22.882439927323283
          ],
          [
            147.6662280590004,
            -22.882657427323284
          ],
          [
            147.66627205900042,
            -22.883239427323286
          ],
          [
            147.6661440590004,
            -22.883585927323253
          ],
          [
            147.6662080590004,
            -22.883975927323213
          ],
          [
            147.66650705900037,
            -22.884386927323256
          ],
          [
            147.66663455900044,
            -22.884939427323204
          ],
          [
            147.6669300590005,
            -22.885278427323186
          ],
          [
            147.66703555900048,
            -22.88561542732319
          ],
          [
            147.6669870590005,
            -22.885989427323185
          ],
          [
            147.66673555900041,
            -22.886320427323145
          ],
          [
            147.6665745590004,
            -22.88666792732316
          ],
          [
            147.66659605900037,
            -22.88688442732312
          ],
          [
            147.66671205900045,
            -22.887199927323106
          ],
          [
            147.66744155900048,
            -22.88797492732314
          ],
          [
            147.66767355800047,
            -22.88847092732313
          ],
          [
            147.66820655800035,
            -22.889047927323155
          ],
          [
            147.66817855800045,
            -22.88937392732311
          ],
          [
            147.66806605800045,
            -22.889764927323068
          ],
          [
            147.6680395580004,
            -22.890121427323077
          ],
          [
            147.6680595580004,
            -22.890303427323072
          ],
          [
            147.6682340580005,
            -22.890509427323078
          ],
          [
            147.66911455800047,
            -22.890573927323125
          ],
          [
            147.67004309151733,
            -22.890767648495867
          ]
        ]
      }
    },
    {
      "type": "Feature",
      "properties": {
        "name": null,
        "alternate_name": null,
        "perenniality": "Intermittent",
        "hierarchy": "Minor",
        "stream_order": 1,
        "feature_type": "Watercourse"
      },
      "geometry": {
        "type": "LineString",
        "coordinates": [
          [
            147.61413818572836,
            -22.84061883579257
          ],
          [
            147.61414981200065,
            -22.840615545324443
          ],
          [
            147.61434613400058,
            -22.84058836232445
          ],
          [
            147.61453037400054,
            -22.840636687324476
          ],
          [
            147.61461192200056,
            -22.840630647324463
          ],
          [
            147.61480069300057,
            -22.84052946632447
          ]
        ]
      }
    },
    {
      "type": "Feature",
      "properties": {
        "name": null,
        "alternate_name": null,
        "perenniality": "Intermittent",
        "hierarchy": "Minor",
        "stream_order": 1,
        "feature_type": "Watercourse"
      },
      "geometry": {
        "type": "LineString",
        "coordinates": [
          [
            147.49549509200043,
            -22.69313441232813
          ],
          [
            147.4962015920004,
            -22.693335412328132
          ],
          [
            147.49652390100044,
            -22.693522671328115
          ]
        ]
      }
    },
    {
      "type": "Feature",
      "properties": {
        "name": null,
        "alternate_name": null,
        "perenniality": "Intermittent",
        "hierarchy": "Minor",
        "stream_order": 1,
        "feature_type": "Watercourse"
      },
      "geometry": {
        "type": "LineString",
        "coordinates": [
          [
            147.58725457500063,
            -22.782933920325373
          ],
          [
            147.58717807500068,
            -22.783480920325328
          ],
          [
            147.5872700750007,
            -22.784470420325302
          ],
          [
            147.58749607500067,
            -22.785508920325285
          ],
          [
            147.58803457500073,
            -22.786329920325322
          ],
          [
            147.58912757500067,
            -22.787087420325356
          ],
          [
            147.58965757500079,
            -22.787432420325352
          ],
          [
            147.5897905750007,
            -22.787753420325355
          ],
          [
            147.59000257500063,
            -22.788193920325384
          ],
          [
            147.59029507500063,
            -22.78848092032534
          ],
          [
            147.59046307500066,
            -22.788549920325398
          ],
          [
            147.59100307400067,
            -22.78861992032538
          ],
          [
            147.59120957400066,
            -22.789106920325356
          ],
          [
            147.5917375740007,
            -22.78953842032535
          ],
          [
            147.59247007400054,
            -22.78988792032536
          ],
          [
            147.5929421350769,
            -22.790002775071542
          ]
        ]
      }
    },
    {
      "type": "Feature",
      "properties": {
        "name": "Bath Creek",
        "alternate_name": null,
        "perenniality": "Intermittent",
        "hierarchy": "Minor",
        "stream_order": 3,
        "feature_type": "Watercourse"
      },
      "geometry": {
        "type": "LineString",
        "coordinates": [
          [
            147.52509650924782,
            -22.741637810736833
          ],
          [
            147.5248996690005,
            -22.741907618326405
          ],
          [
            147.52347910000057,
            -22.74518144232627
          ]
        ]
      }
    },
    {
      "type": "Feature",
      "properties": {
        "name": null,
        "alternate_name": null,
        "perenniality": "Intermittent",
        "hierarchy": "Minor",
        "stream_order": 1,
        "feature_type": "Watercourse"
      },
      "geometry": {
        "type": "LineString",
        "coordinates": [
          [
            147.57744150306434,
            -22.755630622316918
          ],
          [
            147.5786580780005,
            -22.75734991932659
          ],
          [
            147.5792675780005,
            -22.759154919326484
          ],
          [
            147.57965857800056,
            -22.760675919326378
          ],
          [
            147.57937457800062,
            -22.761860419326382
          ],
          [
            147.58016757800053,
            -22.76275191932633
          ],
          [
            147.58110207800053,
            -22.76263991932629
          ],
          [
            147.58136757800057,
            -22.763289419326206
          ],
          [
            147.58142907800058,
            -22.763993919326218
          ],
          [
            147.58225257700047,
            -22.76515641932611
          ],
          [
            147.5837450770005,
            -22.765719919326028
          ],
          [
            147.58397957700055,
            -22.765908919326055
          ],
          [
            147.58424507700047,
            -22.766476919326006
          ],
          [
            147.5843915770005,
            -22.76653041932598
          ],
          [
            147.58482707700045,
            -22.76587841932598
          ],
          [
            147.58549857700044,
            -22.765794919325998
          ],
          [
            147.5872840770005,
            -22.766492919325945
          ],
          [
            147.5884870770004,
            -22.76759942032585
          ],
          [
            147.59197307600041,
            -22.769564920325745
          ],
          [
            147.59446057600036,
            -22.770341420325757
          ],
          [
            147.59516357600046,
            -22.770745420325756
          ],
          [
            147.59551807600045,
            -22.771692420325724
          ],
          [
            147.59613407600048,
            -22.7721509203257
          ],
          [
            147.59654357500054,
            -22.772284920325692
          ],
          [
            147.59847407500052,
            -22.772656920325748
          ],
          [
            147.59902757500055,
            -22.77222142032575
          ],
          [
            147.59949457500053,
            -22.772138420325792
          ],
          [
            147.60054957500049,
            -22.77275792032578
          ],
          [
            147.60157157500058,
            -22.772645421325812
          ],
          [
            147.60167884018037,
            -22.7726847600364
          ]
        ]
      }
    },
    {
      "type": "Feature",
      "properties": {
        "name": null,
        "alternate_name": null,
        "perenniality": "Intermittent",
        "hierarchy": "Minor",
        "stream_order": 2,
        "feature_type": "Watercourse"
      },
      "geometry": {
        "type": "LineString",
        "coordinates": [
          [
            147.5321393330007,
            -22.753236262326116
          ],
          [
            147.53177926100065,
            -22.75363707032608
          ],
          [
            147.53177179200063,
            -22.753777104326055
          ],
          [
            147.5319398330007,
            -22.75383498532608
          ],
          [
            147.5320888520006,
            -22.754290237326078
          ],
          [
            147.53201813500067,
            -22.754414958326034
          ],
          [
            147.53217908100063,
            -22.754565887326056
          ],
          [
            147.53237113700067,
            -22.75455207532605
          ],
          [
            147.5324850320006,
            -22.754617307326036
          ],
          [
            147.5326792120006,
            -22.754792816326066
          ],
          [
            147.53284165100064,
            -22.754906711326043
          ],
          [
            147.53283044900067,
            -22.755128898326078
          ],
          [
            147.53313665600064,
            -22.755261463326082
          ],
          [
            147.53338498300062,
            -22.75518117732607
          ],
          [
            147.53365011400064,
            -22.755252128326074
          ],
          [
            147.5338256230006,
            -22.755459378326112
          ],
          [
            147.53381815400053,
            -22.755610614326137
          ],
          [
            147.5337397350007,
            -22.75580479532611
          ],
          [
            147.53398806200067,
            -22.756088597326126
          ],
          [
            147.53409660297848,
            -22.756096342407684
          ]
        ]
      }
    },
    {
      "type": "Feature",
      "properties": {
        "name": null,
        "alternate_name": null,
        "perenniality": "Intermittent",
        "hierarchy": "Minor",
        "stream_order": 1,
        "feature_type": "Watercourse"
      },
      "geometry": {
        "type": "LineString",
        "coordinates": [
          [
            147.64156499307978,
            -22.888968042494042
          ],
          [
            147.64349856100037,
            -22.888901925322997
          ],
          [
            147.6437925610004,
            -22.88919892532298
          ],
          [
            147.64475856000035,
            -22.889465925322988
          ],
          [
            147.64513806000033,
            -22.889274425322977
          ],
          [
            147.64560356000038,
            -22.88870342532302
          ],
          [
            147.6460700600004,
            -22.888403425323062
          ],
          [
            147.6495180600004,
            -22.88771192532316
          ],
          [
            147.65148256000035,
            -22.888760925323048
          ],
          [
            147.6515445600004,
            -22.889492425323038
          ],
          [
            147.65192706000036,
            -22.889951425322995
          ],
          [
            147.6519590600003,
            -22.89052042632303
          ],
          [
            147.65222356000038,
            -22.890790426323044
          ],
          [
            147.6535762150004,
            -22.891386958323004
          ],
          [
            147.65372635000043,
            -22.891494782322987
          ],
          [
            147.65389013200038,
            -22.89148932232297
          ],
          [
            147.65395155100035,
            -22.89142926832301
          ],
          [
            147.65403071300034,
            -22.891393782323014
          ],
          [
            147.65409622600032,
            -22.891389688322985
          ],
          [
            147.6541794820004,
            -22.89144837632301
          ],
          [
            147.6545029530004,
            -22.891498876323006
          ],
          [
            147.65480361800033,
            -22.891528890323002
          ],
          [
            147.65493834300042,
            -22.891549973322967
          ],
          [
            147.6550982870003,
            -22.891537177323013
          ],
          [
            147.65526889400033,
            -22.891413487322993
          ],
          [
            147.65534571300034,
            -22.89141128932298
          ],
          [
            147.6553883190004,
            -22.89144121132301
          ],
          [
            147.65554853800032,
            -22.891644838322957
          ],
          [
            147.6557295330004,
            -22.891805884322977
          ],
          [
            147.65608072800038,
            -22.891949279322994
          ],
          [
            147.65627180800044,
            -22.89199704932297
          ],
          [
            147.65668672400037,
            -22.892027076323004
          ],
          [
            147.65688462900042,
            -22.891957468322957
          ],
          [
            147.65707434400034,
            -22.891912428322982
          ],
          [
            147.6572408560004,
            -22.891875577322974
          ],
          [
            147.65745923300045,
            -22.891906968322967
          ],
          [
            147.65757797600037,
            -22.891952009322985
          ]
        ]
      }
    },
    {
      "type": "Feature",
      "properties": {
        "name": null,
        "alternate_name": null,
        "perenniality": "Intermittent",
        "hierarchy": "Minor",
        "stream_order": 2,
        "feature_type": "Watercourse"
      },
      "geometry": {
        "type": "LineString",
        "coordinates": [
          [
            147.50505108900046,
            -22.710513913327567
          ],
          [
            147.5072230890006,
            -22.71072591332757
          ],
          [
            147.51079558900062,
            -22.71068041332758
          ],
          [
            147.51352549005983,
            -22.71017901100656
          ]
        ]
      }
    },
    {
      "type": "Feature",
      "properties": {
        "name": null,
        "alternate_name": null,
        "perenniality": "Intermittent",
        "hierarchy": "Minor",
        "stream_order": 3,
        "feature_type": "Watercourse"
      },
      "geometry": {
        "type": "LineString",
        "coordinates": [
          [
            147.46029009600068,
            -22.68417140932809
          ],
          [
            147.4601472357044,
            -22.68502530452956
          ]
        ]
      }
    },
    {
      "type": "Feature",
      "properties": {
        "name": null,
        "alternate_name": null,
        "perenniality": "Intermittent",
        "hierarchy": "Minor",
        "stream_order": 1,
        "feature_type": "Watercourse"
      },
      "geometry": {
        "type": "LineString",
        "coordinates": [
          [
            147.62044106600064,
            -22.848127423324538
          ],
          [
            147.6204970660006,
            -22.84761242332455
          ],
          [
            147.6210465670006,
            -22.846227923324623
          ],
          [
            147.62170406700062,
            -22.84297342332457
          ],
          [
            147.6219075670006,
            -22.842647423324582
          ],
          [
            147.62193356700064,
            -22.841942923324577
          ],
          [
            147.62082333800066,
            -22.84099882132455
          ],
          [
            147.6207436520006,
            -22.84058632932454
          ],
          [
            147.6207790740006,
            -22.840330327324505
          ],
          [
            147.62073427700062,
            -22.840066027324536
          ],
          [
            147.6208889620006,
            -22.839620723324483
          ],
          [
            147.62099677200064,
            -22.83959728632451
          ],
          [
            147.62110927000066,
            -22.839494163324467
          ],
          [
            147.62154519900065,
            -22.839175420324455
          ],
          [
            147.62154988600062,
            -22.838983236324435
          ],
          [
            147.6214420760006,
            -22.838884800324468
          ],
          [
            147.62142801400063,
            -22.83868792932445
          ],
          [
            147.6212733290006,
            -22.838491058324426
          ],
          [
            147.62109416500067,
            -22.83840498132444
          ],
          [
            147.62103922600062,
            -22.83828891232444
          ],
          [
            147.62097391300057,
            -22.838271329324446
          ],
          [
            147.6208977290007,
            -22.838303584324457
          ],
          [
            147.62075887800057,
            -22.83830573532445
          ],
          [
            147.62061165500054,
            -22.838393823324445
          ],
          [
            147.62041773900063,
            -22.83843414232443
          ],
          [
            147.6202045390007,
            -22.838436688324464
          ],
          [
            147.62010862500057,
            -22.83839958332448
          ],
          [
            147.62002990700063,
            -22.83832662432445
          ],
          [
            147.61999056700057,
            -22.838229923324487
          ],
          [
            147.6198775670006,
            -22.83810492332446
          ],
          [
            147.61975306700066,
            -22.838006923324475
          ],
          [
            147.6196432790006,
            -22.83794937032443
          ],
          [
            147.6194825730006,
            -22.83792506032447
          ],
          [
            147.61936306700062,
            -22.83787292332446
          ],
          [
            147.6192830670006,
            -22.83780742332446
          ],
          [
            147.61919669500062,
            -22.837679941324463
          ],
          [
            147.61913328500057,
            -22.83750488032441
          ],
          [
            147.61913197900066,
            -22.837202295324417
          ],
          [
            147.61918113000064,
            -22.837065900324447
          ],
          [
            147.61932121000058,
            -22.836920905324416
          ],
          [
            147.61929909200063,
            -22.83678451132443
          ],
          [
            147.61934578600065,
            -22.83672798732442
          ],
          [
            147.61932738500064,
            -22.836548983324406
          ]
        ]
      }
    },
    {
      "type": "Feature",
      "properties": {
        "name": null,
        "alternate_name": null,
        "perenniality": "Intermittent",
        "hierarchy": "Minor",
        "stream_order": 1,
        "feature_type": "Watercourse"
      },
      "geometry": {
        "type": "LineString",
        "coordinates": [
          [
            147.61480069300057,
            -22.84052946632447
          ],
          [
            147.6148419380006,
            -22.840571301324463
          ],
          [
            147.61498915600055,
            -22.84057934232446
          ],
          [
            147.61520994700064,
            -22.840485671324462
          ],
          [
            147.61569017900058,
            -22.83989945732445
          ],
          [
            147.61578542900054,
            -22.839900532324442
          ],
          [
            147.6158560640006,
            -22.83985890732446
          ],
          [
            147.61598508500066,
            -22.83992771832447
          ],
          [
            147.61617554500066,
            -22.839850306324465
          ],
          [
            147.61648229000065,
            -22.839893627324493
          ],
          [
            147.61661663400062,
            -22.839931320324453
          ],
          [
            147.6166776540006,
            -22.839879873324488
          ],
          [
            147.61681397100068,
            -22.839831874324485
          ],
          [
            147.6170654860006,
            -22.839659077324484
          ],
          [
            147.6170831270006,
            -22.839577929324484
          ],
          [
            147.6172033020006,
            -22.839507025324448
          ],
          [
            147.61721006800056,
            -22.839425838324463
          ],
          [
            147.61739871900062,
            -22.839277605324455
          ],
          [
            147.61732372100062,
            -22.839160607324438
          ],
          [
            147.6173507200006,
            -22.839049610324466
          ],
          [
            147.6175967150006,
            -22.838893613324476
          ],
          [
            147.61771622100065,
            -22.838671702324447
          ],
          [
            147.61785471000059,
            -22.838629618324465
          ]
        ]
      }
    },
    {
      "type": "Feature",
      "properties": {
        "name": null,
        "alternate_name": null,
        "perenniality": "Intermittent",
        "hierarchy": "Minor",
        "stream_order": 1,
        "feature_type": "Watercourse"
      },
      "geometry": {
        "type": "LineString",
        "coordinates": [
          [
            147.5038810120003,
            -22.739515179326663
          ],
          [
            147.5040953140003,
            -22.739301872326635
          ],
          [
            147.50420001800038,
            -22.739022660326633
          ],
          [
            147.50426713700043,
            -22.738968965326677
          ],
          [
            147.50438526500034,
            -22.739006551326632
          ],
          [
            147.50482824600033,
            -22.739387784326656
          ],
          [
            147.50512004400036,
            -22.73949483732662
          ],
          [
            147.5055209080003,
            -22.73949324032661
          ],
          [
            147.50566008500036,
            -22.739427947326632
          ],
          [
            147.50581354400038,
            -22.739428055326627
          ],
          [
            147.5061169190003,
            -22.739672366326634
          ],
          [
            147.50639344700036,
            -22.739723376326623
          ],
          [
            147.5069035460003,
            -22.739548868326583
          ],
          [
            147.50714248800034,
            -22.739492488326594
          ],
          [
            147.5072949620003,
            -22.739363049326617
          ],
          [
            147.50748344900035,
            -22.739355567326616
          ],
          [
            147.50761496100026,
            -22.739178058326605
          ],
          [
            147.5077384990003,
            -22.7391622663266
          ],
          [
            147.5080123420004,
            -22.73871928532661
          ],
          [
            147.50833719500028,
            -22.738598472326657
          ],
          [
            147.50849827900038,
            -22.738593102326657
          ],
          [
            147.50892783700039,
            -22.738923325326645
          ],
          [
            147.50902180200038,
            -22.738952857326627
          ],
          [
            147.50915335400035,
            -22.73883741332662
          ],
          [
            147.50935258500036,
            -22.738791492326634
          ],
          [
            147.50959096600036,
            -22.73876224032664
          ],
          [
            147.50985675500033,
            -22.738880369326626
          ],
          [
            147.5100151540004,
            -22.738829359326637
          ],
          [
            147.51030936900034,
            -22.738525691326632
          ],
          [
            147.51048831200038,
            -22.73850697632663
          ],
          [
            147.51063608000038,
            -22.738427937326623
          ],
          [
            147.51089192300037,
            -22.738492326326675
          ],
          [
            147.51111035800037,
            -22.738408359326648
          ],
          [
            147.51133883600042,
            -22.738362645326642
          ],
          [
            147.5114151039077,
            -22.738403090459574
          ]
        ]
      }
    },
    {
      "type": "Feature",
      "properties": {
        "name": null,
        "alternate_name": null,
        "perenniality": "Intermittent",
        "hierarchy": "Minor",
        "stream_order": 1,
        "feature_type": "Watercourse"
      },
      "geometry": {
        "type": "LineString",
        "coordinates": [
          [
            147.4949130920005,
            -22.6882419123283
          ],
          [
            147.4953480920004,
            -22.68748141232831
          ],
          [
            147.4953180920005,
            -22.686899912328318
          ],
          [
            147.4951615920005,
            -22.684985412328373
          ],
          [
            147.49535959200043,
            -22.683696912328422
          ],
          [
            147.49552159300046,
            -22.682863412328455
          ],
          [
            147.49569709300042,
            -22.682322412328478
          ],
          [
            147.4964450930005,
            -22.681731912328516
          ],
          [
            147.49738709300047,
            -22.680973412328548
          ],
          [
            147.49771609300043,
            -22.680639912328548
          ],
          [
            147.49779359300044,
            -22.680449912328584
          ],
          [
            147.49856459200043,
            -22.680344412328584
          ]
        ]
      }
    },
    {
      "type": "Feature",
      "properties": {
        "name": null,
        "alternate_name": null,
        "perenniality": "Intermittent",
        "hierarchy": "Minor",
        "stream_order": 3,
        "feature_type": "Watercourse"
      },
      "geometry": {
        "type": "MultiLineString",
        "coordinates": [
          [
            [
              147.51170159100062,
              -22.684286413328334
            ],
            [
              147.51236206600063,
              -22.684786266328338
            ],
            [
              147.5124581500006,
              -22.685581142328303
            ],
            [
              147.5124319450006,
              -22.68583445432833
            ],
            [
              147.5127420340006,
              -22.68616201332831
            ],
            [
              147.5127726060006,
              -22.686559451328296
            ],
            [
              147.51313904100064,
              -22.687770304328282
            ],
            [
              147.51346877200058,
              -22.687876144328293
            ],
            [
              147.51352779800064,
              -22.688226230328258
            ],
            [
              147.51386770700063,
              -22.68845622832826
            ],
            [
              147.51387853300062,
              -22.68873900332827
            ],
            [
              147.51373133600057,
              -22.68884295032828
            ],
            [
              147.5136273060006,
              -22.68905055932823
            ],
            [
              147.5130917750006,
              -22.689325561328243
            ],
            [
              147.51297659200054,
              -22.689475348328234
            ],
            [
              147.51304773400057,
              -22.689700630328208
            ],
            [
              147.51354803300057,
              -22.690240437328203
            ],
            [
              147.51410458200053,
              -22.690270252328197
            ],
            [
              147.51461101000058,
              -22.69015897632824
            ],
            [
              147.51494890357606,
              -22.69026778918648
            ]
          ],
          [
            [
              147.5150891909076,
              -22.690326460799703
            ],
            [
              147.51525203400058,
              -22.690783974328202
            ],
            [
              147.5154838360006,
              -22.69092206232821
            ]
          ]
        ]
      }
    },
    {
      "type": "Feature",
      "properties": {
        "name": null,
        "alternate_name": null,
        "perenniality": "Intermittent",
        "hierarchy": "Minor",
        "stream_order": 1,
        "feature_type": "Watercourse"
      },
      "geometry": {
        "type": "LineString",
        "coordinates": [
          [
            147.50870794271256,
            -22.611075978980306
          ],
          [
            147.5100255980006,
            -22.610090412329914
          ],
          [
            147.51209159800058,
            -22.608294912330084
          ],
          [
            147.51343109800058,
            -22.607450912330176
          ],
          [
            147.51526009800068,
            -22.605878912330375
          ],
          [
            147.51594409800063,
            -22.604767912330338
          ],
          [
            147.51609759800064,
            -22.603932412330362
          ],
          [
            147.5164725980006,
            -22.603177413330382
          ],
          [
            147.51702759800068,
            -22.602661413330353
          ],
          [
            147.51758859800063,
            -22.602111413330316
          ]
        ]
      }
    },
    {
      "type": "Feature",
      "properties": {
        "name": null,
        "alternate_name": null,
        "perenniality": "Intermittent",
        "hierarchy": "Minor",
        "stream_order": 2,
        "feature_type": "Watercourse"
      },
      "geometry": {
        "type": "LineString",
        "coordinates": [
          [
            147.5198125980006,
            -22.596806913330393
          ],
          [
            147.52073559800053,
            -22.59698041333033
          ],
          [
            147.5217355980005,
            -22.596979913330298
          ],
          [
            147.52202709800056,
            -22.59669891333032
          ],
          [
            147.52238759800056,
            -22.596051413330308
          ],
          [
            147.52336909800056,
            -22.59442291333035
          ],
          [
            147.5236930980005,
            -22.59361541333036
          ],
          [
            147.52370022427925,
            -22.59342328326583
          ]
        ]
      }
    },
    {
      "type": "Feature",
      "properties": {
        "name": null,
        "alternate_name": null,
        "perenniality": "Intermittent",
        "hierarchy": "Minor",
        "stream_order": 2,
        "feature_type": "Watercourse"
      },
      "geometry": {
        "type": "LineString",
        "coordinates": [
          [
            147.52234659500064,
            -22.63129641332957
          ],
          [
            147.52396809500058,
            -22.63050641332957
          ]
        ]
      }
    },
    {
      "type": "Feature",
      "properties": {
        "name": null,
        "alternate_name": null,
        "perenniality": "Intermittent",
        "hierarchy": "Minor",
        "stream_order": 1,
        "feature_type": "Watercourse"
      },
      "geometry": {
        "type": "LineString",
        "coordinates": [
          [
            147.50984491900792,
            -22.620818513916117
          ],
          [
            147.5115720970006,
            -22.620721412329765
          ],
          [
            147.51258309700054,
            -22.620433412329845
          ],
          [
            147.51383409700054,
            -22.619607912329954
          ],
          [
            147.51679709700056,
            -22.617792413330033
          ],
          [
            147.51827359700053,
            -22.616919913329983
          ],
          [
            147.51990909600056,
            -22.616350413329965
          ],
          [
            147.52120259600056,
            -22.616315413329918
          ],
          [
            147.5223425960006,
            -22.61634091332987
          ],
          [
            147.52328159600054,
            -22.61612291332991
          ],
          [
            147.52400559600062,
            -22.6158959133299
          ],
          [
            147.52473759600062,
            -22.615435413329877
          ],
          [
            147.52542659600056,
            -22.614473913329885
          ],
          [
            147.52737559600055,
            -22.612760913329918
          ],
          [
            147.52796509600063,
            -22.61237441332993
          ]
        ]
      }
    },
    {
      "type": "Feature",
      "properties": {
        "name": null,
        "alternate_name": null,
        "perenniality": "Intermittent",
        "hierarchy": "Minor",
        "stream_order": 2,
        "feature_type": "Watercourse"
      },
      "geometry": {
        "type": "LineString",
        "coordinates": [
          [
            147.50498502126428,
            -22.60135533846243
          ],
          [
            147.50518959900046,
            -22.601185412329784
          ],
          [
            147.50544809900046,
            -22.60082491232982
          ],
          [
            147.50566159900046,
            -22.599820412329823
          ],
          [
            147.50586109900047,
            -22.599138912329874
          ],
          [
            147.5062560990005,
            -22.598907412329908
          ],
          [
            147.50680909900044,
            -22.59864291232992
          ],
          [
            147.5071855990005,
            -22.598627412329932
          ],
          [
            147.50782009900055,
            -22.59856141233003
          ],
          [
            147.50833559900053,
            -22.59841891233001
          ],
          [
            147.50898709900056,
            -22.59778691233008
          ],
          [
            147.51017909900054,
            -22.596322412330185
          ],
          [
            147.51044859900057,
            -22.596192412330197
          ],
          [
            147.51102259900043,
            -22.596074912330256
          ],
          [
            147.5114675990005,
            -22.59628591233027
          ],
          [
            147.5124920990006,
            -22.596795912330343
          ],
          [
            147.51277709900057,
            -22.596999912330368
          ],
          [
            147.5130780990006,
            -22.597229912330363
          ],
          [
            147.51326759900056,
            -22.5972489123304
          ],
          [
            147.51484159900056,
            -22.597002412330532
          ],
          [
            147.5162655990006,
            -22.596574912330496
          ],
          [
            147.51712659800057,
            -22.596544413330466
          ],
          [
            147.51818359800055,
            -22.596671913330443
          ],
          [
            147.5198125980006,
            -22.596806913330393
          ]
        ]
      }
    },
    {
      "type": "Feature",
      "properties": {
        "name": null,
        "alternate_name": null,
        "perenniality": "Intermittent",
        "hierarchy": "Minor",
        "stream_order": 1,
        "feature_type": "Watercourse"
      },
      "geometry": {
        "type": "MultiLineString",
        "coordinates": [
          [
            [
              147.48043528238688,
              -22.637101937170396
            ],
            [
              147.48021959800067,
              -22.63712041032871
            ],
            [
              147.47931359800074,
              -22.636879410328678
            ],
            [
              147.47837709800075,
              -22.636204410328666
            ],
            [
              147.47801521426047,
              -22.636065640940014
            ]
          ],
          [
            [
              147.4773686940612,
              -22.63590073338678
            ],
            [
              147.47533909900082,
              -22.63567141032866
            ],
            [
              147.47526631608747,
              -22.635638656717507
            ]
          ]
        ]
      }
    },
    {
      "type": "Feature",
      "properties": {
        "name": "Brigalow Creek",
        "alternate_name": null,
        "perenniality": "Intermittent",
        "hierarchy": "Minor",
        "stream_order": 1,
        "feature_type": "Watercourse"
      },
      "geometry": {
        "type": "LineString",
        "coordinates": [
          [
            147.46790709800064,
            -22.6464169093292
          ],
          [
            147.4683605980007,
            -22.645960909329148
          ],
          [
            147.4692190980008,
            -22.645063409329122
          ],
          [
            147.47007109800066,
            -22.644298409329096
          ],
          [
            147.47076109800076,
            -22.64355690932903
          ],
          [
            147.47135409800072,
            -22.643209909329002
          ],
          [
            147.47261759800077,
            -22.642400409328914
          ]
        ]
      }
    },
    {
      "type": "Feature",
      "properties": {
        "name": "Brigalow Creek",
        "alternate_name": null,
        "perenniality": "Intermittent",
        "hierarchy": "Minor",
        "stream_order": 1,
        "feature_type": "Watercourse"
      },
      "geometry": {
        "type": "LineString",
        "coordinates": [
          [
            147.4683030980006,
            -22.65292840932923
          ],
          [
            147.46795959800062,
            -22.652307409329207
          ],
          [
            147.4677805980006,
            -22.651296909329215
          ],
          [
            147.4677310980005,
            -22.650630409329285
          ],
          [
            147.46787359800058,
            -22.649733409329286
          ],
          [
            147.4679330980006,
            -22.648257409329222
          ],
          [
            147.4678775980006,
            -22.64786540932922
          ],
          [
            147.46778159800058,
            -22.647389409329218
          ],
          [
            147.46777009800056,
            -22.64715040932919
          ],
          [
            147.4677650980006,
            -22.64680690932919
          ]
        ]
      }
    },
    {
      "type": "Feature",
      "properties": {
        "name": "Brigalow Creek",
        "alternate_name": null,
        "perenniality": "Intermittent",
        "hierarchy": "Minor",
        "stream_order": 2,
        "feature_type": "Watercourse"
      },
      "geometry": {
        "type": "LineString",
        "coordinates": [
          [
            147.4689800990007,
            -22.637261909328853
          ],
          [
            147.46892058714212,
            -22.637008552684502
          ]
        ]
      }
    },
    {
      "type": "Feature",
      "properties": {
        "name": null,
        "alternate_name": null,
        "perenniality": "Intermittent",
        "hierarchy": "Minor",
        "stream_order": 1,
        "feature_type": "Watercourse"
      },
      "geometry": {
        "type": "MultiLineString",
        "coordinates": [
          [
            [
              147.46345714361186,
              -22.64270229142334
            ],
            [
              147.46389159900056,
              -22.64220840932909
            ],
            [
              147.4653075990006,
              -22.64115890932904
            ],
            [
              147.4659425990006,
              -22.640010409328994
            ],
            [
              147.46624159900065,
              -22.63948940932898
            ],
            [
              147.46636259900075,
              -22.63906640932895
            ],
            [
              147.466461491864,
              -22.63863834450637
            ]
          ],
          [
            [
              147.4675480849839,
              -22.63780626082124
            ],
            [
              147.4679765990008,
              -22.637799909328905
            ],
            [
              147.46852359900075,
              -22.637764909328865
            ],
            [
              147.46874359900076,
              -22.63765140932886
            ],
            [
              147.4689800990007,
              -22.637261909328853
            ]
          ]
        ]
      }
    },
    {
      "type": "Feature",
      "properties": {
        "name": null,
        "alternate_name": null,
        "perenniality": "Intermittent",
        "hierarchy": "Minor",
        "stream_order": 1,
        "feature_type": "Connector"
      },
      "geometry": {
        "type": "LineString",
        "coordinates": [
          [
            147.49652390100044,
            -22.693522671328115
          ],
          [
            147.49716633700032,
            -22.69410704432815
          ],
          [
            147.4974877640003,
            -22.6947838633281
          ]
        ]
      }
    },
    {
      "type": "Feature",
      "properties": {
        "name": null,
        "alternate_name": null,
        "perenniality": "Intermittent",
        "hierarchy": "Minor",
        "stream_order": 1,
        "feature_type": "Connector"
      },
      "geometry": {
        "type": "LineString",
        "coordinates": [
          [
            147.49190159200035,
            -22.695933411328028
          ],
          [
            147.4921925920004,
            -22.69599091132805
          ],
          [
            147.49292109200033,
            -22.696256411328044
          ],
          [
            147.49333109100036,
            -22.69651391132801
          ],
          [
            147.49348759100033,
            -22.696697411328003
          ],
          [
            147.4935445910004,
            -22.69684441232802
          ]
        ]
      }
    },
    {
      "type": "Feature",
      "properties": {
        "name": "Hurley Creek",
        "alternate_name": null,
        "perenniality": "Intermittent",
        "hierarchy": "Minor",
        "stream_order": 1,
        "feature_type": "Watercourse"
      },
      "geometry": {
        "type": "LineString",
        "coordinates": [
          [
            147.4896744280004,
            -22.73358422632682
          ],
          [
            147.49014006200048,
            -22.73377719132681
          ],
          [
            147.49067925800045,
            -22.73414916332676
          ],
          [
            147.49105874500052,
            -22.734293164326782
          ],
          [
            147.49138330900044,
            -22.73448975332676
          ],
          [
            147.4916771260004,
            -22.73462549432677
          ],
          [
            147.49195376100045,
            -22.734668449326797
          ],
          [
            147.4920860650004,
            -22.73473374232676
          ],
          [
            147.4926695850005,
            -22.73513633832676
          ],
          [
            147.4930272020005,
            -22.73523784532678
          ],
          [
            147.49346661600043,
            -22.73520345732676
          ],
          [
            147.49405809700045,
            -22.735404812326763
          ],
          [
            147.49457406900046,
            -22.735316719326782
          ],
          [
            147.4951991090005,
            -22.735409007326748
          ],
          [
            147.4956462820005,
            -22.735365717326793
          ],
          [
            147.49610017300043,
            -22.735223760326782
          ],
          [
            147.49667739100053,
            -22.735100262326807
          ],
          [
            147.49728682600053,
            -22.734684128326858
          ],
          [
            147.4980466060005,
            -22.734461295326874
          ],
          [
            147.49874350200054,
            -22.73440683932689
          ],
          [
            147.49937303300052,
            -22.734091808326927
          ],
          [
            147.4998009130005,
            -22.733760412326973
          ],
          [
            147.5003378590005,
            -22.733663929326916
          ],
          [
            147.5007957750006,
            -22.73318067732694
          ],
          [
            147.50130587400054,
            -22.732930996326914
          ],
          [
            147.50184389500055,
            -22.732450214326914
          ],
          [
            147.5019487070006,
            -22.73210141332694
          ]
        ]
      }
    },
    {
      "type": "Feature",
      "properties": {
        "name": null,
        "alternate_name": null,
        "perenniality": "Intermittent",
        "hierarchy": "Minor",
        "stream_order": null,
        "feature_type": "Watercourse"
      },
      "geometry": {
        "type": "LineString",
        "coordinates": [
          [
            147.48960501349242,
            -22.725207104680873
          ],
          [
            147.4903315450005,
            -22.725741105327074
          ],
          [
            147.49148723400057,
            -22.72814779832699
          ],
          [
            147.4934651680005,
            -22.72994584332692
          ],
          [
            147.49349329600054,
            -22.730738857326905
          ],
          [
            147.4935723340005,
            -22.730843669326923
          ],
          [
            147.4938506880005,
            -22.730907243326886
          ],
          [
            147.49447305000058,
            -22.730872228326913
          ],
          [
            147.49497956500056,
            -22.730986282326917
          ],
          [
            147.49572431000058,
            -22.731290623326927
          ],
          [
            147.4962129320006,
            -22.731395328326936
          ],
          [
            147.4968438450005,
            -22.731440968326943
          ],
          [
            147.4972304470006,
            -22.731348828326954
          ],
          [
            147.49791430200062,
            -22.731367729326955
          ],
          [
            147.49834214200055,
            -22.73126635332701
          ],
          [
            147.49860331300061,
            -22.731316182326985
          ],
          [
            147.49924764900067,
            -22.731608281327034
          ],
          [
            147.49950441700065,
            -22.731591314327005
          ],
          [
            147.49980779200058,
            -22.731529565327033
          ],
          [
            147.50018271000064,
            -22.731557215327005
          ],
          [
            147.5009838740006,
            -22.731721691326996
          ],
          [
            147.50159045600063,
            -22.731803408326968
          ],
          [
            147.50174080100055,
            -22.731964492326977
          ],
          [
            147.5019487070006,
            -22.73210141332694
          ]
        ]
      }
    },
    {
      "type": "Feature",
      "properties": {
        "name": "Hurley Creek",
        "alternate_name": null,
        "perenniality": "Intermittent",
        "hierarchy": "Minor",
        "stream_order": 1,
        "feature_type": "Watercourse"
      },
      "geometry": {
        "type": "LineString",
        "coordinates": [
          [
            147.5019487070006,
            -22.73210141332694
          ],
          [
            147.50237708300062,
            -22.73203966432694
          ],
          [
            147.5028925530006,
            -22.732184640326917
          ],
          [
            147.50349661800055,
            -22.73211483732688
          ],
          [
            147.50384418700057,
            -22.731937494326907
          ],
          [
            147.5042804340005,
            -22.731716661326903
          ],
          [
            147.50480956100054,
            -22.73135570132687
          ],
          [
            147.50500200200054,
            -22.73125948032691
          ],
          [
            147.50537593200056,
            -22.73121830332689
          ],
          [
            147.50572063500056,
            -22.731086558326904
          ],
          [
            147.5060168750005,
            -22.73110966532691
          ]
        ]
      }
    },
    {
      "type": "Feature",
      "properties": {
        "name": "Hurley Creek",
        "alternate_name": null,
        "perenniality": "Intermittent",
        "hierarchy": "Minor",
        "stream_order": 1,
        "feature_type": "Watercourse"
      },
      "geometry": {
        "type": "LineString",
        "coordinates": [
          [
            147.5060168750005,
            -22.73110966532691
          ],
          [
            147.50619273600051,
            -22.731309309326853
          ],
          [
            147.50648827200047,
            -22.731512060326875
          ],
          [
            147.50673054200055,
            -22.731731994326893
          ],
          [
            147.5068542550005,
            -22.73186773432684
          ],
          [
            147.50696078500056,
            -22.731920999326857
          ],
          [
            147.50718931000046,
            -22.731907253326877
          ],
          [
            147.50753982900056,
            -22.732097977326863
          ],
          [
            147.50762402200044,
            -22.732439905326878
          ],
          [
            147.5076085580005,
            -22.732618600326852
          ],
          [
            147.50768244200052,
            -22.732728567326856
          ],
          [
            147.50785942000053,
            -22.73277152332682
          ],
          [
            147.5080948170005,
            -22.732919291326848
          ],
          [
            147.50824258500043,
            -22.732979429326818
          ],
          [
            147.5084900100004,
            -22.733049876326806
          ],
          [
            147.50860566800043,
            -22.733172622326787
          ],
          [
            147.50876406800046,
            -22.733229002326834
          ],
          [
            147.5089869010004,
            -22.733296120326838
          ],
          [
            147.50912747300052,
            -22.733259500326838
          ],
          [
            147.5093654480005,
            -22.733253164326825
          ],
          [
            147.50968493200048,
            -22.733344445326804
          ],
          [
            147.5098433310004,
            -22.733288066326814
          ],
          [
            147.51003663200046,
            -22.73326658832681
          ],
          [
            147.51028899700043,
            -22.733234371326837
          ],
          [
            147.51059237200045,
            -22.73314040632684
          ],
          [
            147.5108635300005,
            -22.733094765326854
          ],
          [
            147.51100673600044,
            -22.73309565032681
          ],
          [
            147.5110991080005,
            -22.733048364326827
          ],
          [
            147.51121017500043,
            -22.732902108326844
          ],
          [
            147.51128385300046,
            -22.732895510326816
          ],
          [
            147.5116907300005,
            -22.732985683326863
          ],
          [
            147.51217636600035,
            -22.733102819326852
          ],
          [
            147.51250516592395,
            -22.733133442866798
          ]
        ]
      }
    },
    {
      "type": "Feature",
      "properties": {
        "name": null,
        "alternate_name": null,
        "perenniality": "Intermittent",
        "hierarchy": "Minor",
        "stream_order": 2,
        "feature_type": "Watercourse"
      },
      "geometry": {
        "type": "LineString",
        "coordinates": [
          [
            147.61916406700064,
            -22.837507422324425
          ],
          [
            147.61930608100062,
            -22.837253366324443
          ],
          [
            147.61929648100062,
            -22.83713240832441
          ],
          [
            147.61935408000062,
            -22.837059449324446
          ],
          [
            147.61952687700062,
            -22.83698073132439
          ],
          [
            147.61932738500064,
            -22.836548983324406
          ],
          [
            147.61939439900067,
            -22.83647770132443
          ],
          [
            147.61940108100058,
            -22.836417107324387
          ],
          [
            147.6193579200006,
            -22.836272265324386
          ],
          [
            147.61937159000064,
            -22.836226647324374
          ],
          [
            147.6194207410006,
            -22.836179953324397
          ],
          [
            147.6194490030006,
            -22.83609885432439
          ],
          [
            147.61943548600067,
            -22.83595508832437
          ],
          [
            147.61938288000061,
            -22.835767315324368
          ],
          [
            147.61926768200058,
            -22.835565719324368
          ],
          [
            147.61920879900066,
            -22.83546510332436
          ],
          [
            147.6192107300006,
            -22.835411846324373
          ],
          [
            147.61913497700064,
            -22.83528191532437
          ],
          [
            147.61900993700058,
            -22.835178108324406
          ],
          [
            147.61890895600064,
            -22.83505061732439
          ],
          [
            147.61891871300057,
            -22.834933533324378
          ],
          [
            147.61884913000054,
            -22.83483997432439
          ],
          [
            147.61883377100065,
            -22.83467293732435
          ],
          [
            147.61873009300052,
            -22.834486701324344
          ],
          [
            147.61873201300057,
            -22.83406046932434
          ],
          [
            147.6186473650006,
            -22.833829941324364
          ]
        ]
      }
    },
    {
      "type": "Feature",
      "properties": {
        "name": null,
        "alternate_name": null,
        "perenniality": "Intermittent",
        "hierarchy": "Minor",
        "stream_order": 2,
        "feature_type": "Watercourse"
      },
      "geometry": {
        "type": "LineString",
        "coordinates": [
          [
            147.6186473650006,
            -22.833829941324364
          ],
          [
            147.6192484820006,
            -22.833697597324342
          ],
          [
            147.6196013710006,
            -22.83360812732431
          ],
          [
            147.61966511400058,
            -22.83358047932435
          ],
          [
            147.61975727200058,
            -22.83306208932431
          ],
          [
            147.61973023800056,
            -22.832949546324308
          ]
        ]
      }
    },
    {
      "type": "Feature",
      "properties": {
        "name": null,
        "alternate_name": null,
        "perenniality": "Intermittent",
        "hierarchy": "Minor",
        "stream_order": 2,
        "feature_type": "Watercourse"
      },
      "geometry": {
        "type": "LineString",
        "coordinates": [
          [
            147.6186473650006,
            -22.833829941324364
          ],
          [
            147.61865017177146,
            -22.83374176186552
          ]
        ]
      }
    },
    {
      "type": "Feature",
      "properties": {
        "name": null,
        "alternate_name": null,
        "perenniality": "Intermittent",
        "hierarchy": "Minor",
        "stream_order": 2,
        "feature_type": "Connector"
      },
      "geometry": {
        "type": "LineString",
        "coordinates": [
          [
            147.61973023800056,
            -22.832949546324308
          ],
          [
            147.61971150321878,
            -22.832868992626302
          ]
        ]
      }
    },
    {
      "type": "Feature",
      "properties": {
        "name": null,
        "alternate_name": null,
        "perenniality": "Intermittent",
        "hierarchy": "Minor",
        "stream_order": 1,
        "feature_type": "Watercourse"
      },
      "geometry": {
        "type": "LineString",
        "coordinates": [
          [
            147.6269498887368,
            -22.851454406159025
          ],
          [
            147.62699366500058,
            -22.851424810324392
          ],
          [
            147.6270846130006,
            -22.85134549932437
          ],
          [
            147.6271681700006,
            -22.85130249232438
          ],
          [
            147.62728367500057,
            -22.851243511324384
          ],
          [
            147.62736846000058,
            -22.8512250793244
          ],
          [
            147.6274114680006,
            -22.85116118332437
          ],
          [
            147.62751468500065,
            -22.851135379324422
          ],
          [
            147.62761421500065,
            -22.85114029432439
          ],
          [
            147.62767688300065,
            -22.851120633324378
          ],
          [
            147.62771743300064,
            -22.851081313324407
          ],
          [
            147.62782065000061,
            -22.85106533932439
          ],
          [
            147.6279631880006,
            -22.85100021332441
          ],
          [
            147.62813790400065,
            -22.851009890324388
          ],
          [
            147.62828766100057,
            -22.851009890324388
          ],
          [
            147.62838465800058,
            -22.850948605324383
          ],
          [
            147.62851613700062,
            -22.850950371324412
          ],
          [
            147.62862749400068,
            -22.8509714913244
          ],
          [
            147.62879069100057,
            -22.85107324932443
          ],
          [
            147.62894847300066,
            -22.851080486324403
          ],
          [
            147.62905561800068,
            -22.8510102403244
          ],
          [
            147.62909596500066,
            -22.850948451324427
          ],
          [
            147.62917987200063,
            -22.850942608324438
          ],
          [
            147.62924854200065,
            -22.850904275324414
          ],
          [
            147.62936153400068,
            -22.850900142324416
          ],
          [
            147.6294522080006,
            -22.85092200232443
          ],
          [
            147.62952117700064,
            -22.850912725324427
          ],
          [
            147.62964621700058,
            -22.850808131324435
          ],
          [
            147.6297138490007,
            -22.85079004432444
          ],
          [
            147.62993876400066,
            -22.850797908324438
          ],
          [
            147.63001707700064,
            -22.850806132324433
          ],
          [
            147.63012890400066,
            -22.850869733324462
          ],
          [
            147.63031781600063,
            -22.850838801324446
          ],
          [
            147.63041690500057,
            -22.850759373324465
          ],
          [
            147.63052936200057,
            -22.850687810324466
          ],
          [
            147.63069352700057,
            -22.85063895332443
          ],
          [
            147.6307205600006,
            -22.85060454832449
          ],
          [
            147.63070704300063,
            -22.85048044132446
          ],
          [
            147.63077339700064,
            -22.850458323324464
          ],
          [
            147.63088275800064,
            -22.85053327932445
          ],
          [
            147.6309392820006,
            -22.850518533324465
          ],
          [
            147.6309633350007,
            -22.850489630324493
          ],
          [
            147.63097000100066,
            -22.850428833324486
          ],
          [
            147.63104260400058,
            -22.850341881324493
          ],
          [
            147.63119855300064,
            -22.8503501913245
          ],
          [
            147.63137303900064,
            -22.850280151324476
          ],
          [
            147.63158615500066,
            -22.850178547324468
          ],
          [
            147.6318127110006,
            -22.850124788324507
          ],
          [
            147.6321295040006,
            -22.84991743232451
          ],
          [
            147.63214057500062,
            -22.849837262324513
          ],
          [
            147.63210838500063,
            -22.84975423532455
          ],
          [
            147.6319912670006,
            -22.84965247732453
          ],
          [
            147.63200865900066,
            -22.84957004832456
          ],
          [
            147.63218162300055,
            -22.849478301324567
          ],
          [
            147.63224375000067,
            -22.849410670324538
          ],
          [
            147.63236182000068,
            -22.849328004324583
          ],
          [
            147.63236548100056,
            -22.84927193732457
          ],
          [
            147.6323696760007,
            -22.849207685324558
          ],
          [
            147.63250641300058,
            -22.849129919324568
          ],
          [
            147.63272661200062,
            -22.849089928324567
          ],
          [
            147.63276501200068,
            -22.84903809032459
          ],
          [
            147.63277064900063,
            -22.848971063324594
          ],
          [
            147.6328110910006,
            -22.848915212324577
          ],
          [
            147.63290132900062,
            -22.848905612324582
          ],
          [
            147.63304589400065,
            -22.848828722324594
          ],
          [
            147.63323935300065,
            -22.848762663324596
          ],
          [
            147.63338899900057,
            -22.84871745632462
          ],
          [
            147.63347134500057,
            -22.84861481632462
          ],
          [
            147.6336616340006,
            -22.84861377832463
          ],
          [
            147.63383827000058,
            -22.848673297324616
          ],
          [
            147.63401106700056,
            -22.848648337324608
          ],
          [
            147.63412626400066,
            -22.84859649832462
          ],
          [
            147.63418578300065,
            -22.848535060324654
          ],
          [
            147.6343182600006,
            -22.848512020324634
          ],
          [
            147.63445218900057,
            -22.84855666332465
          ],
          [
            147.63454332500064,
            -22.84847433132467
          ],
          [
            147.6346777080006,
            -22.848469801324676
          ],
          [
            147.63478308800055,
            -22.848526738324686
          ],
          [
            147.6348884680006,
            -22.84848112632469
          ],
          [
            147.6350567610006,
            -22.848490563324642
          ],
          [
            147.63518651900054,
            -22.848525951324657
          ],
          [
            147.6352473680006,
            -22.84848245332469
          ],
          [
            147.63535181400067,
            -22.848443132324658
          ],
          [
            147.63542185400064,
            -22.848360804324695
          ],
          [
            147.63552998700067,
            -22.84835588932466
          ],
          [
            147.63579441900063,
            -22.84847798032462
          ],
          [
            147.63592024600055,
            -22.84839304732464
          ],
          [
            147.63596113900056,
            -22.84826722032467
          ],
          [
            147.63601854800066,
            -22.848229472324654
          ],
          [
            147.63613729700063,
            -22.84820588032467
          ],
          [
            147.63617755100057,
            -22.848154370324675
          ],
          [
            147.6362733960006,
            -22.84794424932467
          ],
          [
            147.6363336060006,
            -22.84786192132466
          ],
          [
            147.63641224700055,
            -22.847831202324652
          ],
          [
            147.6365080920006,
            -22.847682520324685
          ],
          [
            147.6364847450006,
            -22.847594048324687
          ],
          [
            147.63642330600058,
            -22.847457654324707
          ],
          [
            147.63639381600063,
            -22.847312658324693
          ],
          [
            147.6364478820005,
            -22.847230331324656
          ],
          [
            147.63641593400055,
            -22.847165205324686
          ],
          [
            147.6365454160006,
            -22.84698949132467
          ],
          [
            147.6365786960006,
            -22.846837075324686
          ],
          [
            147.6366421130006,
            -22.8467610763247
          ],
          [
            147.63665872200056,
            -22.84671678532469
          ],
          [
            147.63671629200053,
            -22.846653497324727
          ],
          [
            147.63680845100058,
            -22.846617018324707
          ],
          [
            147.63689868900053,
            -22.846465341324695
          ],
          [
            147.63703367700055,
            -22.846360548324697
          ],
          [
            147.63694922200054,
            -22.846016300324727
          ],
          [
            147.6369590520005,
            -22.84594380332472
          ],
          [
            147.6370273260005,
            -22.84581063432474
          ],
          [
            147.63692940800055,
            -22.845541840324735
          ],
          [
            147.6368201590005,
            -22.845502486324705
          ],
          [
            147.6367009330006,
            -22.845488081324717
          ],
          [
            147.63655693600055,
            -22.845407442324756
          ],
          [
            147.63654349600048,
            -22.84528072532475
          ],
          [
            147.6365953350006,
            -22.845040730324744
          ],
          [
            147.63653197600055,
            -22.84498505132479
          ],
          [
            147.63652362700049,
            -22.844829195324728
          ],
          [
            147.63657813200047,
            -22.844733459324733
          ],
          [
            147.63655355600048,
            -22.84467202032477
          ],
          [
            147.63637241800046,
            -22.84463915732477
          ],
          [
            147.63624390500053,
            -22.844610581324726
          ],
          [
            147.63614928900046,
            -22.84453439732476
          ],
          [
            147.63614683200055,
            -22.844445925324756
          ],
          [
            147.63617755100046,
            -22.844385715324737
          ],
          [
            147.63614560300059,
            -22.844284956324763
          ],
          [
            147.63616034800052,
            -22.844213687324775
          ],
          [
            147.63611119700053,
            -22.844143647324753
          ],
          [
            147.6360915370005,
            -22.844009710324748
          ],
          [
            147.63609768100056,
            -22.84391755232473
          ],
          [
            147.63605467400052,
            -22.843788531324762
          ],
          [
            147.6359870910005,
            -22.84367548332476
          ],
          [
            147.63596743100055,
            -22.843572266324745
          ],
          [
            147.63596743100058,
            -22.843473964324716
          ],
          [
            147.63600552300053,
            -22.843412525324734
          ],
          [
            147.6360645040006,
            -22.843374433324733
          ],
          [
            147.6361399350005,
            -22.843360519324687
          ],
          [
            147.6362217870005,
            -22.8433019363247
          ],
          [
            147.6362414480005,
            -22.843233124324698
          ],
          [
            147.63624759100057,
            -22.843115162324715
          ],
          [
            147.63624636300062,
            -22.84301071632475
          ],
          [
            147.63629551400058,
            -22.842938218324722
          ],
          [
            147.6364601700005,
            -22.8428497463247
          ],
          [
            147.6365941060005,
            -22.842830086324675
          ],
          [
            147.63662236800053,
            -22.842798138324707
          ],
          [
            147.63666291700048,
            -22.842597847324715
          ],
          [
            147.63668995100053,
            -22.84256835732467
          ],
          [
            147.6367452450006,
            -22.8425536113247
          ],
          [
            147.63687058100058,
            -22.84249217332465
          ],
          [
            147.63695413700052,
            -22.842476199324693
          ],
          [
            147.63706104100058,
            -22.842468826324676
          ],
          [
            147.63711879300052,
            -22.842436878324666
          ],
          [
            147.63713599600055,
            -22.842402472324668
          ],
          [
            147.63712493700046,
            -22.842338576324693
          ],
          [
            147.63716425800052,
            -22.842261163324643
          ],
          [
            147.63729082200047,
            -22.84219480932469
          ],
          [
            147.63738650300056,
            -22.842160352324644
          ],
          [
            147.63740462200053,
            -22.842132167324642
          ],
          [
            147.63741670100057,
            -22.842078816324673
          ],
          [
            147.6374860000005,
            -22.842000269324675
          ],
          [
            147.6375426220005,
            -22.841868151324654
          ],
          [
            147.6376631410005,
            -22.841576735324608
          ],
          [
            147.6376950890005,
            -22.841469831324602
          ],
          [
            147.63772703700056,
            -22.841431739324648
          ],
          [
            147.63776267100056,
            -22.841424367324617
          ],
          [
            147.6378425420006,
            -22.84143911232461
          ],
          [
            147.63785974500055,
            -22.841464916324625
          ],
          [
            147.63784377100052,
            -22.841503008324644
          ],
          [
            147.6378474570006,
            -22.841537414324627
          ],
          [
            147.63789415000053,
            -22.841553388324638
          ],
          [
            147.63794944500057,
            -22.841536185324614
          ],
          [
            147.6379678770006,
            -22.84152266932464
          ],
          [
            147.6380551200005,
            -22.841526355324596
          ],
          [
            147.63817676900052,
            -22.84148580632464
          ],
          [
            147.63824189400052,
            -22.841488263324642
          ],
          [
            147.63827752800057,
            -22.841469831324584
          ],
          [
            147.63827015600052,
            -22.84138996132461
          ],
          [
            147.63822592000054,
            -22.841301489324593
          ],
          [
            147.63826155400054,
            -22.841244966324634
          ],
          [
            147.63823329200054,
            -22.841183527324606
          ],
          [
            147.6382627830005,
            -22.84108153832462
          ],
          [
            147.6383045610006,
            -22.840947602324608
          ],
          [
            147.63827630000057,
            -22.8408591303246
          ],
          [
            147.6382947310005,
            -22.840771887324607
          ],
          [
            147.6383524840006,
            -22.840680958324587
          ],
          [
            147.6383401960005,
            -22.84054210632456
          ],
          [
            147.6383880200005,
            -22.840245775324593
          ],
          [
            147.63838360100056,
            -22.84012105032456
          ],
          [
            147.63841545800057,
            -22.839793475324562
          ],
          [
            147.6384788170005,
            -22.839701316324547
          ],
          [
            147.63845193800057,
            -22.83954772032453
          ],
          [
            147.6385059180005,
            -22.839400066324526
          ],
          [
            147.63850075600055,
            -22.83931187532456
          ],
          [
            147.6384399230005,
            -22.839270618324537
          ],
          [
            147.63842861200055,
            -22.83922049932456
          ],
          [
            147.63839667000056,
            -22.839193550324538
          ],
          [
            147.63836224000053,
            -22.839108528324527
          ],
          [
            147.6383636410005,
            -22.838987509324507
          ],
          [
            147.6382750710005,
            -22.838839023324514
          ],
          [
            147.6382324230005,
            -22.83866024432456
          ],
          [
            147.63820588600058,
            -22.838543592324516
          ],
          [
            147.63816864100056,
            -22.838506348324525
          ],
          [
            147.63814599200052,
            -22.83841222932454
          ],
          [
            147.63810069500062,
            -22.83836793832453
          ],
          [
            147.6381088420005,
            -22.838240413324513
          ],
          [
            147.63805036400058,
            -22.83806343832451
          ],
          [
            147.63808040300057,
            -22.838012668324524
          ],
          [
            147.63807188000052,
            -22.837947866324527
          ],
          [
            147.6379759380005,
            -22.83791011832453
          ],
          [
            147.63795391800053,
            -22.8378747303245
          ],
          [
            147.6379649280005,
            -22.83776620432448
          ],
          [
            147.63789292200056,
            -22.837532835324478
          ],
          [
            147.63786343100057,
            -22.837459109324495
          ],
          [
            147.63787080400058,
            -22.837411186324474
          ],
          [
            147.63783639800053,
            -22.837344832324465
          ],
          [
            147.63780690700057,
            -22.837295681324477
          ],
          [
            147.63776881500053,
            -22.837274792324493
          ],
          [
            147.6377356380005,
            -22.837279707324466
          ],
          [
            147.6377000040005,
            -22.837266191324517
          ],
          [
            147.63768525900053,
            -22.83722564132452
          ],
          [
            147.6376459380005,
            -22.837194922324517
          ],
          [
            147.63764839500058,
            -22.837169118324493
          ],
          [
            147.63768157200056,
            -22.83713594132446
          ],
          [
            147.63767665700058,
            -22.837074502324484
          ],
          [
            147.6377331810006,
            -22.837016749324462
          ],
          [
            147.63779093300056,
            -22.83699340332448
          ],
          [
            147.63785237200054,
            -22.83699463132451
          ],
          [
            147.63790766700055,
            -22.83694056532449
          ],
          [
            147.6379580470005,
            -22.836928278324482
          ],
          [
            147.63798630900052,
            -22.836943023324466
          ],
          [
            147.6380157990005,
            -22.836939337324445
          ],
          [
            147.6380330020006,
            -22.83690247332448
          ],
          [
            147.6380262680005,
            -22.83681621332447
          ],
          [
            147.63805615200053,
            -22.836765883324453
          ],
          [
            147.63813558000058,
            -22.83669117332447
          ],
          [
            147.6381906290005,
            -22.836664435324437
          ],
          [
            147.63822365900054,
            -22.836618036324452
          ],
          [
            147.63826533900053,
            -22.836552764324484
          ],
          [
            147.63831193400048,
            -22.836498206324425
          ],
          [
            147.6383758300005,
            -22.836458885324454
          ],
          [
            147.63844218400058,
            -22.836353211324464
          ],
          [
            147.63846676000054,
            -22.83633723732444
          ],
          [
            147.63852328300058,
            -22.83633600832444
          ],
          [
            147.63856383300055,
            -22.83631266132446
          ],
          [
            147.6385994670005,
            -22.83627702732443
          ],
          [
            147.63868916800058,
            -22.836215588324443
          ],
          [
            147.6387444630005,
            -22.836193470324442
          ],
          [
            147.63879484300057,
            -22.836188555324465
          ],
          [
            147.63885628200055,
            -22.836146776324444
          ],
          [
            147.63891403400052,
            -22.836139404324417
          ],
          [
            147.63899390400056,
            -22.83616029332445
          ],
          [
            147.63905165700055,
            -22.836140633324437
          ],
          [
            147.63910572300045,
            -22.83609762532446
          ],
          [
            147.63912292600057,
            -22.836060762324404
          ],
          [
            147.6391585600006,
            -22.8360423313244
          ],
          [
            147.63924211700052,
            -22.83604847432442
          ],
          [
            147.6392974120006,
            -22.836030043324417
          ],
          [
            147.63940677300053,
            -22.83588873432445
          ],
          [
            147.63952104900056,
            -22.835860472324434
          ],
          [
            147.63957265800056,
            -22.835799033324413
          ],
          [
            147.63966850200046,
            -22.835746196324408
          ],
          [
            147.63969799300054,
            -22.83563806332443
          ],
          [
            147.63985896200046,
            -22.83547586532443
          ],
          [
            147.63997815300053,
            -22.83547340832437
          ],
          [
            147.6401366660005,
            -22.83544637532439
          ],
          [
            147.64027551700048,
            -22.83538616532436
          ],
          [
            147.6403738190006,
            -22.83540828232439
          ],
          [
            147.64040822500053,
            -22.835391080324417
          ],
          [
            147.64042542800047,
            -22.835356674324405
          ],
          [
            147.64041436900052,
            -22.835307523324367
          ],
          [
            147.64044385900056,
            -22.83525591432439
          ],
          [
            147.64050406900057,
            -22.835241169324398
          ],
          [
            147.64059254100056,
            -22.83517358632437
          ],
          [
            147.64067241200044,
            -22.835044565324395
          ],
          [
            147.64072279100054,
            -22.834979440324357
          ],
          [
            147.64074859600052,
            -22.834834444324393
          ],
          [
            147.64077835500046,
            -22.83480000132438
          ],
          [
            147.64082232200047,
            -22.83479758132439
          ],
          [
            147.64087024400052,
            -22.834734914324375
          ],
          [
            147.6410054100006,
            -22.83469067832438
          ],
          [
            147.64113688900053,
            -22.83462555332438
          ],
          [
            147.6412536220005,
            -22.834604663324345
          ],
          [
            147.64135561100053,
            -22.834616951324346
          ],
          [
            147.64142437300046,
            -22.83458908232438
          ],
          [
            147.6415053740005,
            -22.83457414132437
          ],
          [
            147.64158716100053,
            -22.834420789324383
          ],
          [
            147.64168231700054,
            -22.834372032324378
          ],
          [
            147.64174287200055,
            -22.834336643324374
          ],
          [
            147.64175709400052,
            -22.834183494324343
          ],
          [
            147.64181379000053,
            -22.834158387324344
          ],
          [
            147.6418541100006,
            -22.834075829324373
          ],
          [
            147.64202498600054,
            -22.83403551032436
          ],
          [
            147.64246081700057,
            -22.834112308324336
          ],
          [
            147.64261825400055,
            -22.834081589324324
          ],
          [
            147.64280449000051,
            -22.834116148324355
          ],
          [
            147.6429504080006,
            -22.834106549324336
          ],
          [
            147.64331136000052,
            -22.834177587324337
          ],
          [
            147.64341311800058,
            -22.834260145324365
          ],
          [
            147.64353023600052,
            -22.83426014532438
          ],
          [
            147.64379711100057,
            -22.834294705324336
          ],
          [
            147.64395838700054,
            -22.83425438632434
          ],
          [
            147.64406014500057,
            -22.83412958832433
          ],
          [
            147.64407718500053,
            -22.833985711324353
          ],
          [
            147.64417447100058,
            -22.83377435532433
          ],
          [
            147.64414801300046,
            -22.83356393632435
          ],
          [
            147.6441707350005,
            -22.833417666324316
          ]
        ]
      }
    },
    {
      "type": "Feature",
      "properties": {
        "name": null,
        "alternate_name": null,
        "perenniality": "Intermittent",
        "hierarchy": "Minor",
        "stream_order": 1,
        "feature_type": "Watercourse"
      },
      "geometry": {
        "type": "LineString",
        "coordinates": [
          [
            147.6441707350005,
            -22.833417666324316
          ],
          [
            147.64421497100054,
            -22.83318542832435
          ],
          [
            147.6441805650006,
            -22.83304043232433
          ],
          [
            147.64425387300057,
            -22.832944946324304
          ],
          [
            147.64427818100052,
            -22.832806735324315
          ],
          [
            147.6444200980005,
            -22.832124275324283
          ],
          [
            147.64457517500054,
            -22.831525760324297
          ],
          [
            147.64463847588428,
            -22.83092378563556
          ]
        ]
      }
    },
    {
      "type": "Feature",
      "properties": {
        "name": null,
        "alternate_name": null,
        "perenniality": "Intermittent",
        "hierarchy": "Minor",
        "stream_order": null,
        "feature_type": "Watercourse"
      },
      "geometry": {
        "type": "LineString",
        "coordinates": [
          [
            147.6422803410005,
            -22.836775295324408
          ],
          [
            147.64252912200055,
            -22.83667159432442
          ],
          [
            147.64274689200056,
            -22.836648578324414
          ],
          [
            147.64296384700054,
            -22.836554500324453
          ],
          [
            147.64318525700057,
            -22.836515409324427
          ],
          [
            147.6432518420006,
            -22.836640898324397
          ],
          [
            147.64383551000057,
            -22.83701529032444
          ],
          [
            147.6439948670005,
            -22.836923132324472
          ],
          [
            147.6441292640005,
            -22.836782975324432
          ],
          [
            147.6441715030006,
            -22.836600579324404
          ],
          [
            147.6443826990005,
            -22.83651802032445
          ],
          [
            147.6445439760006,
            -22.836372103324443
          ],
          [
            147.64447293700061,
            -22.836260745324413
          ],
          [
            147.64449789700052,
            -22.836199307324424
          ],
          [
            147.64463805400055,
            -22.836189707324415
          ],
          [
            147.64480509000052,
            -22.836011150324403
          ],
          [
            147.64492166100055,
            -22.835977616324445
          ],
          [
            147.64497788700052,
            -22.835865233324395
          ],
          [
            147.64510268400053,
            -22.835880593324415
          ],
          [
            147.64512764400058,
            -22.83583451432439
          ],
          [
            147.64509308500052,
            -22.83561755832441
          ],
          [
            147.64506796100056,
            -22.83553090032443
          ],
          [
            147.64502842000059,
            -22.83550289832441
          ],
          [
            147.64501914500053,
            -22.835469567324406
          ],
          [
            147.6450063020005,
            -22.83527926132437
          ],
          [
            147.6450382510005,
            -22.83522396632439
          ],
          [
            147.6450259630005,
            -22.83514901132439
          ],
          [
            147.64499647200057,
            -22.83503965032437
          ],
          [
            147.64503087800048,
            -22.834921687324403
          ],
          [
            147.64499986700056,
            -22.834827195324376
          ],
          [
            147.6450518210006,
            -22.83474090532436
          ],
          [
            147.64505422500054,
            -22.83470296532439
          ],
          [
            147.64499313000053,
            -22.834590655324366
          ],
          [
            147.64499234300055,
            -22.834506509324353
          ],
          [
            147.64497111000057,
            -22.834472693324365
          ],
          [
            147.64489089600053,
            -22.834452246324364
          ],
          [
            147.64483506000056,
            -22.834426294324384
          ],
          [
            147.6448161860005,
            -22.83438225532438
          ],
          [
            147.64468485500055,
            -22.83432720632436
          ],
          [
            147.6446526120005,
            -22.83432248732435
          ],
          [
            147.64455666900062,
            -22.834354730324375
          ],
          [
            147.64441649000057,
            -22.834339248324337
          ],
          [
            147.64431204400051,
            -22.834341705324338
          ],
          [
            147.64426289300056,
            -22.834299927324373
          ],
          [
            147.6442530630005,
            -22.834229887324323
          ],
          [
            147.64427518100055,
            -22.83409717932436
          ],
          [
            147.64432679000058,
            -22.834051714324325
          ],
          [
            147.64433416200052,
            -22.834006250324357
          ],
          [
            147.64429852800052,
            -22.83391777832433
          ],
          [
            147.64434399200059,
            -22.833589695324317
          ],
          [
            147.6443169590005,
            -22.833503681324345
          ],
          [
            147.6441707350005,
            -22.833417666324316
          ]
        ]
      }
    },
    {
      "type": "Feature",
      "properties": {
        "name": null,
        "alternate_name": null,
        "perenniality": "Intermittent",
        "hierarchy": "Minor",
        "stream_order": 1,
        "feature_type": "Watercourse"
      },
      "geometry": {
        "type": "LineString",
        "coordinates": [
          [
            147.64822615300056,
            -22.88192796732336
          ],
          [
            147.64842021700053,
            -22.881874150323313
          ],
          [
            147.64852766300058,
            -22.88167414632337
          ],
          [
            147.64883913800054,
            -22.881575854323362
          ],
          [
            147.6490118780006,
            -22.88143510332337
          ],
          [
            147.6490737230006,
            -22.88126876132338
          ],
          [
            147.6490801200006,
            -22.88106616532338
          ],
          [
            147.64923579900068,
            -22.880944608323393
          ],
          [
            147.6494639860006,
            -22.880844376323438
          ],
          [
            147.64961326800065,
            -22.880720686323436
          ],
          [
            147.64980880500062,
            -22.880702227323457
          ]
        ]
      }
    },
    {
      "type": "Feature",
      "properties": {
        "name": null,
        "alternate_name": null,
        "perenniality": "Intermittent",
        "hierarchy": "Minor",
        "stream_order": 1,
        "feature_type": "Connector"
      },
      "geometry": {
        "type": "LineString",
        "coordinates": [
          [
            147.64684410100062,
            -22.88179417832331
          ],
          [
            147.64736058700055,
            -22.88158425132333
          ],
          [
            147.64819544500065,
            -22.88193648332334
          ],
          [
            147.64822615300056,
            -22.88192796732336
          ]
        ]
      }
    },
    {
      "type": "Feature",
      "properties": {
        "name": null,
        "alternate_name": null,
        "perenniality": "Intermittent",
        "hierarchy": "Minor",
        "stream_order": 1,
        "feature_type": "Watercourse"
      },
      "geometry": {
        "type": "LineString",
        "coordinates": [
          [
            147.6582317420004,
            -22.892156737322946
          ],
          [
            147.65834912000042,
            -22.892169021322996
          ],
          [
            147.6584187280004,
            -22.89211715632295
          ],
          [
            147.65838051200038,
            -22.891977941322963
          ],
          [
            147.65841053900033,
            -22.891848280322996
          ],
          [
            147.65857295700044,
            -22.89170633432294
          ],
          [
            147.6588327710004,
            -22.891730028322936
          ],
          [
            147.65904010100033,
            -22.891706372322936
          ],
          [
            147.65926342500032,
            -22.891731970322976
          ]
        ]
      }
    },
    {
      "type": "Feature",
      "properties": {
        "name": "McDonald Gully",
        "alternate_name": null,
        "perenniality": "Intermittent",
        "hierarchy": "Minor",
        "stream_order": 3,
        "feature_type": "Watercourse"
      },
      "geometry": {
        "type": "LineString",
        "coordinates": [
          [
            147.6531427370006,
            -22.880987840323314
          ],
          [
            147.65316232200047,
            -22.881010291323324
          ],
          [
            147.65321521100054,
            -22.881088771323334
          ],
          [
            147.65339030500053,
            -22.881149788323338
          ],
          [
            147.6535888400005,
            -22.881245729323314
          ],
          [
            147.65362173300053,
            -22.881360378323315
          ],
          [
            147.65362573400054,
            -22.881374324323346
          ],
          [
            147.6536630540006,
            -22.881440968323282
          ],
          [
            147.65403092600053,
            -22.881590249323292
          ],
          [
            147.65436947400048,
            -22.881630235323264
          ],
          [
            147.65485997000047,
            -22.881624904323314
          ],
          [
            147.65526249600046,
            -22.881558260323292
          ],
          [
            147.65566017300048,
            -22.881423885323276
          ],
          [
            147.65582443700046,
            -22.881444978323252
          ],
          [
            147.65596625000052,
            -22.88155826032328
          ],
          [
            147.65602511000048,
            -22.88167054132324
          ],
          [
            147.65602852200053,
            -22.881766081323274
          ],
          [
            147.65630826100048,
            -22.882283836323225
          ],
          [
            147.65640556400047,
            -22.882509928323202
          ],
          [
            147.6565386370005,
            -22.882868203323188
          ],
          [
            147.65666911500045,
            -22.88307070032321
          ],
          [
            147.65691909100042,
            -22.883335667323166
          ],
          [
            147.6571306440004,
            -22.883712708323177
          ],
          [
            147.65722789000037,
            -22.8838338393232
          ],
          [
            147.6573473150005,
            -22.88394985232316
          ],
          [
            147.65778325000036,
            -22.88421763732314
          ],
          [
            147.65791100100043,
            -22.884235107323143
          ],
          [
            147.65808897800045,
            -22.88438251232313
          ],
          [
            147.6581632270005,
            -22.884478598323117
          ],
          [
            147.65815558300048,
            -22.88454520332314
          ],
          [
            147.65810535700035,
            -22.884783234323113
          ],
          [
            147.65811955100045,
            -22.88490115732311
          ],
          [
            147.65827712400048,
            -22.88528741232312
          ],
          [
            147.65850280300046,
            -22.885712428323107
          ],
          [
            147.65858238400045,
            -22.886006171323082
          ],
          [
            147.65869511100038,
            -22.886239400323074
          ],
          [
            147.65881965500037,
            -22.886299112323073
          ],
          [
            147.65888107300037,
            -22.886478250323087
          ],
          [
            147.65907044700035,
            -22.886875764323058
          ],
          [
            147.65915916300042,
            -22.88710949632302
          ],
          [
            147.65915980300036,
            -22.887230947323047
          ],
          [
            147.65906650200034,
            -22.88741488332302
          ],
          [
            147.6589652040003,
            -22.887681456322994
          ],
          [
            147.65886923700035,
            -22.888137297323002
          ],
          [
            147.65862396600042,
            -22.888696980322983
          ],
          [
            147.6584937950004,
            -22.888965702322945
          ],
          [
            147.65853644700027,
            -22.889061242322974
          ],
          [
            147.6587121720004,
            -22.88916190032298
          ],
          [
            147.6587872390004,
            -22.889218200322954
          ],
          [
            147.65894219800032,
            -22.889591955322942
          ],
          [
            147.65910648800036,
            -22.889771394322945
          ],
          [
            147.6591091540004,
            -22.88986736032288
          ],
          [
            147.65899186100035,
            -22.889995316322914
          ],
          [
            147.65894888300036,
            -22.890172247322926
          ],
          [
            147.65900252400039,
            -22.890333864322916
          ],
          [
            147.65899026200032,
            -22.890511402322943
          ],
          [
            147.6589952430004,
            -22.89076676732294
          ],
          [
            147.65892788300042,
            -22.89101629332294
          ],
          [
            147.65911992300045,
            -22.891499217322934
          ],
          [
            147.65926342500032,
            -22.891731970322976
          ]
        ]
      }
    },
    {
      "type": "Feature",
      "properties": {
        "name": null,
        "alternate_name": null,
        "perenniality": "Intermittent",
        "hierarchy": "Minor",
        "stream_order": 1,
        "feature_type": "Connector"
      },
      "geometry": {
        "type": "LineString",
        "coordinates": [
          [
            147.65757797600037,
            -22.891952009322985
          ],
          [
            147.6582317420004,
            -22.892156737322946
          ]
        ]
      }
    },
    {
      "type": "Feature",
      "properties": {
        "name": "Bath Creek",
        "alternate_name": null,
        "perenniality": "Intermittent",
        "hierarchy": "Minor",
        "stream_order": 3,
        "feature_type": "Watercourse"
      },
      "geometry": {
        "type": "LineString",
        "coordinates": [
          [
            147.52347910000057,
            -22.74518144232627
          ],
          [
            147.52381778400058,
            -22.746027240326228
          ],
          [
            147.52430061600055,
            -22.746909672326222
          ],
          [
            147.52440803000061,
            -22.74719748332624
          ],
          [
            147.52445065200064,
            -22.74736960832618
          ],
          [
            147.5244434370005,
            -22.74755427832618
          ],
          [
            147.5243899690006,
            -22.747664455326188
          ],
          [
            147.52400611100052,
            -22.747820398326155
          ],
          [
            147.5236342490006,
            -22.74857611832617
          ],
          [
            147.52365224200062,
            -22.748834023326182
          ],
          [
            147.5238141820006,
            -22.74900196132617
          ],
          [
            147.5240001130006,
            -22.749373823326117
          ],
          [
            147.52461452600065,
            -22.749580147326125
          ],
          [
            147.52493696700066,
            -22.749572470326157
          ],
          [
            147.52605783300058,
            -22.74986036332615
          ],
          [
            147.52743204500058,
            -22.749910265326097
          ],
          [
            147.52800399300065,
            -22.750194320326106
          ],
          [
            147.52818808400067,
            -22.75046791532611
          ],
          [
            147.52855753700064,
            -22.750721894326137
          ],
          [
            147.52880433700068,
            -22.751107182326077
          ],
          [
            147.53035776300064,
            -22.752108812326096
          ],
          [
            147.5308365990007,
            -22.752256103326122
          ],
          [
            147.53134130500064,
            -22.75271121332608
          ],
          [
            147.53144924800063,
            -22.752959189326102
          ],
          [
            147.53175551100068,
            -22.753220404326065
          ],
          [
            147.5320279610007,
            -22.753184555326108
          ],
          [
            147.5321393330007,
            -22.753236262326116
          ]
        ]
      }
    },
    {
      "type": "Feature",
      "properties": {
        "name": "Bath Creek",
        "alternate_name": null,
        "perenniality": "Intermittent",
        "hierarchy": "Minor",
        "stream_order": 3,
        "feature_type": "Watercourse"
      },
      "geometry": {
        "type": "LineString",
        "coordinates": [
          [
            147.5321393330007,
            -22.753236262326116
          ],
          [
            147.53228332900068,
            -22.753208729326097
          ],
          [
            147.53242946600068,
            -22.753220404326083
          ],
          [
            147.53268329600058,
            -22.75349598632612
          ],
          [
            147.5330306460007,
            -22.753947085326082
          ],
          [
            147.53324033200062,
            -22.75399722732611
          ],
          [
            147.5336787330006,
            -22.75442111732609
          ],
          [
            147.53386939100065,
            -22.754434833326115
          ],
          [
            147.5342220000006,
            -22.754236811326127
          ],
          [
            147.5345121240006,
            -22.75437101532614
          ],
          [
            147.53452354195878,
            -22.754373276020193
          ]
        ]
      }
    },
    {
      "type": "Feature",
      "properties": {
        "name": null,
        "alternate_name": null,
        "perenniality": "Intermittent",
        "hierarchy": "Minor",
        "stream_order": null,
        "feature_type": "Watercourse"
      },
      "geometry": {
        "type": "LineString",
        "coordinates": [
          [
            147.63859143600044,
            -22.796769148325385
          ],
          [
            147.63880771400048,
            -22.796765244325403
          ],
          [
            147.63889692700047,
            -22.796803092325376
          ],
          [
            147.63897352400048,
            -22.796784168325352
          ],
          [
            147.63904561600043,
            -22.796785970325388
          ],
          [
            147.63912581800048,
            -22.796858963325395
          ],
          [
            147.63924747200042,
            -22.796865271325363
          ],
          [
            147.63929703500048,
            -22.796893206325336
          ],
          [
            147.63931325600046,
            -22.796937362325345
          ],
          [
            147.63939886400044,
            -22.79701035532534
          ],
          [
            147.63951240800046,
            -22.79703738932537
          ],
          [
            147.63952502400048,
            -22.797092359325372
          ],
          [
            147.63961866200043,
            -22.797196364325337
          ],
          [
            147.63972057300046,
            -22.79721851932535
          ],
          [
            147.6397755420005,
            -22.797179770325357
          ],
          [
            147.63986025000045,
            -22.79718607832537
          ],
          [
            147.64004858900046,
            -22.79729962232536
          ],
          [
            147.64004047900053,
            -22.797420376325316
          ],
          [
            147.64011621400053,
            -22.79747550432536
          ],
          [
            147.6404234650005,
            -22.79752400732531
          ],
          [
            147.6405261950005,
            -22.797493368325323
          ],
          [
            147.64062081500052,
            -22.797494269325338
          ],
          [
            147.6406640700004,
            -22.797517699325336
          ],
          [
            147.64070462200053,
            -22.79756726232534
          ],
          [
            147.64079263800042,
            -22.797597033325296
          ],
          [
            147.64088310500043,
            -22.797676188325337
          ],
          [
            147.64100842000053,
            -22.797701532325323
          ],
          [
            147.64109290200045,
            -22.79768041232534
          ],
          [
            147.64119991300052,
            -22.797715613325344
          ],
          [
            147.6413181880005,
            -22.797700124325313
          ],
          [
            147.6413773260005,
            -22.7977212453253
          ],
          [
            147.64147588800043,
            -22.7977930553253
          ],
          [
            147.64160965200054,
            -22.7977930553253
          ],
          [
            147.64163640500044,
            -22.797753630325285
          ],
          [
            147.64167583000057,
            -22.79775081432528
          ],
          [
            147.64175186400044,
            -22.79768041232534
          ],
          [
            147.6417786160005,
            -22.797669148325316
          ],
          [
            147.6418504260005,
            -22.79769730832531
          ],
          [
            147.64199404600055,
            -22.797614234325344
          ],
          [
            147.6420560000005,
            -22.79760015432532
          ],
          [
            147.64210809700046,
            -22.79761001032533
          ],
          [
            147.6421813150005,
            -22.797643803325343
          ],
          [
            147.6422985340005,
            -22.797653571325316
          ],
          [
            147.6424107370005,
            -22.797675572325307
          ],
          [
            147.64245473800045,
            -22.797642571325277
          ],
          [
            147.64254934100046,
            -22.79764257132529
          ],
          [
            147.6427231450005,
            -22.797501767325333
          ],
          [
            147.64280014800048,
            -22.797396164325335
          ],
          [
            147.64298715200056,
            -22.797268561325325
          ],
          [
            147.64306415500053,
            -22.797127757325313
          ],
          [
            147.64313590800046,
            -22.79711669032531
          ]
        ]
      }
    },
    {
      "type": "Feature",
      "properties": {
        "name": null,
        "alternate_name": null,
        "perenniality": "Intermittent",
        "hierarchy": "Minor",
        "stream_order": null,
        "feature_type": "Watercourse"
      },
      "geometry": {
        "type": "LineString",
        "coordinates": [
          [
            147.64438849800052,
            -22.79614615832536
          ],
          [
            147.64441664000054,
            -22.796028278325352
          ],
          [
            147.64450474600062,
            -22.795940697325353
          ],
          [
            147.64456782600047,
            -22.79585058332537
          ],
          [
            147.6446173890005,
            -22.79581633932537
          ],
          [
            147.6447561650005,
            -22.79566675032539
          ],
          [
            147.64482571400055,
            -22.795622642325384
          ],
          [
            147.6449563420005,
            -22.79563639332537
          ],
          [
            147.6450560320005,
            -22.7955951423254
          ],
          [
            147.6452072860005,
            -22.79558482932538
          ],
          [
            147.6454754180006,
            -22.795667331325387
          ],
          [
            147.6456919870005,
            -22.795663893325365
          ],
          [
            147.64587074100052,
            -22.795746396325402
          ],
          [
            147.6459463680005,
            -22.795852961325416
          ],
          [
            147.6460357460006,
            -22.795866711325406
          ],
          [
            147.64620762500059,
            -22.795870149325374
          ],
          [
            147.64625918900057,
            -22.79580139732538
          ],
          [
            147.6463726300005,
            -22.79575670832538
          ],
          [
            147.64642688600048,
            -22.79566224432541
          ],
          [
            147.64651790100058,
            -22.795609978325405
          ],
          [
            147.64664676500055,
            -22.7955514033254
          ],
          [
            147.64682338900056,
            -22.795438760325442
          ],
          [
            147.64695225200055,
            -22.79538739532545
          ],
          [
            147.6471144580006,
            -22.79527925832542
          ],
          [
            147.64715908691306,
            -22.795280441666378
          ]
        ]
      }
    },
    {
      "type": "Feature",
      "properties": {
        "name": "Wolfang Creek",
        "alternate_name": null,
        "perenniality": "Intermittent",
        "hierarchy": "Major",
        "stream_order": 5,
        "feature_type": "Watercourse"
      },
      "geometry": {
        "type": "LineString",
        "coordinates": [
          [
            147.6252595220004,
            -22.795634534325313
          ],
          [
            147.62514406300042,
            -22.795847147325347
          ],
          [
            147.6251342070004,
            -22.796142835325323
          ],
          [
            147.62516377600045,
            -22.796242806325317
          ],
          [
            147.62526748100046,
            -22.796323633325287
          ],
          [
            147.62531725200037,
            -22.796555390325338
          ],
          [
            147.62539891800043,
            -22.796828549325284
          ],
          [
            147.62538906200038,
            -22.797146766325298
          ],
          [
            147.62547859000034,
            -22.797628764325296
          ],
          [
            147.62546808100043,
            -22.79777452532527
          ],
          [
            147.6254040340004,
            -22.797869210325246
          ]
        ]
      }
    },
    {
      "type": "Feature",
      "properties": {
        "name": null,
        "alternate_name": null,
        "perenniality": "Intermittent",
        "hierarchy": "Minor",
        "stream_order": null,
        "feature_type": "Connector"
      },
      "geometry": {
        "type": "LineString",
        "coordinates": [
          [
            147.64313590800046,
            -22.79711669032531
          ],
          [
            147.64371537200049,
            -22.796929752325315
          ],
          [
            147.64442351600047,
            -22.79647860332537
          ],
          [
            147.64438849800052,
            -22.79614615832536
          ]
        ]
      }
    },
    {
      "type": "Feature",
      "properties": {
        "name": null,
        "alternate_name": null,
        "perenniality": "Intermittent",
        "hierarchy": "Minor",
        "stream_order": null,
        "feature_type": "Watercourse"
      },
      "geometry": {
        "type": "LineString",
        "coordinates": [
          [
            147.63524639300041,
            -22.797700631325423
          ],
          [
            147.6352238650004,
            -22.79773127032541
          ],
          [
            147.6351706970005,
            -22.797735776325446
          ],
          [
            147.6351175300004,
            -22.797803362325446
          ],
          [
            147.6351004080004,
            -22.797847518325444
          ],
          [
            147.63506796700048,
            -22.79788536632542
          ],
          [
            147.63504432100046,
            -22.797931901325448
          ],
          [
            147.63502561300047,
            -22.797968271325427
          ],
          [
            147.6349586130004,
            -22.798000375325426
          ],
          [
            147.63491282600043,
            -22.798065703325438
          ],
          [
            147.63490525900042,
            -22.798114494325418
          ],
          [
            147.63484657100045,
            -22.798153620325408
          ],
          [
            147.6348201520004,
            -22.79819085432538
          ],
          [
            147.63479286600037,
            -22.79822545832539
          ],
          [
            147.63474911600036,
            -22.798245010325417
          ],
          [
            147.6346921900004,
            -22.79825303332544
          ],
          [
            147.63461919700043,
            -22.798284573325397
          ],
          [
            147.6345673630004,
            -22.79829062832541
          ],
          [
            147.63448258400044,
            -22.798329269325414
          ],
          [
            147.6343939110004,
            -22.798340444325397
          ],
          [
            147.63435281900044,
            -22.798371948325393
          ],
          [
            147.63425783800048,
            -22.79837108232539
          ],
          [
            147.63418034000037,
            -22.79841433732538
          ],
          [
            147.63413618400037,
            -22.798433261325382
          ],
          [
            147.63410554500044,
            -22.798496341325393
          ],
          [
            147.6340586860004,
            -22.798517969325356
          ],
          [
            147.63385559000048,
            -22.798491441325375
          ],
          [
            147.63376125200043,
            -22.79852664232537
          ],
          [
            147.63351484500046,
            -22.798518194325347
          ],
          [
            147.6334275470004,
            -22.79853509132537
          ],
          [
            147.63337826600042,
            -22.798573108325378
          ],
          [
            147.63334024900036,
            -22.79864491832538
          ],
          [
            147.63328251900037,
            -22.79865618232535
          ],
          [
            147.6331670600004,
            -22.798633653325364
          ],
          [
            147.6330839860004,
            -22.798650550325327
          ],
          [
            147.63302907200043,
            -22.798636469325363
          ],
          [
            147.63300795200036,
            -22.798601268325356
          ],
          [
            147.63296852700043,
            -22.79858437232532
          ],
          [
            147.63293473400037,
            -22.79859000432534
          ],
          [
            147.63292206200043,
            -22.79868011832532
          ],
          [
            147.6328699640004,
            -22.798702647325353
          ],
          [
            147.63284039500041,
            -22.79873362432535
          ],
          [
            147.6327657690004,
            -22.79872376832533
          ],
          [
            147.63270944800038,
            -22.798694199325336
          ],
          [
            147.63260384500038,
            -22.798695607325325
          ],
          [
            147.63244192100046,
            -22.79875333632532
          ],
          [
            147.63239827200047,
            -22.79872376832531
          ],
          [
            147.63234476600036,
            -22.7987462963253
          ],
          [
            147.6322828130004,
            -22.798723768325292
          ],
          [
            147.63217017000042,
            -22.798740664325333
          ],
          [
            147.63209272800043,
            -22.79873080832532
          ],
          [
            147.6320420380004,
            -22.798739256325334
          ],
          [
            147.6319674120004,
            -22.7987829053253
          ],
          [
            147.63183224100038,
            -22.798766009325316
          ],
          [
            147.63173367800044,
            -22.7987899453253
          ],
          [
            147.63168580500036,
            -22.79883359532532
          ],
          [
            147.63164356400043,
            -22.79892089332528
          ],
          [
            147.63162244300037,
            -22.799001151325307
          ],
          [
            147.63149994400038,
            -22.799050432325288
          ],
          [
            147.63140560500042,
            -22.79904339232527
          ],
          [
            147.63134928400038,
            -22.799006783325314
          ],
          [
            147.6313140830004,
            -22.79893919732531
          ],
          [
            147.63132957100046,
            -22.79887020332531
          ],
          [
            147.6312901460004,
            -22.798826554325295
          ],
          [
            147.63121411200038,
            -22.798842043325322
          ],
          [
            147.63113103800043,
            -22.798887100325285
          ],
          [
            147.63100572300047,
            -22.798888508325266
          ],
          [
            147.63087336700045,
            -22.798787129325277
          ],
          [
            147.63073115500046,
            -22.798684343325263
          ],
          [
            147.6306931380004,
            -22.798668854325307
          ],
          [
            147.63062977700037,
            -22.798668854325307
          ],
          [
            147.63034394500045,
            -22.79865899832527
          ],
          [
            147.63029888800037,
            -22.798671670325305
          ],
          [
            147.63025383100043,
            -22.798712503325252
          ],
          [
            147.63018624500043,
            -22.798723768325267
          ],
          [
            147.63013133200042,
            -22.798784313325257
          ],
          [
            147.62999616000045,
            -22.79883781932529
          ],
          [
            147.62989759700037,
            -22.798847675325245
          ],
          [
            147.62976101800032,
            -22.798825146325267
          ],
          [
            147.62966104700044,
            -22.798801210325276
          ],
          [
            147.6295990930004,
            -22.79881810632525
          ],
          [
            147.62953854800043,
            -22.798860347325274
          ],
          [
            147.62953854800045,
            -22.798799802325284
          ],
          [
            147.62948222600045,
            -22.798787129325262
          ],
          [
            147.6293864800004,
            -22.79880121032527
          ],
          [
            147.6293245260004,
            -22.79878572132526
          ],
          [
            147.62915978600037,
            -22.798713911325247
          ],
          [
            147.6291161370004,
            -22.798699831325273
          ],
          [
            147.62910768800037,
            -22.798667446325265
          ],
          [
            147.6291161370004,
            -22.798511154325293
          ],
          [
            147.62910205600036,
            -22.798442160325294
          ],
          [
            147.62901616600044,
            -22.79838724732526
          ],
          [
            147.62897955700035,
            -22.79839147132525
          ],
          [
            147.6289640690003,
            -22.79844779232524
          ],
          [
            147.6289274600004,
            -22.798471729325286
          ],
          [
            147.62886269000043,
            -22.79843934432528
          ],
          [
            147.62882467300045,
            -22.798397103325264
          ],
          [
            147.62875990300034,
            -22.798384431325232
          ],
          [
            147.62867260500042,
            -22.798323885325264
          ],
          [
            147.62863177200035,
            -22.79833233332528
          ],
          [
            147.6285895310004,
            -22.798345006325295
          ],
          [
            147.6285937550004,
            -22.798398511325267
          ],
          [
            147.62855855400045,
            -22.79840695932527
          ],
          [
            147.6284050780004,
            -22.79834359832529
          ],
          [
            147.62823576100044,
            -22.798254187325252
          ],
          [
            147.62811475800046,
            -22.798212386325243
          ],
          [
            147.62811079800034,
            -22.798145064325293
          ],
          [
            147.62808263700043,
            -22.798084519325254
          ],
          [
            147.62789255200047,
            -22.79804078132526
          ],
          [
            147.62775597300043,
            -22.79803805332527
          ],
          [
            147.62772077200037,
            -22.798060582325267
          ],
          [
            147.6276923470004,
            -22.798148584325247
          ],
          [
            147.62750974200043,
            -22.79821898632525
          ],
          [
            147.6274120680004,
            -22.798160677325253
          ],
          [
            147.62716318900044,
            -22.79817322532528
          ],
          [
            147.62704209800035,
            -22.79805495032525
          ],
          [
            147.6268593540004,
            -22.79800876332524
          ],
          [
            147.62669149600046,
            -22.798016933325236
          ],
          [
            147.6266577030004,
            -22.797970468325268
          ],
          [
            147.62656151700043,
            -22.79796157932526
          ],
          [
            147.6264647140004,
            -22.797928579325287
          ],
          [
            147.6264141130004,
            -22.797855977325245
          ],
          [
            147.62641631300048,
            -22.797752574325276
          ],
          [
            147.62647131100044,
            -22.797681826325285
          ],
          [
            147.6265476510004,
            -22.79759429632526
          ],
          [
            147.62657738900037,
            -22.79751319332525
          ],
          [
            147.6265404420004,
            -22.797476247325285
          ],
          [
            147.62642059000038,
            -22.79744200332529
          ],
          [
            147.6263394870004,
            -22.79738613232526
          ],
          [
            147.62627190100042,
            -22.797367208325305
          ],
          [
            147.6262088210004,
            -22.797391539325258
          ],
          [
            147.62610699200042,
            -22.79750057732526
          ],
          [
            147.62599344800043,
            -22.797511391325266
          ],
          [
            147.62595019300042,
            -22.797548338325274
          ],
          [
            147.62595019300042,
            -22.797604209325247
          ],
          [
            147.62599525000036,
            -22.797680806325282
          ],
          [
            147.6259727210004,
            -22.797720457325294
          ],
          [
            147.62589161800037,
            -22.797733073325276
          ],
          [
            147.62580691100047,
            -22.79778263532529
          ],
          [
            147.62575013900044,
            -22.797901586325278
          ],
          [
            147.6256942680004,
            -22.797907894325242
          ],
          [
            147.62565551900045,
            -22.79787094832528
          ],
          [
            147.6256599310004,
            -22.797727988325274
          ],
          [
            147.6256338910004,
            -22.797720457325287
          ],
          [
            147.62560505500045,
            -22.79773217132526
          ],
          [
            147.62551064600035,
            -22.79785932532526
          ],
          [
            147.6254040340004,
            -22.797869210325246
          ]
        ]
      }
    }
  ]
}

