{
  "type": "FeatureCollection",
  "name": "historical-alluvial-evidence",
  "generated": "2026-08-18T05:36:53.516016+00:00",
  "public_display": true,
  "no_prospectivity": true,
  "features": [
    {
      "type": "Feature",
      "properties": {
        "record_id": "b2-palmer-river-002",
        "historical_event_id": "7774ccdfe5f06d3b",
        "name": "Palmer River catchment",
        "evidence_type": "LEAD",
        "commodity": "gold",
        "commodity_group": "gold",
        "spatial_precision": "TEXT_ONLY",
        "location_uncertainty_m": null,
        "source_confidence": "high",
        "location_confidence": "UNRESOLVED",
        "historical_locality": "Palmer River catchment",
        "modern_locality": "Palmer River catchment",
        "year": 1932,
        "description": "Palmer River field produced an estimated 1,329,640 oz to 1927, of which >90% was alluvial; reef production ~103,140 oz. Rush peak 1874\u20131877 with remote alluvial workings along Palmer basin and tributaries including Mitchell River headwaters.",
        "provenance": {
          "authority": "Denmead (1932) via Queensland Department of Mines historical compilation; cross-referenced Burrows (1991)",
          "publication": "Historical review of alluvial gold mining in Queensland (Denmead 1932, cited GSQ/BMR tradition)",
          "date": "1932",
          "page": null,
          "record_id": "denmead-1932",
          "url": null,
          "extraction_method": "phase_b2_curated_extraction",
          "ocr_status": "not_required",
          "location_method": "coordinates_from_source"
        },
        "map_display": false,
        "public_display": true,
        "recovery": null,
        "related_record_ids": [],
        "research_area": "palmer-river",
        "limitations": "Phase B2 documentary extraction",
        "label": "Historical evidence"
      },
      "geometry": null
    },
    {
      "type": "Feature",
      "properties": {
        "record_id": "b2-palmer-river-004",
        "historical_event_id": "a769f50dc373b22f",
        "name": "Palmer River; Mitchell River; Limestone Creek; Gold Creek",
        "evidence_type": "WORKED_CREEK",
        "commodity": "gold",
        "commodity_group": "gold",
        "spatial_precision": "TEXT_ONLY",
        "location_uncertainty_m": null,
        "source_confidence": "medium",
        "location_confidence": "UNRESOLVED",
        "historical_locality": "Palmer River; Mitchell River; Limestone Creek; Gold Creek",
        "modern_locality": "Palmer River; Mitchell River; Limestone Creek; Gold Creek",
        "year": 1984,
        "description": "Historical account documents mining extending beyond Palmer basin proper to Mitchell River, Limestone Creek, Gold Creek and Saint George River tributaries \u2014 indicating multi-catchment alluvial rush geography.",
        "provenance": {
          "authority": "Kirkman (1984) JCU Research Online \u2014 secondary historical synthesis citing warden reports",
          "publication": "The Palmer goldfield, 1873-1883 (JCU historical thesis)",
          "date": "1984",
          "page": null,
          "record_id": "kirkman-1984",
          "url": null,
          "extraction_method": "phase_b2_curated_extraction",
          "ocr_status": "not_required",
          "location_method": "coordinates_from_source"
        },
        "map_display": false,
        "public_display": true,
        "recovery": null,
        "related_record_ids": [],
        "research_area": "palmer-river",
        "limitations": "Phase B2 documentary extraction",
        "label": "Historical evidence"
      },
      "geometry": null
    },
    {
      "type": "Feature",
      "properties": {
        "record_id": "b2-palmer-river-005",
        "historical_event_id": "7488195190151116",
        "name": "Upper Palmer River; Normanby River; Maytown",
        "evidence_type": "LEAD",
        "commodity": "gold",
        "commodity_group": "gold",
        "spatial_precision": "TEXT_ONLY",
        "location_uncertainty_m": null,
        "source_confidence": "high",
        "location_confidence": "UNRESOLVED",
        "historical_locality": "Upper Palmer River; Normanby River; Maytown",
        "modern_locality": "Upper Palmer River; Normanby River; Maytown",
        "year": 1899,
        "description": "Authoritative GSQ visit report includes Map 2 'Upper Palmer and the Normanby Rivers' and Map 3 'Reefs near Maytown' \u2014 primary documentary account of Palmer alluvial and reef workings at rush-era field layout.",
        "provenance": {
          "authority": "GSQ Open Data CR055300 \u2014 CKAN package_search",
          "publication": "GSQ Publication 144, On A Visit To The Palmer Goldfield (with three maps) 1899",
          "date": "1899",
          "page": null,
          "record_id": "cr055300",
          "url": null,
          "extraction_method": "phase_b2_curated_extraction",
          "ocr_status": "not_required",
          "location_method": "coordinates_from_source"
        },
        "map_display": false,
        "public_display": true,
        "recovery": null,
        "related_record_ids": [],
        "research_area": "palmer-river",
        "limitations": "Phase B2 documentary extraction",
        "label": "Historical evidence"
      },
      "geometry": null
    },
    {
      "type": "Feature",
      "properties": {
        "record_id": "b2-palmer-river-006",
        "historical_event_id": "35c2dbf2f594ba19",
        "name": "Upper Palmer River; Normanby River",
        "evidence_type": "WORKED_CREEK",
        "commodity": "gold",
        "commodity_group": "gold",
        "spatial_precision": "TEXT_ONLY",
        "location_uncertainty_m": null,
        "source_confidence": "high",
        "location_confidence": "UNRESOLVED",
        "historical_locality": "Upper Palmer River; Normanby River",
        "modern_locality": "Upper Palmer River; Normanby River",
        "year": 1899,
        "description": "Historic map attachment documenting upper Palmer and Normanby River courses \u2014 useful for correlating alluvial workings with named historic drainage.",
        "provenance": {
          "authority": "GSQ CR055300 resource cr_55300_3.pdf",
          "publication": "Map 2: Upper Palmer and the Normanby Rivers (CR055300 attachment)",
          "date": "1899",
          "page": null,
          "record_id": "cr055300-map2",
          "url": null,
          "extraction_method": "phase_b2_curated_extraction",
          "ocr_status": "not_required",
          "location_method": "coordinates_from_source"
        },
        "map_display": false,
        "public_display": true,
        "recovery": null,
        "related_record_ids": [],
        "research_area": "palmer-river",
        "limitations": "Phase B2 documentary extraction",
        "label": "Historical evidence"
      },
      "geometry": null
    },
    {
      "type": "Feature",
      "properties": {
        "record_id": "b2-clermont-001",
        "historical_event_id": "6175bc6a79867867",
        "name": "Clermont",
        "evidence_type": "TERRACE_WORKING",
        "commodity": "gold",
        "commodity_group": "gold",
        "spatial_precision": "TEXT_ONLY",
        "location_uncertainty_m": null,
        "source_confidence": "high",
        "location_confidence": "UNRESOLVED",
        "historical_locality": "Clermont",
        "modern_locality": "Clermont",
        "year": 1902,
        "description": "GSQ contour/resource compilation map showing Clermont goldfield topography and workings \u2014 HIGH priority for terrace and drainage interpretation.",
        "provenance": {
          "authority": "Geological Survey of Queensland \u2014 MR005841 (Phase B index)",
          "publication": "Clermont Goldfield Contour Map, Portion Of The Resource Map Compilation 1902",
          "date": "1902",
          "page": null,
          "record_id": "mr005841",
          "url": null,
          "extraction_method": "phase_b2_curated_extraction",
          "ocr_status": "not_required",
          "location_method": "coordinates_from_source"
        },
        "map_display": false,
        "public_display": true,
        "recovery": null,
        "related_record_ids": [],
        "research_area": "clermont-blair-athol",
        "limitations": "Phase B2 documentary extraction",
        "label": "Historical evidence"
      },
      "geometry": null
    },
    {
      "type": "Feature",
      "properties": {
        "record_id": "b2-clermont-003",
        "historical_event_id": "68504ccc3cb5be7b",
        "name": "Clermont; Wenlock",
        "evidence_type": "LEAD",
        "commodity": "gold",
        "commodity_group": "gold",
        "spatial_precision": "TEXT_ONLY",
        "location_uncertainty_m": null,
        "source_confidence": "high",
        "location_confidence": "UNRESOLVED",
        "historical_locality": "Clermont; Wenlock",
        "modern_locality": "Clermont; Wenlock",
        "year": 1932,
        "description": "Post-1932 alluvial production of ~81,352 oz derived mostly from buried leads in the Clermont and Wenlock fields \u2014 documents deep/buried lead mining phase distinct from initial rush.",
        "provenance": {
          "authority": "Denmead (1932) Queensland historical mining statistics",
          "publication": "Historical alluvial gold production review",
          "date": "1932",
          "page": null,
          "record_id": "denmead-1932",
          "url": null,
          "extraction_method": "phase_b2_curated_extraction",
          "ocr_status": "not_required",
          "location_method": "coordinates_from_source"
        },
        "map_display": false,
        "public_display": true,
        "recovery": null,
        "related_record_ids": [],
        "research_area": "clermont-blair-athol",
        "limitations": "Phase B2 documentary extraction",
        "label": "Historical evidence"
      },
      "geometry": null
    },
    {
      "type": "Feature",
      "properties": {
        "record_id": "b2-clermont-004",
        "historical_event_id": "2563576e177dcb3c",
        "name": "Clermont goldfield",
        "evidence_type": "ALLUVIAL_WORKING",
        "commodity": "gold",
        "commodity_group": "gold",
        "spatial_precision": "TEXT_ONLY",
        "location_uncertainty_m": null,
        "source_confidence": "high",
        "location_confidence": "UNRESOLVED",
        "historical_locality": "Clermont goldfield",
        "modern_locality": "Clermont goldfield",
        "year": null,
        "description": "367 CQ register occurrences in Clermont region including 41 classified alluvial, 11 diggings, 4 reef, 2 shaft categories from palaeodrainage acquisition index.",
        "provenance": {
          "authority": "research-data/palaeodrainage/all-regions/clermont-blair-athol/reports/cq-diggings-index.geojson",
          "publication": "CQ Diggings index \u2014 Clermont region occurrences",
          "date": null,
          "page": null,
          "record_id": "cq-diggings-index",
          "url": null,
          "extraction_method": "phase_b2_curated_extraction",
          "ocr_status": "not_required",
          "location_method": "coordinates_from_source"
        },
        "map_display": false,
        "public_display": true,
        "recovery": null,
        "related_record_ids": [],
        "research_area": "clermont-blair-athol",
        "limitations": "Phase B2 documentary extraction",
        "label": "Historical evidence"
      },
      "geometry": null
    },
    {
      "type": "Feature",
      "properties": {
        "record_id": "b2-clermont-blair-athol-pd-summary",
        "historical_event_id": "5827133881941f9a",
        "name": "Clermont goldfield",
        "evidence_type": "ALLUVIAL_WORKING",
        "commodity": "gold",
        "commodity_group": "gold",
        "spatial_precision": "TEXT_ONLY",
        "location_uncertainty_m": null,
        "source_confidence": "high",
        "location_confidence": "UNRESOLVED",
        "historical_locality": "Clermont goldfield",
        "modern_locality": "Clermont goldfield",
        "year": 2026,
        "description": "Palaeodrainage acquisition indexed 367 CQ occurrences: alluvial=41, reef=4, shaft=2, diggings=11. Bores parsed: 300 PDFs.",
        "provenance": {
          "authority": "D:\\Works _in_progress\\CQDiggings\\research-data\\palaeodrainage\\all-regions\\clermont-blair-athol\\acquisition-summary.json",
          "publication": "Palaeodrainage all-region acquisition summary",
          "date": "2026",
          "page": null,
          "record_id": "clermont-blair-athol",
          "url": null,
          "extraction_method": "phase_b2_curated_extraction",
          "ocr_status": "not_required",
          "location_method": "coordinates_from_source"
        },
        "map_display": false,
        "public_display": true,
        "recovery": null,
        "related_record_ids": [],
        "research_area": "clermont-blair-athol",
        "limitations": "Phase B2 documentary extraction",
        "label": "Historical evidence"
      },
      "geometry": null
    },
    {
      "type": "Feature",
      "properties": {
        "record_id": "b2-clermont-blair-athol-bore-1",
        "historical_event_id": "e8c498ec4a240deb",
        "name": "Clermont goldfield",
        "evidence_type": "ALLUVIAL_WORKING",
        "commodity": "gold",
        "commodity_group": "gold",
        "spatial_precision": "TEXT_ONLY",
        "location_uncertainty_m": null,
        "source_confidence": "medium",
        "location_confidence": "UNRESOLVED",
        "historical_locality": "Clermont goldfield",
        "modern_locality": "Clermont goldfield",
        "year": null,
        "description": "Bore RN 8020: SANDY YELLOW CLAY CHERWELL from 0\u201315.24 m (clay).",
        "provenance": {
          "authority": "research-data/palaeodrainage/all-regions/clermont-blair-athol/bores/parsed-bores.json",
          "publication": "Palaeodrainage bore lithology parse (Queensland groundwater registry)",
          "date": null,
          "page": null,
          "record_id": "bore-rn-8020",
          "url": null,
          "extraction_method": "phase_b2_curated_extraction",
          "ocr_status": "not_required",
          "location_method": "coordinates_from_source"
        },
        "map_display": false,
        "public_display": true,
        "recovery": null,
        "related_record_ids": [],
        "research_area": "clermont-blair-athol",
        "limitations": "Phase B2 documentary extraction",
        "label": "Historical evidence"
      },
      "geometry": null
    },
    {
      "type": "Feature",
      "properties": {
        "record_id": "b2-clermont-blair-athol-bore-2",
        "historical_event_id": "e74b2e7370fa4ad3",
        "name": "Clermont goldfield",
        "evidence_type": "ALLUVIAL_WORKING",
        "commodity": "gold",
        "commodity_group": "gold",
        "spatial_precision": "TEXT_ONLY",
        "location_uncertainty_m": null,
        "source_confidence": "medium",
        "location_confidence": "UNRESOLVED",
        "historical_locality": "Clermont goldfield",
        "modern_locality": "Clermont goldfield",
        "year": null,
        "description": "Bore RN 8085: CLAY from 1.52\u201328.96 m (clay).",
        "provenance": {
          "authority": "research-data/palaeodrainage/all-regions/clermont-blair-athol/bores/parsed-bores.json",
          "publication": "Palaeodrainage bore lithology parse (Queensland groundwater registry)",
          "date": null,
          "page": null,
          "record_id": "bore-rn-8085",
          "url": null,
          "extraction_method": "phase_b2_curated_extraction",
          "ocr_status": "not_required",
          "location_method": "coordinates_from_source"
        },
        "map_display": false,
        "public_display": true,
        "recovery": null,
        "related_record_ids": [],
        "research_area": "clermont-blair-athol",
        "limitations": "Phase B2 documentary extraction",
        "label": "Historical evidence"
      },
      "geometry": null
    },
    {
      "type": "Feature",
      "properties": {
        "record_id": "b2-clermont-blair-athol-bore-3",
        "historical_event_id": "f8162c5ddbe75f47",
        "name": "Clermont goldfield",
        "evidence_type": "ALLUVIAL_WORKING",
        "commodity": "gold",
        "commodity_group": "gold",
        "spatial_precision": "TEXT_ONLY",
        "location_uncertainty_m": null,
        "source_confidence": "medium",
        "location_confidence": "UNRESOLVED",
        "historical_locality": "Clermont goldfield",
        "modern_locality": "Clermont goldfield",
        "year": null,
        "description": "Bore RN 8622: BROWN SANDY CLAY from 2.44\u20135.79 m (clay, sandy_clay).",
        "provenance": {
          "authority": "research-data/palaeodrainage/all-regions/clermont-blair-athol/bores/parsed-bores.json",
          "publication": "Palaeodrainage bore lithology parse (Queensland groundwater registry)",
          "date": null,
          "page": null,
          "record_id": "bore-rn-8622",
          "url": null,
          "extraction_method": "phase_b2_curated_extraction",
          "ocr_status": "not_required",
          "location_method": "coordinates_from_source"
        },
        "map_display": false,
        "public_display": true,
        "recovery": null,
        "related_record_ids": [],
        "research_area": "clermont-blair-athol",
        "limitations": "Phase B2 documentary extraction",
        "label": "Historical evidence"
      },
      "geometry": null
    },
    {
      "type": "Feature",
      "properties": {
        "record_id": "b2-clermont-blair-athol-bore-4",
        "historical_event_id": "ea5bbf85c25a7c9b",
        "name": "Clermont goldfield",
        "evidence_type": "ALLUVIAL_WORKING",
        "commodity": "gold",
        "commodity_group": "gold",
        "spatial_precision": "TEXT_ONLY",
        "location_uncertainty_m": null,
        "source_confidence": "medium",
        "location_confidence": "UNRESOLVED",
        "historical_locality": "Clermont goldfield",
        "modern_locality": "Clermont goldfield",
        "year": null,
        "description": "Bore RN 10712: PUG AND GRAVEL from 40.84\u201348.16 m (gravel).",
        "provenance": {
          "authority": "research-data/palaeodrainage/all-regions/clermont-blair-athol/bores/parsed-bores.json",
          "publication": "Palaeodrainage bore lithology parse (Queensland groundwater registry)",
          "date": null,
          "page": null,
          "record_id": "bore-rn-10712",
          "url": null,
          "extraction_method": "phase_b2_curated_extraction",
          "ocr_status": "not_required",
          "location_method": "coordinates_from_source"
        },
        "map_display": false,
        "public_display": true,
        "recovery": null,
        "related_record_ids": [],
        "research_area": "clermont-blair-athol",
        "limitations": "Phase B2 documentary extraction",
        "label": "Historical evidence"
      },
      "geometry": null
    },
    {
      "type": "Feature",
      "properties": {
        "record_id": "b2-clermont-blair-athol-bore-5",
        "historical_event_id": "72b7cfcd45a78e06",
        "name": "Clermont goldfield",
        "evidence_type": "ALLUVIAL_WORKING",
        "commodity": "gold",
        "commodity_group": "gold",
        "spatial_precision": "TEXT_ONLY",
        "location_uncertainty_m": null,
        "source_confidence": "medium",
        "location_confidence": "UNRESOLVED",
        "historical_locality": "Clermont goldfield",
        "modern_locality": "Clermont goldfield",
        "year": null,
        "description": "Bore RN 15040: CLAY from 14.6\u201317.1 m (clay).",
        "provenance": {
          "authority": "research-data/palaeodrainage/all-regions/clermont-blair-athol/bores/parsed-bores.json",
          "publication": "Palaeodrainage bore lithology parse (Queensland groundwater registry)",
          "date": null,
          "page": null,
          "record_id": "bore-rn-15040",
          "url": null,
          "extraction_method": "phase_b2_curated_extraction",
          "ocr_status": "not_required",
          "location_method": "coordinates_from_source"
        },
        "map_display": false,
        "public_display": true,
        "recovery": null,
        "related_record_ids": [],
        "research_area": "clermont-blair-athol",
        "limitations": "Phase B2 documentary extraction",
        "label": "Historical evidence"
      },
      "geometry": null
    },
    {
      "type": "Feature",
      "properties": {
        "record_id": "b2-clermont-blair-athol-cq-1",
        "historical_event_id": "f1e97d8c3a1c208a",
        "name": "BAMFORDS GULLY",
        "evidence_type": "ALLUVIAL_WORKING",
        "commodity": "gold",
        "commodity_group": "gold",
        "spatial_precision": "TEXT_ONLY",
        "location_uncertainty_m": null,
        "source_confidence": "high",
        "location_confidence": "UNRESOLVED",
        "historical_locality": "BAMFORDS GULLY",
        "modern_locality": "BAMFORDS GULLY",
        "year": null,
        "description": "CQ register occurrence 'BAMFORDS GULLY' classified as alluvial_workings, gold_occurrence.",
        "provenance": {
          "authority": "research-data/palaeodrainage/all-regions/clermont-blair-athol/reports/cq-diggings-index.geojson",
          "publication": "CQ Diggings register occurrences (palaeodrainage acquisition)",
          "date": null,
          "page": null,
          "record_id": "cq-diggings-index",
          "url": null,
          "extraction_method": "phase_b2_curated_extraction",
          "ocr_status": "not_required",
          "location_method": "coordinates_from_source"
        },
        "map_display": false,
        "public_display": true,
        "recovery": null,
        "related_record_ids": [],
        "research_area": "clermont-blair-athol",
        "limitations": "Phase B2 documentary extraction",
        "label": "Historical evidence"
      },
      "geometry": null
    },
    {
      "type": "Feature",
      "properties": {
        "record_id": "b2-clermont-blair-athol-cq-5",
        "historical_event_id": "a9c5c45791937830",
        "name": "BLACKIE'S GULLY",
        "evidence_type": "ALLUVIAL_WORKING",
        "commodity": "gold",
        "commodity_group": "gold",
        "spatial_precision": "TEXT_ONLY",
        "location_uncertainty_m": null,
        "source_confidence": "high",
        "location_confidence": "UNRESOLVED",
        "historical_locality": "BLACKIE'S GULLY",
        "modern_locality": "BLACKIE'S GULLY",
        "year": null,
        "description": "CQ register occurrence 'BLACKIE'S GULLY' classified as alluvial_workings, gold_occurrence.",
        "provenance": {
          "authority": "research-data/palaeodrainage/all-regions/clermont-blair-athol/reports/cq-diggings-index.geojson",
          "publication": "CQ Diggings register occurrences (palaeodrainage acquisition)",
          "date": null,
          "page": null,
          "record_id": "cq-diggings-index",
          "url": null,
          "extraction_method": "phase_b2_curated_extraction",
          "ocr_status": "not_required",
          "location_method": "coordinates_from_source"
        },
        "map_display": false,
        "public_display": true,
        "recovery": null,
        "related_record_ids": [],
        "research_area": "clermont-blair-athol",
        "limitations": "Phase B2 documentary extraction",
        "label": "Historical evidence"
      },
      "geometry": null
    },
    {
      "type": "Feature",
      "properties": {
        "record_id": "b2-clermont-blair-athol-cq-6",
        "historical_event_id": "4449d8ca39ba7fd6",
        "name": "BLACKSMITH'S GULLY LEAD",
        "evidence_type": "ALLUVIAL_WORKING",
        "commodity": "gold",
        "commodity_group": "gold",
        "spatial_precision": "TEXT_ONLY",
        "location_uncertainty_m": null,
        "source_confidence": "high",
        "location_confidence": "UNRESOLVED",
        "historical_locality": "BLACKSMITH'S GULLY LEAD",
        "modern_locality": "BLACKSMITH'S GULLY LEAD",
        "year": null,
        "description": "CQ register occurrence 'BLACKSMITH'S GULLY LEAD' classified as alluvial_workings, gold_occurrence.",
        "provenance": {
          "authority": "research-data/palaeodrainage/all-regions/clermont-blair-athol/reports/cq-diggings-index.geojson",
          "publication": "CQ Diggings register occurrences (palaeodrainage acquisition)",
          "date": null,
          "page": null,
          "record_id": "cq-diggings-index",
          "url": null,
          "extraction_method": "phase_b2_curated_extraction",
          "ocr_status": "not_required",
          "location_method": "coordinates_from_source"
        },
        "map_display": false,
        "public_display": true,
        "recovery": null,
        "related_record_ids": [],
        "research_area": "clermont-blair-athol",
        "limitations": "Phase B2 documentary extraction",
        "label": "Historical evidence"
      },
      "geometry": null
    },
    {
      "type": "Feature",
      "properties": {
        "record_id": "b2-clermont-blair-athol-cq-7",
        "historical_event_id": "160092f8c1fdebe0",
        "name": "BOOTLACE GULLY",
        "evidence_type": "ALLUVIAL_WORKING",
        "commodity": "gold",
        "commodity_group": "gold",
        "spatial_precision": "TEXT_ONLY",
        "location_uncertainty_m": null,
        "source_confidence": "high",
        "location_confidence": "UNRESOLVED",
        "historical_locality": "BOOTLACE GULLY",
        "modern_locality": "BOOTLACE GULLY",
        "year": null,
        "description": "CQ register occurrence 'BOOTLACE GULLY' classified as alluvial_workings, gold_occurrence.",
        "provenance": {
          "authority": "research-data/palaeodrainage/all-regions/clermont-blair-athol/reports/cq-diggings-index.geojson",
          "publication": "CQ Diggings register occurrences (palaeodrainage acquisition)",
          "date": null,
          "page": null,
          "record_id": "cq-diggings-index",
          "url": null,
          "extraction_method": "phase_b2_curated_extraction",
          "ocr_status": "not_required",
          "location_method": "coordinates_from_source"
        },
        "map_display": false,
        "public_display": true,
        "recovery": null,
        "related_record_ids": [],
        "research_area": "clermont-blair-athol",
        "limitations": "Phase B2 documentary extraction",
        "label": "Historical evidence"
      },
      "geometry": null
    },
    {
      "type": "Feature",
      "properties": {
        "record_id": "b2-clermont-blair-athol-cq-8",
        "historical_event_id": "1e69520b7053a3b9",
        "name": "BREWERY CREEK WORKINGS",
        "evidence_type": "ALLUVIAL_WORKING",
        "commodity": "gold",
        "commodity_group": "gold",
        "spatial_precision": "TEXT_ONLY",
        "location_uncertainty_m": null,
        "source_confidence": "high",
        "location_confidence": "UNRESOLVED",
        "historical_locality": "BREWERY CREEK WORKINGS",
        "modern_locality": "BREWERY CREEK WORKINGS",
        "year": null,
        "description": "CQ register occurrence 'BREWERY CREEK WORKINGS' classified as alluvial_workings, gold_occurrence.",
        "provenance": {
          "authority": "research-data/palaeodrainage/all-regions/clermont-blair-athol/reports/cq-diggings-index.geojson",
          "publication": "CQ Diggings register occurrences (palaeodrainage acquisition)",
          "date": null,
          "page": null,
          "record_id": "cq-diggings-index",
          "url": null,
          "extraction_method": "phase_b2_curated_extraction",
          "ocr_status": "not_required",
          "location_method": "coordinates_from_source"
        },
        "map_display": false,
        "public_display": true,
        "recovery": null,
        "related_record_ids": [],
        "research_area": "clermont-blair-athol",
        "limitations": "Phase B2 documentary extraction",
        "label": "Historical evidence"
      },
      "geometry": null
    },
    {
      "type": "Feature",
      "properties": {
        "record_id": "b2-clermont-blair-athol-cq-9",
        "historical_event_id": "85d87999f0ff46c0",
        "name": "BULLOCK CREEK PROSPECT",
        "evidence_type": "ALLUVIAL_WORKING",
        "commodity": "gold",
        "commodity_group": "gold",
        "spatial_precision": "TEXT_ONLY",
        "location_uncertainty_m": null,
        "source_confidence": "high",
        "location_confidence": "UNRESOLVED",
        "historical_locality": "BULLOCK CREEK PROSPECT",
        "modern_locality": "BULLOCK CREEK PROSPECT",
        "year": null,
        "description": "CQ register occurrence 'BULLOCK CREEK PROSPECT' classified as alluvial_workings, gold_occurrence.",
        "provenance": {
          "authority": "research-data/palaeodrainage/all-regions/clermont-blair-athol/reports/cq-diggings-index.geojson",
          "publication": "CQ Diggings register occurrences (palaeodrainage acquisition)",
          "date": null,
          "page": null,
          "record_id": "cq-diggings-index",
          "url": null,
          "extraction_method": "phase_b2_curated_extraction",
          "ocr_status": "not_required",
          "location_method": "coordinates_from_source"
        },
        "map_display": false,
        "public_display": true,
        "recovery": null,
        "related_record_ids": [],
        "research_area": "clermont-blair-athol",
        "limitations": "Phase B2 documentary extraction",
        "label": "Historical evidence"
      },
      "geometry": null
    },
    {
      "type": "Feature",
      "properties": {
        "record_id": "b2-clermont-blair-athol-cq-10",
        "historical_event_id": "ba5dcdad1bb6fae5",
        "name": "BULLOCKY GULLY",
        "evidence_type": "ALLUVIAL_WORKING",
        "commodity": "gold",
        "commodity_group": "gold",
        "spatial_precision": "TEXT_ONLY",
        "location_uncertainty_m": null,
        "source_confidence": "high",
        "location_confidence": "UNRESOLVED",
        "historical_locality": "BULLOCKY GULLY",
        "modern_locality": "BULLOCKY GULLY",
        "year": null,
        "description": "CQ register occurrence 'BULLOCKY GULLY' classified as alluvial_workings, gold_occurrence.",
        "provenance": {
          "authority": "research-data/palaeodrainage/all-regions/clermont-blair-athol/reports/cq-diggings-index.geojson",
          "publication": "CQ Diggings register occurrences (palaeodrainage acquisition)",
          "date": null,
          "page": null,
          "record_id": "cq-diggings-index",
          "url": null,
          "extraction_method": "phase_b2_curated_extraction",
          "ocr_status": "not_required",
          "location_method": "coordinates_from_source"
        },
        "map_display": false,
        "public_display": true,
        "recovery": null,
        "related_record_ids": [],
        "research_area": "clermont-blair-athol",
        "limitations": "Phase B2 documentary extraction",
        "label": "Historical evidence"
      },
      "geometry": null
    },
    {
      "type": "Feature",
      "properties": {
        "record_id": "b2-clermont-blair-athol-cq-11",
        "historical_event_id": "78d014c63dee4c23",
        "name": "CHINAMEN'S GULLY",
        "evidence_type": "ALLUVIAL_WORKING",
        "commodity": "gold",
        "commodity_group": "gold",
        "spatial_precision": "TEXT_ONLY",
        "location_uncertainty_m": null,
        "source_confidence": "high",
        "location_confidence": "UNRESOLVED",
        "historical_locality": "CHINAMEN'S GULLY",
        "modern_locality": "CHINAMEN'S GULLY",
        "year": null,
        "description": "CQ register occurrence 'CHINAMEN'S GULLY' classified as alluvial_workings, gold_occurrence.",
        "provenance": {
          "authority": "research-data/palaeodrainage/all-regions/clermont-blair-athol/reports/cq-diggings-index.geojson",
          "publication": "CQ Diggings register occurrences (palaeodrainage acquisition)",
          "date": null,
          "page": null,
          "record_id": "cq-diggings-index",
          "url": null,
          "extraction_method": "phase_b2_curated_extraction",
          "ocr_status": "not_required",
          "location_method": "coordinates_from_source"
        },
        "map_display": false,
        "public_display": true,
        "recovery": null,
        "related_record_ids": [],
        "research_area": "clermont-blair-athol",
        "limitations": "Phase B2 documentary extraction",
        "label": "Historical evidence"
      },
      "geometry": null
    },
    {
      "type": "Feature",
      "properties": {
        "record_id": "b2-clermont-blair-athol-cq-12",
        "historical_event_id": "796ed3fb81882531",
        "name": "CHINAMEN'S GULLY LEAD",
        "evidence_type": "ALLUVIAL_WORKING",
        "commodity": "gold",
        "commodity_group": "gold",
        "spatial_precision": "TEXT_ONLY",
        "location_uncertainty_m": null,
        "source_confidence": "high",
        "location_confidence": "UNRESOLVED",
        "historical_locality": "CHINAMEN'S GULLY LEAD",
        "modern_locality": "CHINAMEN'S GULLY LEAD",
        "year": null,
        "description": "CQ register occurrence 'CHINAMEN'S GULLY LEAD' classified as alluvial_workings, gold_occurrence.",
        "provenance": {
          "authority": "research-data/palaeodrainage/all-regions/clermont-blair-athol/reports/cq-diggings-index.geojson",
          "publication": "CQ Diggings register occurrences (palaeodrainage acquisition)",
          "date": null,
          "page": null,
          "record_id": "cq-diggings-index",
          "url": null,
          "extraction_method": "phase_b2_curated_extraction",
          "ocr_status": "not_required",
          "location_method": "coordinates_from_source"
        },
        "map_display": false,
        "public_display": true,
        "recovery": null,
        "related_record_ids": [],
        "research_area": "clermont-blair-athol",
        "limitations": "Phase B2 documentary extraction",
        "label": "Historical evidence"
      },
      "geometry": null
    },
    {
      "type": "Feature",
      "properties": {
        "record_id": "b2-clermont-blair-athol-cq-14",
        "historical_event_id": "bade3ef399eebaf8",
        "name": "CLYDE CREEK",
        "evidence_type": "ALLUVIAL_WORKING",
        "commodity": "gold",
        "commodity_group": "gold",
        "spatial_precision": "TEXT_ONLY",
        "location_uncertainty_m": null,
        "source_confidence": "high",
        "location_confidence": "UNRESOLVED",
        "historical_locality": "CLYDE CREEK",
        "modern_locality": "CLYDE CREEK",
        "year": null,
        "description": "CQ register occurrence 'CLYDE CREEK' classified as alluvial_workings, gold_occurrence.",
        "provenance": {
          "authority": "research-data/palaeodrainage/all-regions/clermont-blair-athol/reports/cq-diggings-index.geojson",
          "publication": "CQ Diggings register occurrences (palaeodrainage acquisition)",
          "date": null,
          "page": null,
          "record_id": "cq-diggings-index",
          "url": null,
          "extraction_method": "phase_b2_curated_extraction",
          "ocr_status": "not_required",
          "location_method": "coordinates_from_source"
        },
        "map_display": false,
        "public_display": true,
        "recovery": null,
        "related_record_ids": [],
        "research_area": "clermont-blair-athol",
        "limitations": "Phase B2 documentary extraction",
        "label": "Historical evidence"
      },
      "geometry": null
    },
    {
      "type": "Feature",
      "properties": {
        "record_id": "b2-clermont-blair-athol-cq-15",
        "historical_event_id": "00a58c4ed69bfec5",
        "name": "DEEP CREEK LEAD",
        "evidence_type": "ALLUVIAL_WORKING",
        "commodity": "gold",
        "commodity_group": "gold",
        "spatial_precision": "TEXT_ONLY",
        "location_uncertainty_m": null,
        "source_confidence": "high",
        "location_confidence": "UNRESOLVED",
        "historical_locality": "DEEP CREEK LEAD",
        "modern_locality": "DEEP CREEK LEAD",
        "year": null,
        "description": "CQ register occurrence 'DEEP CREEK LEAD' classified as alluvial_workings, gold_occurrence.",
        "provenance": {
          "authority": "research-data/palaeodrainage/all-regions/clermont-blair-athol/reports/cq-diggings-index.geojson",
          "publication": "CQ Diggings register occurrences (palaeodrainage acquisition)",
          "date": null,
          "page": null,
          "record_id": "cq-diggings-index",
          "url": null,
          "extraction_method": "phase_b2_curated_extraction",
          "ocr_status": "not_required",
          "location_method": "coordinates_from_source"
        },
        "map_display": false,
        "public_display": true,
        "recovery": null,
        "related_record_ids": [],
        "research_area": "clermont-blair-athol",
        "limitations": "Phase B2 documentary extraction",
        "label": "Historical evidence"
      },
      "geometry": null
    },
    {
      "type": "Feature",
      "properties": {
        "record_id": "b2-clermont-blair-athol-cq-16",
        "historical_event_id": "2e4f901ce593fc0b",
        "name": "DIGGERS CREEK",
        "evidence_type": "ALLUVIAL_WORKING",
        "commodity": "gold",
        "commodity_group": "gold",
        "spatial_precision": "TEXT_ONLY",
        "location_uncertainty_m": null,
        "source_confidence": "high",
        "location_confidence": "UNRESOLVED",
        "historical_locality": "DIGGERS CREEK",
        "modern_locality": "DIGGERS CREEK",
        "year": null,
        "description": "CQ register occurrence 'DIGGERS CREEK' classified as alluvial_workings, gold_occurrence.",
        "provenance": {
          "authority": "research-data/palaeodrainage/all-regions/clermont-blair-athol/reports/cq-diggings-index.geojson",
          "publication": "CQ Diggings register occurrences (palaeodrainage acquisition)",
          "date": null,
          "page": null,
          "record_id": "cq-diggings-index",
          "url": null,
          "extraction_method": "phase_b2_curated_extraction",
          "ocr_status": "not_required",
          "location_method": "coordinates_from_source"
        },
        "map_display": false,
        "public_display": true,
        "recovery": null,
        "related_record_ids": [],
        "research_area": "clermont-blair-athol",
        "limitations": "Phase B2 documentary extraction",
        "label": "Historical evidence"
      },
      "geometry": null
    },
    {
      "type": "Feature",
      "properties": {
        "record_id": "b2-clermont-blair-athol-cq-17",
        "historical_event_id": "7ec6b79e40b0e392",
        "name": "EXPEDITION CREEK WORKINGS",
        "evidence_type": "ALLUVIAL_WORKING",
        "commodity": "gold",
        "commodity_group": "gold",
        "spatial_precision": "TEXT_ONLY",
        "location_uncertainty_m": null,
        "source_confidence": "high",
        "location_confidence": "UNRESOLVED",
        "historical_locality": "EXPEDITION CREEK WORKINGS",
        "modern_locality": "EXPEDITION CREEK WORKINGS",
        "year": null,
        "description": "CQ register occurrence 'EXPEDITION CREEK WORKINGS' classified as alluvial_workings, gold_occurrence.",
        "provenance": {
          "authority": "research-data/palaeodrainage/all-regions/clermont-blair-athol/reports/cq-diggings-index.geojson",
          "publication": "CQ Diggings register occurrences (palaeodrainage acquisition)",
          "date": null,
          "page": null,
          "record_id": "cq-diggings-index",
          "url": null,
          "extraction_method": "phase_b2_curated_extraction",
          "ocr_status": "not_required",
          "location_method": "coordinates_from_source"
        },
        "map_display": false,
        "public_display": true,
        "recovery": null,
        "related_record_ids": [],
        "research_area": "clermont-blair-athol",
        "limitations": "Phase B2 documentary extraction",
        "label": "Historical evidence"
      },
      "geometry": null
    },
    {
      "type": "Feature",
      "properties": {
        "record_id": "b2-clermont-blair-athol-cq-18",
        "historical_event_id": "c0895fec4f4710e0",
        "name": "FERGUSONS GULLY",
        "evidence_type": "ALLUVIAL_WORKING",
        "commodity": "gold",
        "commodity_group": "gold",
        "spatial_precision": "TEXT_ONLY",
        "location_uncertainty_m": null,
        "source_confidence": "high",
        "location_confidence": "UNRESOLVED",
        "historical_locality": "FERGUSONS GULLY",
        "modern_locality": "FERGUSONS GULLY",
        "year": null,
        "description": "CQ register occurrence 'FERGUSONS GULLY' classified as alluvial_workings, gold_occurrence.",
        "provenance": {
          "authority": "research-data/palaeodrainage/all-regions/clermont-blair-athol/reports/cq-diggings-index.geojson",
          "publication": "CQ Diggings register occurrences (palaeodrainage acquisition)",
          "date": null,
          "page": null,
          "record_id": "cq-diggings-index",
          "url": null,
          "extraction_method": "phase_b2_curated_extraction",
          "ocr_status": "not_required",
          "location_method": "coordinates_from_source"
        },
        "map_display": false,
        "public_display": true,
        "recovery": null,
        "related_record_ids": [],
        "research_area": "clermont-blair-athol",
        "limitations": "Phase B2 documentary extraction",
        "label": "Historical evidence"
      },
      "geometry": null
    },
    {
      "type": "Feature",
      "properties": {
        "record_id": "b2-clermont-blair-athol-cq-19",
        "historical_event_id": "3ff9157fd0747569",
        "name": "FIDDLER CREEK LEAD",
        "evidence_type": "ALLUVIAL_WORKING",
        "commodity": "gold",
        "commodity_group": "gold",
        "spatial_precision": "TEXT_ONLY",
        "location_uncertainty_m": null,
        "source_confidence": "high",
        "location_confidence": "UNRESOLVED",
        "historical_locality": "FIDDLER CREEK LEAD",
        "modern_locality": "FIDDLER CREEK LEAD",
        "year": null,
        "description": "CQ register occurrence 'FIDDLER CREEK LEAD' classified as alluvial_workings, gold_occurrence.",
        "provenance": {
          "authority": "research-data/palaeodrainage/all-regions/clermont-blair-athol/reports/cq-diggings-index.geojson",
          "publication": "CQ Diggings register occurrences (palaeodrainage acquisition)",
          "date": null,
          "page": null,
          "record_id": "cq-diggings-index",
          "url": null,
          "extraction_method": "phase_b2_curated_extraction",
          "ocr_status": "not_required",
          "location_method": "coordinates_from_source"
        },
        "map_display": false,
        "public_display": true,
        "recovery": null,
        "related_record_ids": [],
        "research_area": "clermont-blair-athol",
        "limitations": "Phase B2 documentary extraction",
        "label": "Historical evidence"
      },
      "geometry": null
    },
    {
      "type": "Feature",
      "properties": {
        "record_id": "b2-clermont-blair-athol-cq-22",
        "historical_event_id": "98f55014d7977326",
        "name": "HURLEY'S",
        "evidence_type": "ALLUVIAL_WORKING",
        "commodity": "gold",
        "commodity_group": "gold",
        "spatial_precision": "TEXT_ONLY",
        "location_uncertainty_m": null,
        "source_confidence": "high",
        "location_confidence": "UNRESOLVED",
        "historical_locality": "HURLEY'S",
        "modern_locality": "HURLEY'S",
        "year": null,
        "description": "CQ register occurrence 'HURLEY'S' classified as alluvial_workings, gold_occurrence.",
        "provenance": {
          "authority": "research-data/palaeodrainage/all-regions/clermont-blair-athol/reports/cq-diggings-index.geojson",
          "publication": "CQ Diggings register occurrences (palaeodrainage acquisition)",
          "date": null,
          "page": null,
          "record_id": "cq-diggings-index",
          "url": null,
          "extraction_method": "phase_b2_curated_extraction",
          "ocr_status": "not_required",
          "location_method": "coordinates_from_source"
        },
        "map_display": false,
        "public_display": true,
        "recovery": null,
        "related_record_ids": [],
        "research_area": "clermont-blair-athol",
        "limitations": "Phase B2 documentary extraction",
        "label": "Historical evidence"
      },
      "geometry": null
    },
    {
      "type": "Feature",
      "properties": {
        "record_id": "b2-clermont-blair-athol-cq-23",
        "historical_event_id": "2a41036083b06b28",
        "name": "HURLEY'S 2",
        "evidence_type": "ALLUVIAL_WORKING",
        "commodity": "gold",
        "commodity_group": "gold",
        "spatial_precision": "TEXT_ONLY",
        "location_uncertainty_m": null,
        "source_confidence": "high",
        "location_confidence": "UNRESOLVED",
        "historical_locality": "HURLEY'S 2",
        "modern_locality": "HURLEY'S 2",
        "year": null,
        "description": "CQ register occurrence 'HURLEY'S 2' classified as alluvial_workings, gold_occurrence.",
        "provenance": {
          "authority": "research-data/palaeodrainage/all-regions/clermont-blair-athol/reports/cq-diggings-index.geojson",
          "publication": "CQ Diggings register occurrences (palaeodrainage acquisition)",
          "date": null,
          "page": null,
          "record_id": "cq-diggings-index",
          "url": null,
          "extraction_method": "phase_b2_curated_extraction",
          "ocr_status": "not_required",
          "location_method": "coordinates_from_source"
        },
        "map_display": false,
        "public_display": true,
        "recovery": null,
        "related_record_ids": [],
        "research_area": "clermont-blair-athol",
        "limitations": "Phase B2 documentary extraction",
        "label": "Historical evidence"
      },
      "geometry": null
    },
    {
      "type": "Feature",
      "properties": {
        "record_id": "b2-mount-morgan-002",
        "historical_event_id": "6c4739b76b1f5320",
        "name": "Dee River",
        "evidence_type": "ALLUVIAL_WORKING",
        "commodity": "gold",
        "commodity_group": "gold",
        "spatial_precision": "TEXT_ONLY",
        "location_uncertainty_m": null,
        "source_confidence": "high",
        "location_confidence": "UNRESOLVED",
        "historical_locality": "Dee River",
        "modern_locality": "Dee River",
        "year": null,
        "description": "Named occurrence DEE RIVER ALLUVIALS in CQ register; region totals 116 alluvial, 36 reef, 9 shaft categories among 430 occurrences.",
        "provenance": {
          "authority": "research-data/palaeodrainage/all-regions/mount-morgan-dee/reports/cq-diggings-index.geojson",
          "publication": "CQ Diggings index \u2014 Dee River alluvials",
          "date": null,
          "page": null,
          "record_id": "cq-diggings-index",
          "url": null,
          "extraction_method": "phase_b2_curated_extraction",
          "ocr_status": "not_required",
          "location_method": "coordinates_from_source"
        },
        "map_display": false,
        "public_display": true,
        "recovery": null,
        "related_record_ids": [],
        "research_area": "mount-morgan-dee-river",
        "limitations": "Phase B2 documentary extraction",
        "label": "Historical evidence"
      },
      "geometry": null
    },
    {
      "type": "Feature",
      "properties": {
        "record_id": "b2-mount-morgan-dee-river-pd-summary",
        "historical_event_id": "40ffb18deb08bc0f",
        "name": "Mount Morgan goldfield",
        "evidence_type": "ALLUVIAL_WORKING",
        "commodity": "gold",
        "commodity_group": "gold",
        "spatial_precision": "TEXT_ONLY",
        "location_uncertainty_m": null,
        "source_confidence": "high",
        "location_confidence": "UNRESOLVED",
        "historical_locality": "Mount Morgan goldfield",
        "modern_locality": "Mount Morgan goldfield",
        "year": 2026,
        "description": "Palaeodrainage acquisition indexed 430 CQ occurrences: alluvial=116, reef=36, shaft=9, diggings=2. Bores parsed: 300 PDFs.",
        "provenance": {
          "authority": "D:\\Works _in_progress\\CQDiggings\\research-data\\palaeodrainage\\all-regions\\mount-morgan-dee\\acquisition-summary.json",
          "publication": "Palaeodrainage all-region acquisition summary",
          "date": "2026",
          "page": null,
          "record_id": "mount-morgan-dee-river",
          "url": null,
          "extraction_method": "phase_b2_curated_extraction",
          "ocr_status": "not_required",
          "location_method": "coordinates_from_source"
        },
        "map_display": false,
        "public_display": true,
        "recovery": null,
        "related_record_ids": [],
        "research_area": "mount-morgan-dee-river",
        "limitations": "Phase B2 documentary extraction",
        "label": "Historical evidence"
      },
      "geometry": null
    },
    {
      "type": "Feature",
      "properties": {
        "record_id": "b2-mount-morgan-dee-river-bore-1",
        "historical_event_id": "c1199786b215ed2f",
        "name": "Mount Morgan goldfield",
        "evidence_type": "ALLUVIAL_WORKING",
        "commodity": "gold",
        "commodity_group": "gold",
        "spatial_precision": "TEXT_ONLY",
        "location_uncertainty_m": null,
        "source_confidence": "medium",
        "location_confidence": "UNRESOLVED",
        "historical_locality": "Mount Morgan goldfield",
        "modern_locality": "Mount Morgan goldfield",
        "year": null,
        "description": "Bore RN 122: YELLOW CLAY BOULDERS GRAVEL AND SAND from 0\u201319.51 m (gravel, sand, clay).",
        "provenance": {
          "authority": "research-data/palaeodrainage/all-regions/mount-morgan-dee/bores/parsed-bores.json",
          "publication": "Palaeodrainage bore lithology parse (Queensland groundwater registry)",
          "date": null,
          "page": null,
          "record_id": "bore-rn-122",
          "url": null,
          "extraction_method": "phase_b2_curated_extraction",
          "ocr_status": "not_required",
          "location_method": "coordinates_from_source"
        },
        "map_display": false,
        "public_display": true,
        "recovery": null,
        "related_record_ids": [],
        "research_area": "mount-morgan-dee-river",
        "limitations": "Phase B2 documentary extraction",
        "label": "Historical evidence"
      },
      "geometry": null
    },
    {
      "type": "Feature",
      "properties": {
        "record_id": "b2-mount-morgan-dee-river-bore-2",
        "historical_event_id": "ae52b918f9c90c2d",
        "name": "Mount Morgan goldfield",
        "evidence_type": "ALLUVIAL_WORKING",
        "commodity": "gold",
        "commodity_group": "gold",
        "spatial_precision": "TEXT_ONLY",
        "location_uncertainty_m": null,
        "source_confidence": "medium",
        "location_confidence": "UNRESOLVED",
        "historical_locality": "Mount Morgan goldfield",
        "modern_locality": "Mount Morgan goldfield",
        "year": null,
        "description": "Bore RN 211: PIPE CLAY from 0\u201314.63 m (clay).",
        "provenance": {
          "authority": "research-data/palaeodrainage/all-regions/mount-morgan-dee/bores/parsed-bores.json",
          "publication": "Palaeodrainage bore lithology parse (Queensland groundwater registry)",
          "date": null,
          "page": null,
          "record_id": "bore-rn-211",
          "url": null,
          "extraction_method": "phase_b2_curated_extraction",
          "ocr_status": "not_required",
          "location_method": "coordinates_from_source"
        },
        "map_display": false,
        "public_display": true,
        "recovery": null,
        "related_record_ids": [],
        "research_area": "mount-morgan-dee-river",
        "limitations": "Phase B2 documentary extraction",
        "label": "Historical evidence"
      },
      "geometry": null
    },
    {
      "type": "Feature",
      "properties": {
        "record_id": "b2-mount-morgan-dee-river-bore-3",
        "historical_event_id": "56568663df13ac1e",
        "name": "Mount Morgan goldfield",
        "evidence_type": "ALLUVIAL_WORKING",
        "commodity": "gold",
        "commodity_group": "gold",
        "spatial_precision": "TEXT_ONLY",
        "location_uncertainty_m": null,
        "source_confidence": "medium",
        "location_confidence": "UNRESOLVED",
        "historical_locality": "Mount Morgan goldfield",
        "modern_locality": "Mount Morgan goldfield",
        "year": null,
        "description": "Bore RN 212: CLAY from 0\u201316.46 m (clay).",
        "provenance": {
          "authority": "research-data/palaeodrainage/all-regions/mount-morgan-dee/bores/parsed-bores.json",
          "publication": "Palaeodrainage bore lithology parse (Queensland groundwater registry)",
          "date": null,
          "page": null,
          "record_id": "bore-rn-212",
          "url": null,
          "extraction_method": "phase_b2_curated_extraction",
          "ocr_status": "not_required",
          "location_method": "coordinates_from_source"
        },
        "map_display": false,
        "public_display": true,
        "recovery": null,
        "related_record_ids": [],
        "research_area": "mount-morgan-dee-river",
        "limitations": "Phase B2 documentary extraction",
        "label": "Historical evidence"
      },
      "geometry": null
    },
    {
      "type": "Feature",
      "properties": {
        "record_id": "b2-mount-morgan-dee-river-bore-4",
        "historical_event_id": "2b7cc2aebbe6be63",
        "name": "Mount Morgan goldfield",
        "evidence_type": "ALLUVIAL_WORKING",
        "commodity": "gold",
        "commodity_group": "gold",
        "spatial_precision": "TEXT_ONLY",
        "location_uncertainty_m": null,
        "source_confidence": "medium",
        "location_confidence": "UNRESOLVED",
        "historical_locality": "Mount Morgan goldfield",
        "modern_locality": "Mount Morgan goldfield",
        "year": null,
        "description": "Bore RN 213: PINK PIPE CLAY from 3.05\u20135.18 m (clay).",
        "provenance": {
          "authority": "research-data/palaeodrainage/all-regions/mount-morgan-dee/bores/parsed-bores.json",
          "publication": "Palaeodrainage bore lithology parse (Queensland groundwater registry)",
          "date": null,
          "page": null,
          "record_id": "bore-rn-213",
          "url": null,
          "extraction_method": "phase_b2_curated_extraction",
          "ocr_status": "not_required",
          "location_method": "coordinates_from_source"
        },
        "map_display": false,
        "public_display": true,
        "recovery": null,
        "related_record_ids": [],
        "research_area": "mount-morgan-dee-river",
        "limitations": "Phase B2 documentary extraction",
        "label": "Historical evidence"
      },
      "geometry": null
    },
    {
      "type": "Feature",
      "properties": {
        "record_id": "b2-mount-morgan-dee-river-bore-5",
        "historical_event_id": "ea094d764dfcb71f",
        "name": "Mount Morgan goldfield",
        "evidence_type": "ALLUVIAL_WORKING",
        "commodity": "gold",
        "commodity_group": "gold",
        "spatial_precision": "TEXT_ONLY",
        "location_uncertainty_m": null,
        "source_confidence": "medium",
        "location_confidence": "UNRESOLVED",
        "historical_locality": "Mount Morgan goldfield",
        "modern_locality": "Mount Morgan goldfield",
        "year": null,
        "description": "Bore RN 214: RED PIPE CLAY from 21.34\u201329.57 m (clay).",
        "provenance": {
          "authority": "research-data/palaeodrainage/all-regions/mount-morgan-dee/bores/parsed-bores.json",
          "publication": "Palaeodrainage bore lithology parse (Queensland groundwater registry)",
          "date": null,
          "page": null,
          "record_id": "bore-rn-214",
          "url": null,
          "extraction_method": "phase_b2_curated_extraction",
          "ocr_status": "not_required",
          "location_method": "coordinates_from_source"
        },
        "map_display": false,
        "public_display": true,
        "recovery": null,
        "related_record_ids": [],
        "research_area": "mount-morgan-dee-river",
        "limitations": "Phase B2 documentary extraction",
        "label": "Historical evidence"
      },
      "geometry": null
    },
    {
      "type": "Feature",
      "properties": {
        "record_id": "b2-mount-morgan-dee-river-cq-1",
        "historical_event_id": "4db2dc710ef7d3d6",
        "name": "AMITY CREEK",
        "evidence_type": "ALLUVIAL_WORKING",
        "commodity": "gold",
        "commodity_group": "gold",
        "spatial_precision": "TEXT_ONLY",
        "location_uncertainty_m": null,
        "source_confidence": "high",
        "location_confidence": "UNRESOLVED",
        "historical_locality": "AMITY CREEK",
        "modern_locality": "AMITY CREEK",
        "year": null,
        "description": "CQ register occurrence 'AMITY CREEK' classified as alluvial_workings, gold_occurrence.",
        "provenance": {
          "authority": "research-data/palaeodrainage/all-regions/mount-morgan-dee-river/reports/cq-diggings-index.geojson",
          "publication": "CQ Diggings register occurrences (palaeodrainage acquisition)",
          "date": null,
          "page": null,
          "record_id": "cq-diggings-index",
          "url": null,
          "extraction_method": "phase_b2_curated_extraction",
          "ocr_status": "not_required",
          "location_method": "coordinates_from_source"
        },
        "map_display": false,
        "public_display": true,
        "recovery": null,
        "related_record_ids": [],
        "research_area": "mount-morgan-dee-river",
        "limitations": "Phase B2 documentary extraction",
        "label": "Historical evidence"
      },
      "geometry": null
    },
    {
      "type": "Feature",
      "properties": {
        "record_id": "b2-mount-morgan-dee-river-cq-2",
        "historical_event_id": "b670dc7c77f6aee8",
        "name": "ANDREWS GULLY PROSPECT",
        "evidence_type": "ALLUVIAL_WORKING",
        "commodity": "gold",
        "commodity_group": "gold",
        "spatial_precision": "TEXT_ONLY",
        "location_uncertainty_m": null,
        "source_confidence": "high",
        "location_confidence": "UNRESOLVED",
        "historical_locality": "ANDREWS GULLY PROSPECT",
        "modern_locality": "ANDREWS GULLY PROSPECT",
        "year": null,
        "description": "CQ register occurrence 'ANDREWS GULLY PROSPECT' classified as alluvial_workings, gold_occurrence.",
        "provenance": {
          "authority": "research-data/palaeodrainage/all-regions/mount-morgan-dee-river/reports/cq-diggings-index.geojson",
          "publication": "CQ Diggings register occurrences (palaeodrainage acquisition)",
          "date": null,
          "page": null,
          "record_id": "cq-diggings-index",
          "url": null,
          "extraction_method": "phase_b2_curated_extraction",
          "ocr_status": "not_required",
          "location_method": "coordinates_from_source"
        },
        "map_display": false,
        "public_display": true,
        "recovery": null,
        "related_record_ids": [],
        "research_area": "mount-morgan-dee-river",
        "limitations": "Phase B2 documentary extraction",
        "label": "Historical evidence"
      },
      "geometry": null
    },
    {
      "type": "Feature",
      "properties": {
        "record_id": "b2-mount-morgan-dee-river-cq-3",
        "historical_event_id": "f12aef4ee0e7ea23",
        "name": "BACK CREEK",
        "evidence_type": "ALLUVIAL_WORKING",
        "commodity": "gold",
        "commodity_group": "gold",
        "spatial_precision": "TEXT_ONLY",
        "location_uncertainty_m": null,
        "source_confidence": "high",
        "location_confidence": "UNRESOLVED",
        "historical_locality": "BACK CREEK",
        "modern_locality": "BACK CREEK",
        "year": null,
        "description": "CQ register occurrence 'BACK CREEK' classified as alluvial_workings, gold_occurrence.",
        "provenance": {
          "authority": "research-data/palaeodrainage/all-regions/mount-morgan-dee-river/reports/cq-diggings-index.geojson",
          "publication": "CQ Diggings register occurrences (palaeodrainage acquisition)",
          "date": null,
          "page": null,
          "record_id": "cq-diggings-index",
          "url": null,
          "extraction_method": "phase_b2_curated_extraction",
          "ocr_status": "not_required",
          "location_method": "coordinates_from_source"
        },
        "map_display": false,
        "public_display": true,
        "recovery": null,
        "related_record_ids": [],
        "research_area": "mount-morgan-dee-river",
        "limitations": "Phase B2 documentary extraction",
        "label": "Historical evidence"
      },
      "geometry": null
    },
    {
      "type": "Feature",
      "properties": {
        "record_id": "b2-mount-morgan-dee-river-cq-4",
        "historical_event_id": "3d67f85d7e63b9e0",
        "name": "BAREE GULLY",
        "evidence_type": "ALLUVIAL_WORKING",
        "commodity": "gold",
        "commodity_group": "gold",
        "spatial_precision": "TEXT_ONLY",
        "location_uncertainty_m": null,
        "source_confidence": "high",
        "location_confidence": "UNRESOLVED",
        "historical_locality": "BAREE GULLY",
        "modern_locality": "BAREE GULLY",
        "year": null,
        "description": "CQ register occurrence 'BAREE GULLY' classified as alluvial_workings, gold_occurrence.",
        "provenance": {
          "authority": "research-data/palaeodrainage/all-regions/mount-morgan-dee-river/reports/cq-diggings-index.geojson",
          "publication": "CQ Diggings register occurrences (palaeodrainage acquisition)",
          "date": null,
          "page": null,
          "record_id": "cq-diggings-index",
          "url": null,
          "extraction_method": "phase_b2_curated_extraction",
          "ocr_status": "not_required",
          "location_method": "coordinates_from_source"
        },
        "map_display": false,
        "public_display": true,
        "recovery": null,
        "related_record_ids": [],
        "research_area": "mount-morgan-dee-river",
        "limitations": "Phase B2 documentary extraction",
        "label": "Historical evidence"
      },
      "geometry": null
    },
    {
      "type": "Feature",
      "properties": {
        "record_id": "b2-mount-morgan-dee-river-cq-5",
        "historical_event_id": "94af2926969f09b5",
        "name": "BAUNTONS",
        "evidence_type": "ALLUVIAL_WORKING",
        "commodity": "gold",
        "commodity_group": "gold",
        "spatial_precision": "TEXT_ONLY",
        "location_uncertainty_m": null,
        "source_confidence": "high",
        "location_confidence": "UNRESOLVED",
        "historical_locality": "BAUNTONS",
        "modern_locality": "BAUNTONS",
        "year": null,
        "description": "CQ register occurrence 'BAUNTONS' classified as alluvial_workings, gold_occurrence.",
        "provenance": {
          "authority": "research-data/palaeodrainage/all-regions/mount-morgan-dee-river/reports/cq-diggings-index.geojson",
          "publication": "CQ Diggings register occurrences (palaeodrainage acquisition)",
          "date": null,
          "page": null,
          "record_id": "cq-diggings-index",
          "url": null,
          "extraction_method": "phase_b2_curated_extraction",
          "ocr_status": "not_required",
          "location_method": "coordinates_from_source"
        },
        "map_display": false,
        "public_display": true,
        "recovery": null,
        "related_record_ids": [],
        "research_area": "mount-morgan-dee-river",
        "limitations": "Phase B2 documentary extraction",
        "label": "Historical evidence"
      },
      "geometry": null
    },
    {
      "type": "Feature",
      "properties": {
        "record_id": "b2-mount-morgan-dee-river-cq-6",
        "historical_event_id": "8ba75cfb90e36afa",
        "name": "BELGIAN FLATS",
        "evidence_type": "ALLUVIAL_WORKING",
        "commodity": "gold",
        "commodity_group": "gold",
        "spatial_precision": "TEXT_ONLY",
        "location_uncertainty_m": null,
        "source_confidence": "high",
        "location_confidence": "UNRESOLVED",
        "historical_locality": "BELGIAN FLATS",
        "modern_locality": "BELGIAN FLATS",
        "year": null,
        "description": "CQ register occurrence 'BELGIAN FLATS' classified as alluvial_workings, gold_occurrence.",
        "provenance": {
          "authority": "research-data/palaeodrainage/all-regions/mount-morgan-dee-river/reports/cq-diggings-index.geojson",
          "publication": "CQ Diggings register occurrences (palaeodrainage acquisition)",
          "date": null,
          "page": null,
          "record_id": "cq-diggings-index",
          "url": null,
          "extraction_method": "phase_b2_curated_extraction",
          "ocr_status": "not_required",
          "location_method": "coordinates_from_source"
        },
        "map_display": false,
        "public_display": true,
        "recovery": null,
        "related_record_ids": [],
        "research_area": "mount-morgan-dee-river",
        "limitations": "Phase B2 documentary extraction",
        "label": "Historical evidence"
      },
      "geometry": null
    },
    {
      "type": "Feature",
      "properties": {
        "record_id": "b2-mount-morgan-dee-river-cq-7",
        "historical_event_id": "7217a935f73f2867",
        "name": "BOTTLE TREE CREEK DIGGINGS",
        "evidence_type": "ALLUVIAL_WORKING",
        "commodity": "gold",
        "commodity_group": "gold",
        "spatial_precision": "TEXT_ONLY",
        "location_uncertainty_m": null,
        "source_confidence": "high",
        "location_confidence": "UNRESOLVED",
        "historical_locality": "BOTTLE TREE CREEK DIGGINGS",
        "modern_locality": "BOTTLE TREE CREEK DIGGINGS",
        "year": null,
        "description": "CQ register occurrence 'BOTTLE TREE CREEK DIGGINGS' classified as alluvial_workings, old_diggings, gold_occurrence.",
        "provenance": {
          "authority": "research-data/palaeodrainage/all-regions/mount-morgan-dee-river/reports/cq-diggings-index.geojson",
          "publication": "CQ Diggings register occurrences (palaeodrainage acquisition)",
          "date": null,
          "page": null,
          "record_id": "cq-diggings-index",
          "url": null,
          "extraction_method": "phase_b2_curated_extraction",
          "ocr_status": "not_required",
          "location_method": "coordinates_from_source"
        },
        "map_display": false,
        "public_display": true,
        "recovery": null,
        "related_record_ids": [],
        "research_area": "mount-morgan-dee-river",
        "limitations": "Phase B2 documentary extraction",
        "label": "Historical evidence"
      },
      "geometry": null
    },
    {
      "type": "Feature",
      "properties": {
        "record_id": "b2-mount-morgan-dee-river-cq-8",
        "historical_event_id": "fdf889a5ef947d8e",
        "name": "BRADY CREEK",
        "evidence_type": "ALLUVIAL_WORKING",
        "commodity": "gold",
        "commodity_group": "gold",
        "spatial_precision": "TEXT_ONLY",
        "location_uncertainty_m": null,
        "source_confidence": "high",
        "location_confidence": "UNRESOLVED",
        "historical_locality": "BRADY CREEK",
        "modern_locality": "BRADY CREEK",
        "year": null,
        "description": "CQ register occurrence 'BRADY CREEK' classified as alluvial_workings, gold_occurrence.",
        "provenance": {
          "authority": "research-data/palaeodrainage/all-regions/mount-morgan-dee-river/reports/cq-diggings-index.geojson",
          "publication": "CQ Diggings register occurrences (palaeodrainage acquisition)",
          "date": null,
          "page": null,
          "record_id": "cq-diggings-index",
          "url": null,
          "extraction_method": "phase_b2_curated_extraction",
          "ocr_status": "not_required",
          "location_method": "coordinates_from_source"
        },
        "map_display": false,
        "public_display": true,
        "recovery": null,
        "related_record_ids": [],
        "research_area": "mount-morgan-dee-river",
        "limitations": "Phase B2 documentary extraction",
        "label": "Historical evidence"
      },
      "geometry": null
    },
    {
      "type": "Feature",
      "properties": {
        "record_id": "b2-mount-morgan-dee-river-cq-9",
        "historical_event_id": "1d8d9490a66ec438",
        "name": "BRILLIANT",
        "evidence_type": "ALLUVIAL_WORKING",
        "commodity": "gold",
        "commodity_group": "gold",
        "spatial_precision": "TEXT_ONLY",
        "location_uncertainty_m": null,
        "source_confidence": "high",
        "location_confidence": "UNRESOLVED",
        "historical_locality": "BRILLIANT",
        "modern_locality": "BRILLIANT",
        "year": null,
        "description": "CQ register occurrence 'BRILLIANT' classified as alluvial_workings, gold_occurrence.",
        "provenance": {
          "authority": "research-data/palaeodrainage/all-regions/mount-morgan-dee-river/reports/cq-diggings-index.geojson",
          "publication": "CQ Diggings register occurrences (palaeodrainage acquisition)",
          "date": null,
          "page": null,
          "record_id": "cq-diggings-index",
          "url": null,
          "extraction_method": "phase_b2_curated_extraction",
          "ocr_status": "not_required",
          "location_method": "coordinates_from_source"
        },
        "map_display": false,
        "public_display": true,
        "recovery": null,
        "related_record_ids": [],
        "research_area": "mount-morgan-dee-river",
        "limitations": "Phase B2 documentary extraction",
        "label": "Historical evidence"
      },
      "geometry": null
    },
    {
      "type": "Feature",
      "properties": {
        "record_id": "b2-mount-morgan-dee-river-cq-10",
        "historical_event_id": "60e5fc9903b98a70",
        "name": "CALEDONIAN",
        "evidence_type": "ALLUVIAL_WORKING",
        "commodity": "gold",
        "commodity_group": "gold",
        "spatial_precision": "TEXT_ONLY",
        "location_uncertainty_m": null,
        "source_confidence": "high",
        "location_confidence": "UNRESOLVED",
        "historical_locality": "CALEDONIAN",
        "modern_locality": "CALEDONIAN",
        "year": null,
        "description": "CQ register occurrence 'CALEDONIAN' classified as alluvial_workings, gold_occurrence.",
        "provenance": {
          "authority": "research-data/palaeodrainage/all-regions/mount-morgan-dee-river/reports/cq-diggings-index.geojson",
          "publication": "CQ Diggings register occurrences (palaeodrainage acquisition)",
          "date": null,
          "page": null,
          "record_id": "cq-diggings-index",
          "url": null,
          "extraction_method": "phase_b2_curated_extraction",
          "ocr_status": "not_required",
          "location_method": "coordinates_from_source"
        },
        "map_display": false,
        "public_display": true,
        "recovery": null,
        "related_record_ids": [],
        "research_area": "mount-morgan-dee-river",
        "limitations": "Phase B2 documentary extraction",
        "label": "Historical evidence"
      },
      "geometry": null
    },
    {
      "type": "Feature",
      "properties": {
        "record_id": "b2-mount-morgan-dee-river-cq-11",
        "historical_event_id": "ef84ed3ded32a04f",
        "name": "CANOONA ALLUVIALS",
        "evidence_type": "ALLUVIAL_WORKING",
        "commodity": "gold",
        "commodity_group": "gold",
        "spatial_precision": "TEXT_ONLY",
        "location_uncertainty_m": null,
        "source_confidence": "high",
        "location_confidence": "UNRESOLVED",
        "historical_locality": "CANOONA ALLUVIALS",
        "modern_locality": "CANOONA ALLUVIALS",
        "year": null,
        "description": "CQ register occurrence 'CANOONA ALLUVIALS' classified as alluvial_workings, gold_occurrence.",
        "provenance": {
          "authority": "research-data/palaeodrainage/all-regions/mount-morgan-dee-river/reports/cq-diggings-index.geojson",
          "publication": "CQ Diggings register occurrences (palaeodrainage acquisition)",
          "date": null,
          "page": null,
          "record_id": "cq-diggings-index",
          "url": null,
          "extraction_method": "phase_b2_curated_extraction",
          "ocr_status": "not_required",
          "location_method": "coordinates_from_source"
        },
        "map_display": false,
        "public_display": true,
        "recovery": null,
        "related_record_ids": [],
        "research_area": "mount-morgan-dee-river",
        "limitations": "Phase B2 documentary extraction",
        "label": "Historical evidence"
      },
      "geometry": null
    },
    {
      "type": "Feature",
      "properties": {
        "record_id": "b2-mount-morgan-dee-river-cq-12",
        "historical_event_id": "6b2bd80787f37fd6",
        "name": "CENTRAL QUEENSLAND CLAIM",
        "evidence_type": "ALLUVIAL_WORKING",
        "commodity": "gold",
        "commodity_group": "gold",
        "spatial_precision": "TEXT_ONLY",
        "location_uncertainty_m": null,
        "source_confidence": "high",
        "location_confidence": "UNRESOLVED",
        "historical_locality": "CENTRAL QUEENSLAND CLAIM",
        "modern_locality": "CENTRAL QUEENSLAND CLAIM",
        "year": null,
        "description": "CQ register occurrence 'CENTRAL QUEENSLAND CLAIM' classified as alluvial_workings, gold_occurrence.",
        "provenance": {
          "authority": "research-data/palaeodrainage/all-regions/mount-morgan-dee-river/reports/cq-diggings-index.geojson",
          "publication": "CQ Diggings register occurrences (palaeodrainage acquisition)",
          "date": null,
          "page": null,
          "record_id": "cq-diggings-index",
          "url": null,
          "extraction_method": "phase_b2_curated_extraction",
          "ocr_status": "not_required",
          "location_method": "coordinates_from_source"
        },
        "map_display": false,
        "public_display": true,
        "recovery": null,
        "related_record_ids": [],
        "research_area": "mount-morgan-dee-river",
        "limitations": "Phase B2 documentary extraction",
        "label": "Historical evidence"
      },
      "geometry": null
    },
    {
      "type": "Feature",
      "properties": {
        "record_id": "b2-mount-morgan-dee-river-cq-13",
        "historical_event_id": "7f91b35ea939493d",
        "name": "CHRISTMAS GIFT",
        "evidence_type": "ALLUVIAL_WORKING",
        "commodity": "gold",
        "commodity_group": "gold",
        "spatial_precision": "TEXT_ONLY",
        "location_uncertainty_m": null,
        "source_confidence": "high",
        "location_confidence": "UNRESOLVED",
        "historical_locality": "CHRISTMAS GIFT",
        "modern_locality": "CHRISTMAS GIFT",
        "year": null,
        "description": "CQ register occurrence 'CHRISTMAS GIFT' classified as alluvial_workings, gold_occurrence.",
        "provenance": {
          "authority": "research-data/palaeodrainage/all-regions/mount-morgan-dee-river/reports/cq-diggings-index.geojson",
          "publication": "CQ Diggings register occurrences (palaeodrainage acquisition)",
          "date": null,
          "page": null,
          "record_id": "cq-diggings-index",
          "url": null,
          "extraction_method": "phase_b2_curated_extraction",
          "ocr_status": "not_required",
          "location_method": "coordinates_from_source"
        },
        "map_display": false,
        "public_display": true,
        "recovery": null,
        "related_record_ids": [],
        "research_area": "mount-morgan-dee-river",
        "limitations": "Phase B2 documentary extraction",
        "label": "Historical evidence"
      },
      "geometry": null
    },
    {
      "type": "Feature",
      "properties": {
        "record_id": "b2-mount-morgan-dee-river-cq-14",
        "historical_event_id": "b2f16101527bcbea",
        "name": "CLIVE CREEK",
        "evidence_type": "ALLUVIAL_WORKING",
        "commodity": "gold",
        "commodity_group": "gold",
        "spatial_precision": "TEXT_ONLY",
        "location_uncertainty_m": null,
        "source_confidence": "high",
        "location_confidence": "UNRESOLVED",
        "historical_locality": "CLIVE CREEK",
        "modern_locality": "CLIVE CREEK",
        "year": null,
        "description": "CQ register occurrence 'CLIVE CREEK' classified as alluvial_workings, gold_occurrence.",
        "provenance": {
          "authority": "research-data/palaeodrainage/all-regions/mount-morgan-dee-river/reports/cq-diggings-index.geojson",
          "publication": "CQ Diggings register occurrences (palaeodrainage acquisition)",
          "date": null,
          "page": null,
          "record_id": "cq-diggings-index",
          "url": null,
          "extraction_method": "phase_b2_curated_extraction",
          "ocr_status": "not_required",
          "location_method": "coordinates_from_source"
        },
        "map_display": false,
        "public_display": true,
        "recovery": null,
        "related_record_ids": [],
        "research_area": "mount-morgan-dee-river",
        "limitations": "Phase B2 documentary extraction",
        "label": "Historical evidence"
      },
      "geometry": null
    },
    {
      "type": "Feature",
      "properties": {
        "record_id": "b2-mount-morgan-dee-river-cq-16",
        "historical_event_id": "c2bb42bcdb1c4884",
        "name": "COX CREEK PROSPECT",
        "evidence_type": "ALLUVIAL_WORKING",
        "commodity": "gold",
        "commodity_group": "gold",
        "spatial_precision": "TEXT_ONLY",
        "location_uncertainty_m": null,
        "source_confidence": "high",
        "location_confidence": "UNRESOLVED",
        "historical_locality": "COX CREEK PROSPECT",
        "modern_locality": "COX CREEK PROSPECT",
        "year": null,
        "description": "CQ register occurrence 'COX CREEK PROSPECT' classified as alluvial_workings, gold_occurrence.",
        "provenance": {
          "authority": "research-data/palaeodrainage/all-regions/mount-morgan-dee-river/reports/cq-diggings-index.geojson",
          "publication": "CQ Diggings register occurrences (palaeodrainage acquisition)",
          "date": null,
          "page": null,
          "record_id": "cq-diggings-index",
          "url": null,
          "extraction_method": "phase_b2_curated_extraction",
          "ocr_status": "not_required",
          "location_method": "coordinates_from_source"
        },
        "map_display": false,
        "public_display": true,
        "recovery": null,
        "related_record_ids": [],
        "research_area": "mount-morgan-dee-river",
        "limitations": "Phase B2 documentary extraction",
        "label": "Historical evidence"
      },
      "geometry": null
    },
    {
      "type": "Feature",
      "properties": {
        "record_id": "b2-mount-morgan-dee-river-cq-17",
        "historical_event_id": "1e560c53fee95bc0",
        "name": "CROCODILE CREEK",
        "evidence_type": "ALLUVIAL_WORKING",
        "commodity": "gold",
        "commodity_group": "gold",
        "spatial_precision": "TEXT_ONLY",
        "location_uncertainty_m": null,
        "source_confidence": "high",
        "location_confidence": "UNRESOLVED",
        "historical_locality": "CROCODILE CREEK",
        "modern_locality": "CROCODILE CREEK",
        "year": null,
        "description": "CQ register occurrence 'CROCODILE CREEK' classified as alluvial_workings, gold_occurrence.",
        "provenance": {
          "authority": "research-data/palaeodrainage/all-regions/mount-morgan-dee-river/reports/cq-diggings-index.geojson",
          "publication": "CQ Diggings register occurrences (palaeodrainage acquisition)",
          "date": null,
          "page": null,
          "record_id": "cq-diggings-index",
          "url": null,
          "extraction_method": "phase_b2_curated_extraction",
          "ocr_status": "not_required",
          "location_method": "coordinates_from_source"
        },
        "map_display": false,
        "public_display": true,
        "recovery": null,
        "related_record_ids": [],
        "research_area": "mount-morgan-dee-river",
        "limitations": "Phase B2 documentary extraction",
        "label": "Historical evidence"
      },
      "geometry": null
    },
    {
      "type": "Feature",
      "properties": {
        "record_id": "b2-mount-morgan-dee-river-cq-18",
        "historical_event_id": "2762fc80673b29f8",
        "name": "CURLEW HILLS",
        "evidence_type": "ALLUVIAL_WORKING",
        "commodity": "gold",
        "commodity_group": "gold",
        "spatial_precision": "TEXT_ONLY",
        "location_uncertainty_m": null,
        "source_confidence": "high",
        "location_confidence": "UNRESOLVED",
        "historical_locality": "CURLEW HILLS",
        "modern_locality": "CURLEW HILLS",
        "year": null,
        "description": "CQ register occurrence 'CURLEW HILLS' classified as alluvial_workings, gold_occurrence.",
        "provenance": {
          "authority": "research-data/palaeodrainage/all-regions/mount-morgan-dee-river/reports/cq-diggings-index.geojson",
          "publication": "CQ Diggings register occurrences (palaeodrainage acquisition)",
          "date": null,
          "page": null,
          "record_id": "cq-diggings-index",
          "url": null,
          "extraction_method": "phase_b2_curated_extraction",
          "ocr_status": "not_required",
          "location_method": "coordinates_from_source"
        },
        "map_display": false,
        "public_display": true,
        "recovery": null,
        "related_record_ids": [],
        "research_area": "mount-morgan-dee-river",
        "limitations": "Phase B2 documentary extraction",
        "label": "Historical evidence"
      },
      "geometry": null
    },
    {
      "type": "Feature",
      "properties": {
        "record_id": "b2-mount-morgan-dee-river-cq-19",
        "historical_event_id": "e80bdfcdbe037663",
        "name": "DEADMAN'S GULLY",
        "evidence_type": "ALLUVIAL_WORKING",
        "commodity": "gold",
        "commodity_group": "gold",
        "spatial_precision": "TEXT_ONLY",
        "location_uncertainty_m": null,
        "source_confidence": "high",
        "location_confidence": "UNRESOLVED",
        "historical_locality": "DEADMAN'S GULLY",
        "modern_locality": "DEADMAN'S GULLY",
        "year": null,
        "description": "CQ register occurrence 'DEADMAN'S GULLY' classified as alluvial_workings, gold_occurrence.",
        "provenance": {
          "authority": "research-data/palaeodrainage/all-regions/mount-morgan-dee-river/reports/cq-diggings-index.geojson",
          "publication": "CQ Diggings register occurrences (palaeodrainage acquisition)",
          "date": null,
          "page": null,
          "record_id": "cq-diggings-index",
          "url": null,
          "extraction_method": "phase_b2_curated_extraction",
          "ocr_status": "not_required",
          "location_method": "coordinates_from_source"
        },
        "map_display": false,
        "public_display": true,
        "recovery": null,
        "related_record_ids": [],
        "research_area": "mount-morgan-dee-river",
        "limitations": "Phase B2 documentary extraction",
        "label": "Historical evidence"
      },
      "geometry": null
    },
    {
      "type": "Feature",
      "properties": {
        "record_id": "b2-mount-morgan-dee-river-cq-20",
        "historical_event_id": "fa46d2e65c5184b5",
        "name": "DEE RIVER ALLUVIALS",
        "evidence_type": "ALLUVIAL_WORKING",
        "commodity": "gold",
        "commodity_group": "gold",
        "spatial_precision": "TEXT_ONLY",
        "location_uncertainty_m": null,
        "source_confidence": "high",
        "location_confidence": "UNRESOLVED",
        "historical_locality": "DEE RIVER ALLUVIALS",
        "modern_locality": "DEE RIVER ALLUVIALS",
        "year": null,
        "description": "CQ register occurrence 'DEE RIVER ALLUVIALS' classified as alluvial_workings, gold_occurrence.",
        "provenance": {
          "authority": "research-data/palaeodrainage/all-regions/mount-morgan-dee-river/reports/cq-diggings-index.geojson",
          "publication": "CQ Diggings register occurrences (palaeodrainage acquisition)",
          "date": null,
          "page": null,
          "record_id": "cq-diggings-index",
          "url": null,
          "extraction_method": "phase_b2_curated_extraction",
          "ocr_status": "not_required",
          "location_method": "coordinates_from_source"
        },
        "map_display": false,
        "public_display": true,
        "recovery": null,
        "related_record_ids": [],
        "research_area": "mount-morgan-dee-river",
        "limitations": "Phase B2 documentary extraction",
        "label": "Historical evidence"
      },
      "geometry": null
    },
    {
      "type": "Feature",
      "properties": {
        "record_id": "b2-mount-morgan-dee-river-cq-21",
        "historical_event_id": "2e4f901ce593fc0b",
        "name": "DIGGERS CREEK",
        "evidence_type": "ALLUVIAL_WORKING",
        "commodity": "gold",
        "commodity_group": "gold",
        "spatial_precision": "TEXT_ONLY",
        "location_uncertainty_m": null,
        "source_confidence": "high",
        "location_confidence": "UNRESOLVED",
        "historical_locality": "DIGGERS CREEK",
        "modern_locality": "DIGGERS CREEK",
        "year": null,
        "description": "CQ register occurrence 'DIGGERS CREEK' classified as alluvial_workings, gold_occurrence.",
        "provenance": {
          "authority": "research-data/palaeodrainage/all-regions/mount-morgan-dee-river/reports/cq-diggings-index.geojson",
          "publication": "CQ Diggings register occurrences (palaeodrainage acquisition)",
          "date": null,
          "page": null,
          "record_id": "cq-diggings-index",
          "url": null,
          "extraction_method": "phase_b2_curated_extraction",
          "ocr_status": "not_required",
          "location_method": "coordinates_from_source"
        },
        "map_display": false,
        "public_display": true,
        "recovery": null,
        "related_record_ids": [],
        "research_area": "mount-morgan-dee-river",
        "limitations": "Phase B2 documentary extraction",
        "label": "Historical evidence"
      },
      "geometry": null
    },
    {
      "type": "Feature",
      "properties": {
        "record_id": "b2-mount-morgan-dee-river-cq-22",
        "historical_event_id": "a039effb6bbedeb6",
        "name": "DIGGERS DIVE",
        "evidence_type": "ALLUVIAL_WORKING",
        "commodity": "gold",
        "commodity_group": "gold",
        "spatial_precision": "TEXT_ONLY",
        "location_uncertainty_m": null,
        "source_confidence": "high",
        "location_confidence": "UNRESOLVED",
        "historical_locality": "DIGGERS DIVE",
        "modern_locality": "DIGGERS DIVE",
        "year": null,
        "description": "CQ register occurrence 'DIGGERS DIVE' classified as alluvial_workings, gold_occurrence.",
        "provenance": {
          "authority": "research-data/palaeodrainage/all-regions/mount-morgan-dee-river/reports/cq-diggings-index.geojson",
          "publication": "CQ Diggings register occurrences (palaeodrainage acquisition)",
          "date": null,
          "page": null,
          "record_id": "cq-diggings-index",
          "url": null,
          "extraction_method": "phase_b2_curated_extraction",
          "ocr_status": "not_required",
          "location_method": "coordinates_from_source"
        },
        "map_display": false,
        "public_display": true,
        "recovery": null,
        "related_record_ids": [],
        "research_area": "mount-morgan-dee-river",
        "limitations": "Phase B2 documentary extraction",
        "label": "Historical evidence"
      },
      "geometry": null
    },
    {
      "type": "Feature",
      "properties": {
        "record_id": "b2-mount-morgan-dee-river-cq-23",
        "historical_event_id": "99919b1a20ea5f02",
        "name": "DON",
        "evidence_type": "ALLUVIAL_WORKING",
        "commodity": "gold",
        "commodity_group": "gold",
        "spatial_precision": "TEXT_ONLY",
        "location_uncertainty_m": null,
        "source_confidence": "high",
        "location_confidence": "UNRESOLVED",
        "historical_locality": "DON",
        "modern_locality": "DON",
        "year": null,
        "description": "CQ register occurrence 'DON' classified as alluvial_workings, gold_occurrence.",
        "provenance": {
          "authority": "research-data/palaeodrainage/all-regions/mount-morgan-dee-river/reports/cq-diggings-index.geojson",
          "publication": "CQ Diggings register occurrences (palaeodrainage acquisition)",
          "date": null,
          "page": null,
          "record_id": "cq-diggings-index",
          "url": null,
          "extraction_method": "phase_b2_curated_extraction",
          "ocr_status": "not_required",
          "location_method": "coordinates_from_source"
        },
        "map_display": false,
        "public_display": true,
        "recovery": null,
        "related_record_ids": [],
        "research_area": "mount-morgan-dee-river",
        "limitations": "Phase B2 documentary extraction",
        "label": "Historical evidence"
      },
      "geometry": null
    },
    {
      "type": "Feature",
      "properties": {
        "record_id": "b2-gympie-003",
        "historical_event_id": "c8bf2dd257c9ac4c",
        "name": "Gympie",
        "evidence_type": "ALLUVIAL_WORKING",
        "commodity": "gold",
        "commodity_group": "gold",
        "spatial_precision": "TEXT_ONLY",
        "location_uncertainty_m": null,
        "source_confidence": "high",
        "location_confidence": "UNRESOLVED",
        "historical_locality": "Gympie",
        "modern_locality": "Gympie",
        "year": 1870,
        "description": "Early geological map showing gold workings, alluvial and river drift, slates and sandstone, greenstone, reefs, and fossiliferous greenstone \u2014 relief by hachures. Inset: Gympie mining district boundaries proclaimed Oct 1868.",
        "provenance": {
          "authority": "National Library of Australia catalogue 3409476; Queensland Government Engraving Office",
          "publication": "Map of the Gympie gold fields, Southern Queensland \u2014 T.R. Hacket mining surveyor 1870",
          "date": "1870",
          "page": null,
          "record_id": "hacket-1870",
          "url": null,
          "extraction_method": "phase_b2_curated_extraction",
          "ocr_status": "not_required",
          "location_method": "coordinates_from_source"
        },
        "map_display": false,
        "public_display": true,
        "recovery": null,
        "related_record_ids": [],
        "research_area": "gympie",
        "limitations": "Phase B2 documentary extraction",
        "label": "Historical evidence"
      },
      "geometry": null
    },
    {
      "type": "Feature",
      "properties": {
        "record_id": "b2-gympie-006",
        "historical_event_id": "b6c0ffdf61ecc944",
        "name": "Mary River; Deep Creek; Kandanga Creek",
        "evidence_type": "WORKED_CREEK",
        "commodity": "gold",
        "commodity_group": "gold",
        "spatial_precision": "TEXT_ONLY",
        "location_uncertainty_m": null,
        "source_confidence": "high",
        "location_confidence": "UNRESOLVED",
        "historical_locality": "Mary River; Deep Creek; Kandanga Creek",
        "modern_locality": "Mary River; Deep Creek; Kandanga Creek",
        "year": 1909,
        "description": "Dunstan (1909) documents Gympie gold from reef lodes and from alluvial/river drift along Mary River tributaries \u2014 establishes drainage-linked alluvial production coeval with hard-rock mining on the field.",
        "provenance": {
          "authority": "Queensland Geological Survey 1909 Dunstan Gympie report",
          "publication": "Report on Gympie Goldfield by B Dunstan, Government Geologist 1909",
          "date": "1909",
          "page": null,
          "record_id": "dunstan-1909",
          "url": null,
          "extraction_method": "phase_b2_curated_extraction",
          "ocr_status": "not_required",
          "location_method": "coordinates_from_source"
        },
        "map_display": false,
        "public_display": true,
        "recovery": null,
        "related_record_ids": [],
        "research_area": "gympie",
        "limitations": "Phase B2 documentary extraction",
        "label": "Historical evidence"
      },
      "geometry": null
    },
    {
      "type": "Feature",
      "properties": {
        "record_id": "b2-gympie-hw-10",
        "historical_event_id": "f17daa926d905ed9",
        "name": "101KM SE OF MT ISA, 13KM NE OF MALBON",
        "evidence_type": "ALLUVIAL_WORKING",
        "commodity": "gold",
        "commodity_group": "gold",
        "spatial_precision": "TEXT_ONLY",
        "location_uncertainty_m": null,
        "source_confidence": "high",
        "location_confidence": "UNRESOLVED",
        "historical_locality": "101KM SE OF MT ISA, 13KM NE OF MALBON",
        "modern_locality": "101KM SE OF MT ISA, 13KM NE OF MALBON",
        "year": null,
        "description": "Historic working 'TWO MILE DIGGINGS' (alluvial_working) \u2014 101KM SE OF MT ISA, 13KM NE OF MALBON.",
        "provenance": {
          "authority": "data/statewide/historic-workings-index.json",
          "publication": "Statewide historic workings index",
          "date": null,
          "page": null,
          "record_id": "506582",
          "url": null,
          "extraction_method": "phase_b2_curated_extraction",
          "ocr_status": "not_required",
          "location_method": "coordinates_from_source"
        },
        "map_display": false,
        "public_display": true,
        "recovery": null,
        "related_record_ids": [],
        "research_area": "gympie",
        "limitations": "Phase B2 documentary extraction",
        "label": "Historical evidence"
      },
      "geometry": null
    },
    {
      "type": "Feature",
      "properties": {
        "record_id": "minocc-gold-487849",
        "historical_event_id": "c7b671a086b7cd81",
        "name": "ALEXANDRA",
        "evidence_type": "ALLUVIAL_WORKING",
        "commodity": "gold",
        "commodity_group": "gold",
        "spatial_precision": "APPROXIMATE_POINT",
        "location_uncertainty_m": 50.0,
        "source_confidence": "high",
        "location_confidence": "APPROXIMATE",
        "historical_locality": "AT HEAD OF NUGGETY GULLY, 7.8 KM SE OF CALLIOPE",
        "modern_locality": "AT HEAD OF NUGGETY GULLY, 7.8 KM SE OF CALLIOPE",
        "year": null,
        "description": "30M LONG X 3M WIDE X >15M DEEP.; MINE; ABANDONED MINE",
        "provenance": {
          "authority": "Queensland Government MINOCC",
          "publication": "Mining Resources register",
          "date": null,
          "page": null,
          "record_id": "487849",
          "url": "https://spatial-gis.information.qld.gov.au/arcgis/rest/services/GeoscientificInformation/MiningResources/MapServer",
          "extraction_method": "automated_inventory",
          "ocr_status": "not_required",
          "location_method": "GPS OBSERVATION (AMG-84)"
        },
        "map_display": true,
        "public_display": true,
        "recovery": null,
        "related_record_ids": [
          "487849"
        ],
        "research_area": "calliope-gladstone",
        "limitations": "Government occurrence \u2014 not proof of remaining gold",
        "label": "Historical evidence"
      },
      "geometry": {
        "type": "Point",
        "coordinates": [
          151.23914099964162,
          -24.060497221753767
        ]
      }
    },
    {
      "type": "Feature",
      "properties": {
        "record_id": "minocc-gold-493304",
        "historical_event_id": "3f289388a9b8b3d0",
        "name": "AMITY CREEK",
        "evidence_type": "ALLUVIAL_WORKING",
        "commodity": "gold",
        "commodity_group": "gold",
        "spatial_precision": "APPROXIMATE_POINT",
        "location_uncertainty_m": 200.0,
        "source_confidence": "high",
        "location_confidence": "APPROXIMATE",
        "historical_locality": "EAST OF THE BROADSOUND RANGES.",
        "modern_locality": "EAST OF THE BROADSOUND RANGES.",
        "year": null,
        "description": "OUTCROP; MINERAL OCCURRENCE",
        "provenance": {
          "authority": "Queensland Government MINOCC",
          "publication": "Mining Resources register",
          "date": null,
          "page": null,
          "record_id": "493304",
          "url": "https://spatial-gis.information.qld.gov.au/arcgis/rest/services/GeoscientificInformation/MiningResources/MapServer",
          "extraction_method": "automated_inventory",
          "ocr_status": "not_required",
          "location_method": "REPORT (UNPUBLISHED)"
        },
        "map_display": true,
        "public_display": true,
        "recovery": null,
        "related_record_ids": [
          "493304"
        ],
        "research_area": "mount-morgan-dee-river",
        "limitations": "Government occurrence \u2014 not proof of remaining gold",
        "label": "Historical evidence"
      },
      "geometry": {
        "type": "Point",
        "coordinates": [
          149.45136111120715,
          -22.542277110537363
        ]
      }
    },
    {
      "type": "Feature",
      "properties": {
        "record_id": "minocc-gold-485903",
        "historical_event_id": "6014b41db11a5056",
        "name": "ANDREWS GULLY PROSPECT",
        "evidence_type": "ALLUVIAL_WORKING",
        "commodity": "gold",
        "commodity_group": "gold",
        "spatial_precision": "APPROXIMATE_POINT",
        "location_uncertainty_m": 100.0,
        "source_confidence": "high",
        "location_confidence": "APPROXIMATE",
        "historical_locality": "23.5 KM NE OF CALLIDE DAM",
        "modern_locality": "23.5 KM NE OF CALLIDE DAM",
        "year": null,
        "description": "PROSPECT; MINERAL OCCURRENCE",
        "provenance": {
          "authority": "Queensland Government MINOCC",
          "publication": "Mining Resources register",
          "date": null,
          "page": null,
          "record_id": "485903",
          "url": "https://spatial-gis.information.qld.gov.au/arcgis/rest/services/GeoscientificInformation/MiningResources/MapServer",
          "extraction_method": "automated_inventory",
          "ocr_status": "not_required",
          "location_method": "TOPOGRAPHIC MAP (1:100 000 SCALE) (100M ACCURACY)"
        },
        "map_display": true,
        "public_display": true,
        "recovery": null,
        "related_record_ids": [
          "485903"
        ],
        "research_area": "mount-morgan-dee-river",
        "limitations": "Government occurrence \u2014 not proof of remaining gold",
        "label": "Historical evidence"
      },
      "geometry": {
        "type": "Point",
        "coordinates": [
          150.74846044414343,
          -24.198221554880007
        ]
      }
    },
    {
      "type": "Feature",
      "properties": {
        "record_id": "minocc-gold-40790",
        "historical_event_id": "70614aa1e472a0bb",
        "name": "ARROW",
        "evidence_type": "ALLUVIAL_WORKING",
        "commodity": "gold",
        "commodity_group": "gold",
        "spatial_precision": "APPROXIMATE_POINT",
        "location_uncertainty_m": 300.0,
        "source_confidence": "high",
        "location_confidence": "APPROXIMATE",
        "historical_locality": "44 KM SE OF MONTEAGLE HOMESTEAD",
        "modern_locality": "44 KM SE OF MONTEAGLE HOMESTEAD",
        "year": null,
        "description": "STREAM/CREEK/RIVER; MINERAL OCCURRENCE",
        "provenance": {
          "authority": "Queensland Government MINOCC",
          "publication": "Mining Resources register",
          "date": null,
          "page": null,
          "record_id": "40790",
          "url": "https://spatial-gis.information.qld.gov.au/arcgis/rest/services/GeoscientificInformation/MiningResources/MapServer",
          "extraction_method": "automated_inventory",
          "ocr_status": "not_required",
          "location_method": "BASED ON DEPARTMENTAL TENURE LOCATION SYSTEM"
        },
        "map_display": true,
        "public_display": true,
        "recovery": null,
        "related_record_ids": [
          "40790"
        ],
        "research_area": "clermont-blair-athol",
        "limitations": "Government occurrence \u2014 not proof of remaining gold",
        "label": "Historical evidence"
      },
      "geometry": {
        "type": "Point",
        "coordinates": [
          147.44142155597194,
          -22.862936110523037
        ]
      }
    },
    {
      "type": "Feature",
      "properties": {
        "record_id": "minocc-gold-488556",
        "historical_event_id": "2999bb3a8590295f",
        "name": "BACK CREEK",
        "evidence_type": "ALLUVIAL_WORKING",
        "commodity": "gold",
        "commodity_group": "gold",
        "spatial_precision": "APPROXIMATE_POINT",
        "location_uncertainty_m": 100.0,
        "source_confidence": "high",
        "location_confidence": "APPROXIMATE",
        "historical_locality": "30KM W OF RIDGELANDS.",
        "modern_locality": "30KM W OF RIDGELANDS.",
        "year": null,
        "description": "OUTCROP; MINERAL OCCURRENCE",
        "provenance": {
          "authority": "Queensland Government MINOCC",
          "publication": "Mining Resources register",
          "date": null,
          "page": null,
          "record_id": "488556",
          "url": "https://spatial-gis.information.qld.gov.au/arcgis/rest/services/GeoscientificInformation/MiningResources/MapServer",
          "extraction_method": "automated_inventory",
          "ocr_status": "not_required",
          "location_method": "TOPOGRAPHIC MAP (1:100 000 SCALE) (100M ACCURACY)"
        },
        "map_display": true,
        "public_display": true,
        "recovery": null,
        "related_record_ids": [
          "488556"
        ],
        "research_area": "mount-morgan-dee-river",
        "limitations": "Government occurrence \u2014 not proof of remaining gold",
        "label": "Historical evidence"
      },
      "geometry": {
        "type": "Point",
        "coordinates": [
          149.99276044403368,
          -23.302038888079593
        ]
      }
    },
    {
      "type": "Feature",
      "properties": {
        "record_id": "minocc-gold-524718",
        "historical_event_id": "83da4d776f937acd",
        "name": "BALD HILL LEAD",
        "evidence_type": "ALLUVIAL_WORKING",
        "commodity": "gold",
        "commodity_group": "gold",
        "spatial_precision": "APPROXIMATE_POINT",
        "location_uncertainty_m": 100.0,
        "source_confidence": "high",
        "location_confidence": "APPROXIMATE",
        "historical_locality": "3 KM S OF CLERMONT",
        "modern_locality": "3 KM S OF CLERMONT",
        "year": null,
        "description": "600M LONG; ALLUVIAL WORKINGS; ABANDONED MINE",
        "provenance": {
          "authority": "Queensland Government MINOCC",
          "publication": "Mining Resources register",
          "date": null,
          "page": null,
          "record_id": "524718",
          "url": "https://spatial-gis.information.qld.gov.au/arcgis/rest/services/GeoscientificInformation/MiningResources/MapServer",
          "extraction_method": "automated_inventory",
          "ocr_status": "not_required",
          "location_method": "DIGITISED FROM AIRPHOTO COMPILATION SHEET"
        },
        "map_display": true,
        "public_display": true,
        "recovery": null,
        "related_record_ids": [
          "524718"
        ],
        "research_area": "clermont-blair-athol",
        "limitations": "Government occurrence \u2014 not proof of remaining gold",
        "label": "Historical evidence"
      },
      "geometry": {
        "type": "Point",
        "coordinates": [
          147.6534583338295,
          -22.862152776935947
        ]
      }
    },
    {
      "type": "Feature",
      "properties": {
        "record_id": "minocc-gold-524735",
        "historical_event_id": "a70eb2e37f729c45",
        "name": "BAMFORDS GULLY",
        "evidence_type": "ALLUVIAL_WORKING",
        "commodity": "gold",
        "commodity_group": "gold",
        "spatial_precision": "APPROXIMATE_POINT",
        "location_uncertainty_m": 200.0,
        "source_confidence": "high",
        "location_confidence": "APPROXIMATE",
        "historical_locality": "5 KM S OF CLERMONT",
        "modern_locality": "5 KM S OF CLERMONT",
        "year": null,
        "description": "650M LONG; ALLUVIAL WORKINGS; ABANDONED MINE",
        "provenance": {
          "authority": "Queensland Government MINOCC",
          "publication": "Mining Resources register",
          "date": null,
          "page": null,
          "record_id": "524735",
          "url": "https://spatial-gis.information.qld.gov.au/arcgis/rest/services/GeoscientificInformation/MiningResources/MapServer",
          "extraction_method": "automated_inventory",
          "ocr_status": "not_required",
          "location_method": "DIGITISED FROM AIRPHOTO COMPILATION SHEET"
        },
        "map_display": true,
        "public_display": true,
        "recovery": null,
        "related_record_ids": [
          "524735"
        ],
        "research_area": "clermont-blair-athol",
        "limitations": "Government occurrence \u2014 not proof of remaining gold",
        "label": "Historical evidence"
      },
      "geometry": {
        "type": "Point",
        "coordinates": [
          147.6371632222163,
          -22.87133199914228
        ]
      }
    },
    {
      "type": "Feature",
      "properties": {
        "record_id": "minocc-gold-524721",
        "historical_event_id": "11ab48e0741cba14",
        "name": "BAMFORDS HILL LEAD",
        "evidence_type": "ALLUVIAL_WORKING",
        "commodity": "gold",
        "commodity_group": "gold",
        "spatial_precision": "APPROXIMATE_POINT",
        "location_uncertainty_m": 50.0,
        "source_confidence": "high",
        "location_confidence": "APPROXIMATE",
        "historical_locality": "5 KM S OF CLERMONT",
        "modern_locality": "5 KM S OF CLERMONT",
        "year": null,
        "description": "ALLUVIAL WORKINGS; ABANDONED MINE",
        "provenance": {
          "authority": "Queensland Government MINOCC",
          "publication": "Mining Resources register",
          "date": null,
          "page": null,
          "record_id": "524721",
          "url": "https://spatial-gis.information.qld.gov.au/arcgis/rest/services/GeoscientificInformation/MiningResources/MapServer",
          "extraction_method": "automated_inventory",
          "ocr_status": "not_required",
          "location_method": "DIGITISED FROM AIRPHOTO COMPILATION SHEET"
        },
        "map_display": true,
        "public_display": true,
        "recovery": null,
        "related_record_ids": [
          "524721"
        ],
        "research_area": "clermont-blair-athol",
        "limitations": "Government occurrence \u2014 not proof of remaining gold",
        "label": "Historical evidence"
      },
      "geometry": {
        "type": "Point",
        "coordinates": [
          147.648354888513,
          -22.88549655514568
        ]
      }
    },
    {
      "type": "Feature",
      "properties": {
        "record_id": "minocc-gold-545182",
        "historical_event_id": "3dbf8da0e897694d",
        "name": "BARE ARSE GULLY",
        "evidence_type": "ALLUVIAL_WORKING",
        "commodity": "gold",
        "commodity_group": "gold",
        "spatial_precision": "APPROXIMATE_POINT",
        "location_uncertainty_m": 200.0,
        "source_confidence": "high",
        "location_confidence": "APPROXIMATE",
        "historical_locality": "46.2KM SW OF ROSEDALE",
        "modern_locality": "46.2KM SW OF ROSEDALE",
        "year": null,
        "description": "STREAM/CREEK/RIVER; ABANDONED MINE",
        "provenance": {
          "authority": "Queensland Government MINOCC",
          "publication": "Mining Resources register",
          "date": null,
          "page": null,
          "record_id": "545182",
          "url": "https://spatial-gis.information.qld.gov.au/arcgis/rest/services/GeoscientificInformation/MiningResources/MapServer",
          "extraction_method": "automated_inventory",
          "ocr_status": "not_required",
          "location_method": "REPORT (UNPUBLISHED)"
        },
        "map_display": true,
        "public_display": true,
        "recovery": null,
        "related_record_ids": [
          "545182"
        ],
        "research_area": "calliope-gladstone",
        "limitations": "Government occurrence \u2014 not proof of remaining gold",
        "label": "Historical evidence"
      },
      "geometry": {
        "type": "Point",
        "coordinates": [
          151.5947604444747,
          -24.927784777228425
        ]
      }
    },
    {
      "type": "Feature",
      "properties": {
        "record_id": "minocc-gold-486088",
        "historical_event_id": "64272d42419f3843",
        "name": "BAREE GULLY",
        "evidence_type": "ALLUVIAL_WORKING",
        "commodity": "gold",
        "commodity_group": "gold",
        "spatial_precision": "APPROXIMATE_POINT",
        "location_uncertainty_m": 100.0,
        "source_confidence": "high",
        "location_confidence": "APPROXIMATE",
        "historical_locality": "UPPER MANTON CREEK, 30 KM SSW OF MARMOR",
        "modern_locality": "UPPER MANTON CREEK, 30 KM SSW OF MARMOR",
        "year": null,
        "description": "10.6M DEEP.; MINE; ABANDONED MINE",
        "provenance": {
          "authority": "Queensland Government MINOCC",
          "publication": "Mining Resources register",
          "date": null,
          "page": null,
          "record_id": "486088",
          "url": "https://spatial-gis.information.qld.gov.au/arcgis/rest/services/GeoscientificInformation/MiningResources/MapServer",
          "extraction_method": "automated_inventory",
          "ocr_status": "not_required",
          "location_method": "TOPOGRAPHIC MAP (SCALE UNSPECIFIED)"
        },
        "map_display": true,
        "public_display": true,
        "recovery": null,
        "related_record_ids": [
          "486088"
        ],
        "research_area": "mount-morgan-dee-river",
        "limitations": "Government occurrence \u2014 not proof of remaining gold",
        "label": "Historical evidence"
      },
      "geometry": {
        "type": "Point",
        "coordinates": [
          150.64680488933664,
          -23.94482433222075
        ]
      }
    },
    {
      "type": "Feature",
      "properties": {
        "record_id": "minocc-gold-44551",
        "historical_event_id": "adb0faa3bb1cbb33",
        "name": "BASALT HILL DIGGINGS",
        "evidence_type": "ALLUVIAL_WORKING",
        "commodity": "gold",
        "commodity_group": "gold",
        "spatial_precision": "APPROXIMATE_POINT",
        "location_uncertainty_m": 200.0,
        "source_confidence": "high",
        "location_confidence": "APPROXIMATE",
        "historical_locality": "13.7 KM WNW OF ANAKIE.",
        "modern_locality": "13.7 KM WNW OF ANAKIE.",
        "year": null,
        "description": "10 DEEP; MINE; ABANDONED MINE",
        "provenance": {
          "authority": "Queensland Government MINOCC",
          "publication": "Mining Resources register",
          "date": null,
          "page": null,
          "record_id": "44551",
          "url": "https://spatial-gis.information.qld.gov.au/arcgis/rest/services/GeoscientificInformation/MiningResources/MapServer",
          "extraction_method": "automated_inventory",
          "ocr_status": "not_required",
          "location_method": "TOPOGRAPHIC MAP (SCALE UNSPECIFIED)"
        },
        "map_display": true,
        "public_display": true,
        "recovery": null,
        "related_record_ids": [
          "44551"
        ],
        "research_area": "clermont-blair-athol",
        "limitations": "Government occurrence \u2014 not proof of remaining gold",
        "label": "Historical evidence"
      },
      "geometry": {
        "type": "Point",
        "coordinates": [
          147.61782088868395,
          -23.51520277739244
        ]
      }
    },
    {
      "type": "Feature",
      "properties": {
        "record_id": "minocc-gold-485582",
        "historical_event_id": "9abaaadc2ee7fd86",
        "name": "BAUNTONS",
        "evidence_type": "ALLUVIAL_WORKING",
        "commodity": "gold",
        "commodity_group": "gold",
        "spatial_precision": "APPROXIMATE_POINT",
        "location_uncertainty_m": 100.0,
        "source_confidence": "high",
        "location_confidence": "APPROXIMATE",
        "historical_locality": "AT HEAD OF MAXWELLTON CREEK, 12 KM S OF DAWSON HIGHWAY",
        "modern_locality": "AT HEAD OF MAXWELLTON CREEK, 12 KM S OF DAWSON HIGHWAY",
        "year": null,
        "description": "2M LONG X 2M WIDE X >1.5M DEEP; MINE; ABANDONED MINE",
        "provenance": {
          "authority": "Queensland Government MINOCC",
          "publication": "Mining Resources register",
          "date": null,
          "page": null,
          "record_id": "485582",
          "url": "https://spatial-gis.information.qld.gov.au/arcgis/rest/services/GeoscientificInformation/MiningResources/MapServer",
          "extraction_method": "automated_inventory",
          "ocr_status": "not_required",
          "location_method": "GPS OBSERVATION (AMG-84)"
        },
        "map_display": true,
        "public_display": true,
        "recovery": null,
        "related_record_ids": [
          "485582"
        ],
        "research_area": "mount-morgan-dee-river",
        "limitations": "Government occurrence \u2014 not proof of remaining gold",
        "label": "Historical evidence"
      },
      "geometry": {
        "type": "Point",
        "coordinates": [
          150.85634722190704,
          -24.195382666034234
        ]
      }
    },
    {
      "type": "Feature",
      "properties": {
        "record_id": "minocc-gold-486559",
        "historical_event_id": "d506ee515f0bd2e2",
        "name": "BELGIAN FLATS",
        "evidence_type": "ALLUVIAL_WORKING",
        "commodity": "gold",
        "commodity_group": "gold",
        "spatial_precision": "APPROXIMATE_POINT",
        "location_uncertainty_m": 200.0,
        "source_confidence": "high",
        "location_confidence": "APPROXIMATE",
        "historical_locality": "9.6 KM SSEOF RAGLAN",
        "modern_locality": "9.6 KM SSEOF RAGLAN",
        "year": null,
        "description": "200M LONG X 100M WIDE X 0.5M DEEP; ALLUVIAL WORKINGS; ABANDONED MINE",
        "provenance": {
          "authority": "Queensland Government MINOCC",
          "publication": "Mining Resources register",
          "date": null,
          "page": null,
          "record_id": "486559",
          "url": "https://spatial-gis.information.qld.gov.au/arcgis/rest/services/GeoscientificInformation/MiningResources/MapServer",
          "extraction_method": "automated_inventory",
          "ocr_status": "not_required",
          "location_method": "TOPOGRAPHIC MAP (1:100 000 SCALE) (100M ACCURACY)"
        },
        "map_display": true,
        "public_display": true,
        "recovery": null,
        "related_record_ids": [
          "486559"
        ],
        "research_area": "mount-morgan-dee-river",
        "limitations": "Government occurrence \u2014 not proof of remaining gold",
        "label": "Historical evidence"
      },
      "geometry": {
        "type": "Point",
        "coordinates": [
          150.84657711142162,
          -23.803316666160246
        ]
      }
    },
    {
      "type": "Feature",
      "properties": {
        "record_id": "minocc-gold-546028",
        "historical_event_id": "1b3c7c770af847a9",
        "name": "BELL'S GULLY",
        "evidence_type": "ALLUVIAL_WORKING",
        "commodity": "gold",
        "commodity_group": "gold",
        "spatial_precision": "PRECISE_POINT",
        "location_uncertainty_m": 10.0,
        "source_confidence": "high",
        "location_confidence": "HIGH_CONFIDENCE",
        "historical_locality": "7KM WNW OF MOUNT PERRY",
        "modern_locality": "7KM WNW OF MOUNT PERRY",
        "year": null,
        "description": "25M LONG X 1.5M WIDE X >1.5M DEEP; MINE; ABANDONED MINE",
        "provenance": {
          "authority": "Queensland Government MINOCC",
          "publication": "Mining Resources register",
          "date": null,
          "page": null,
          "record_id": "546028",
          "url": "https://spatial-gis.information.qld.gov.au/arcgis/rest/services/GeoscientificInformation/MiningResources/MapServer",
          "extraction_method": "automated_inventory",
          "ocr_status": "not_required",
          "location_method": "GPS OBSERVATION (AMG-66)"
        },
        "map_display": true,
        "public_display": true,
        "recovery": null,
        "related_record_ids": [
          "546028"
        ],
        "research_area": "many-peaks-boyne-valley",
        "limitations": "Government occurrence \u2014 not proof of remaining gold",
        "label": "Historical evidence"
      },
      "geometry": {
        "type": "Point",
        "coordinates": [
          151.5764264449102,
          -25.1488993321597
        ]
      }
    },
    {
      "type": "Feature",
      "properties": {
        "record_id": "minocc-gold-518529",
        "historical_event_id": "ac4caa473ad314ad",
        "name": "BIDDY WALSH",
        "evidence_type": "ALLUVIAL_WORKING",
        "commodity": "gold",
        "commodity_group": "gold",
        "spatial_precision": "APPROXIMATE_POINT",
        "location_uncertainty_m": 50.0,
        "source_confidence": "high",
        "location_confidence": "APPROXIMATE",
        "historical_locality": "4 KM S OF CLERMONT",
        "modern_locality": "4 KM S OF CLERMONT",
        "year": null,
        "description": "70M LONG X 5M WIDE X >5M DEEP; ALLUVIAL WORKINGS; ABANDONED MINE",
        "provenance": {
          "authority": "Queensland Government MINOCC",
          "publication": "Mining Resources register",
          "date": null,
          "page": null,
          "record_id": "518529",
          "url": "https://spatial-gis.information.qld.gov.au/arcgis/rest/services/GeoscientificInformation/MiningResources/MapServer",
          "extraction_method": "automated_inventory",
          "ocr_status": "not_required",
          "location_method": "GPS OBSERVATION (AMG-66)"
        },
        "map_display": true,
        "public_display": true,
        "recovery": null,
        "related_record_ids": [
          "518529"
        ],
        "research_area": "clermont-blair-athol",
        "limitations": "Government occurrence \u2014 not proof of remaining gold",
        "label": "Historical evidence"
      },
      "geometry": {
        "type": "Point",
        "coordinates": [
          147.64773266662868,
          -22.865536110358644
        ]
      }
    },
    {
      "type": "Feature",
      "properties": {
        "record_id": "minocc-gold-520288",
        "historical_event_id": "02a76877f47f0e57",
        "name": "BLACK SNAKE LEAD",
        "evidence_type": "ALLUVIAL_WORKING",
        "commodity": "gold",
        "commodity_group": "gold",
        "spatial_precision": "APPROXIMATE_POINT",
        "location_uncertainty_m": 300.0,
        "source_confidence": "high",
        "location_confidence": "APPROXIMATE",
        "historical_locality": "4 KM NW OF CLERMONT",
        "modern_locality": "4 KM NW OF CLERMONT",
        "year": null,
        "description": "MINE DUMP; ABANDONED MINE",
        "provenance": {
          "authority": "Queensland Government MINOCC",
          "publication": "Mining Resources register",
          "date": null,
          "page": null,
          "record_id": "520288",
          "url": "https://spatial-gis.information.qld.gov.au/arcgis/rest/services/GeoscientificInformation/MiningResources/MapServer",
          "extraction_method": "automated_inventory",
          "ocr_status": "not_required",
          "location_method": "REPORT (UNPUBLISHED)"
        },
        "map_display": true,
        "public_display": true,
        "recovery": null,
        "related_record_ids": [
          "520288"
        ],
        "research_area": "clermont-blair-athol",
        "limitations": "Government occurrence \u2014 not proof of remaining gold",
        "label": "Historical evidence"
      },
      "geometry": {
        "type": "Point",
        "coordinates": [
          147.60715000011243,
          -22.80101944407803
        ]
      }
    },
    {
      "type": "Feature",
      "properties": {
        "record_id": "minocc-gold-487623",
        "historical_event_id": "43afd6defd765309",
        "name": "BLACKFELLOW GULLLY",
        "evidence_type": "ALLUVIAL_WORKING",
        "commodity": "gold",
        "commodity_group": "gold",
        "spatial_precision": "APPROXIMATE_POINT",
        "location_uncertainty_m": 50.0,
        "source_confidence": "high",
        "location_confidence": "APPROXIMATE",
        "historical_locality": "HEAD OF GULLY WHICH FLOWS NE INTO BLACKFELLOW GULLY,9.5 KM ESE OF CALLIOPE",
        "modern_locality": "HEAD OF GULLY WHICH FLOWS NE INTO BLACKFELLOW GULLY,9.5 KM ESE OF CALLIOPE",
        "year": null,
        "description": "150M LONG X 50M WIDE X >15M DEEP.; MINE; ABANDONED MINE",
        "provenance": {
          "authority": "Queensland Government MINOCC",
          "publication": "Mining Resources register",
          "date": null,
          "page": null,
          "record_id": "487623",
          "url": "https://spatial-gis.information.qld.gov.au/arcgis/rest/services/GeoscientificInformation/MiningResources/MapServer",
          "extraction_method": "automated_inventory",
          "ocr_status": "not_required",
          "location_method": "GLOBAL POSITIONING SYSTEM"
        },
        "map_display": true,
        "public_display": true,
        "recovery": null,
        "related_record_ids": [
          "487623"
        ],
        "research_area": "calliope-gladstone",
        "limitations": "Government occurrence \u2014 not proof of remaining gold",
        "label": "Historical evidence"
      },
      "geometry": {
        "type": "Point",
        "coordinates": [
          151.29102711159805,
          -24.025868110197504
        ]
      }
    },
    {
      "type": "Feature",
      "properties": {
        "record_id": "minocc-gold-518520",
        "historical_event_id": "9945a8cb6bd713b0",
        "name": "BLACKIE'S GULLY",
        "evidence_type": "ALLUVIAL_WORKING",
        "commodity": "gold",
        "commodity_group": "gold",
        "spatial_precision": "APPROXIMATE_POINT",
        "location_uncertainty_m": 300.0,
        "source_confidence": "high",
        "location_confidence": "APPROXIMATE",
        "historical_locality": "5 KM S OF CLERMONT",
        "modern_locality": "5 KM S OF CLERMONT",
        "year": null,
        "description": "200M LONG; ALLUVIAL WORKINGS; ABANDONED MINE",
        "provenance": {
          "authority": "Queensland Government MINOCC",
          "publication": "Mining Resources register",
          "date": null,
          "page": null,
          "record_id": "518520",
          "url": "https://spatial-gis.information.qld.gov.au/arcgis/rest/services/GeoscientificInformation/MiningResources/MapServer",
          "extraction_method": "automated_inventory",
          "ocr_status": "not_required",
          "location_method": "REPORT (UNPUBLISHED)"
        },
        "map_display": true,
        "public_display": true,
        "recovery": null,
        "related_record_ids": [
          "518520"
        ],
        "research_area": "clermont-blair-athol",
        "limitations": "Government occurrence \u2014 not proof of remaining gold",
        "label": "Historical evidence"
      },
      "geometry": {
        "type": "Point",
        "coordinates": [
          147.6582277776943,
          -22.888763221341915
        ]
      }
    },
    {
      "type": "Feature",
      "properties": {
        "record_id": "minocc-gold-13915",
        "historical_event_id": "01ac76ec2ed34ab6",
        "name": "BLACKSMITH'S GULLY LEAD",
        "evidence_type": "ALLUVIAL_WORKING",
        "commodity": "gold",
        "commodity_group": "gold",
        "spatial_precision": "APPROXIMATE_POINT",
        "location_uncertainty_m": 50.0,
        "source_confidence": "high",
        "location_confidence": "APPROXIMATE",
        "historical_locality": "ALLUVIAL WORKINGS 3.9KM S BLAIR ATHOL",
        "modern_locality": "ALLUVIAL WORKINGS 3.9KM S BLAIR ATHOL",
        "year": null,
        "description": "50M LONG X 50M WIDE X <3M DEEP; over an area of 50 m by 50 m; ALLUVIAL WORKINGS; ABANDONED MINE",
        "provenance": {
          "authority": "Queensland Government MINOCC",
          "publication": "Mining Resources register",
          "date": null,
          "page": null,
          "record_id": "13915",
          "url": "https://spatial-gis.information.qld.gov.au/arcgis/rest/services/GeoscientificInformation/MiningResources/MapServer",
          "extraction_method": "automated_inventory",
          "ocr_status": "not_required",
          "location_method": "GPS OBSERVATION (AMG-66)"
        },
        "map_display": true,
        "public_display": true,
        "recovery": null,
        "related_record_ids": [
          "13915"
        ],
        "research_area": "clermont-blair-athol",
        "limitations": "Government occurrence \u2014 not proof of remaining gold",
        "label": "Historical evidence"
      },
      "geometry": {
        "type": "Point",
        "coordinates": [
          147.51220000022323,
          -22.730095888096063
        ]
      }
    },
    {
      "type": "Feature",
      "properties": {
        "record_id": "minocc-gold-45501",
        "historical_event_id": "0e09b867833f7785",
        "name": "BLANKET FLAT TREE",
        "evidence_type": "ALLUVIAL_WORKING",
        "commodity": "gold",
        "commodity_group": "gold",
        "spatial_precision": "APPROXIMATE_POINT",
        "location_uncertainty_m": 200.0,
        "source_confidence": "high",
        "location_confidence": "APPROXIMATE",
        "historical_locality": "37 KM SE OF MONTEAGLE",
        "modern_locality": "37 KM SE OF MONTEAGLE",
        "year": null,
        "description": "STREAM/CREEK/RIVER; ABANDONED MINE",
        "provenance": {
          "authority": "Queensland Government MINOCC",
          "publication": "Mining Resources register",
          "date": null,
          "page": null,
          "record_id": "45501",
          "url": "https://spatial-gis.information.qld.gov.au/arcgis/rest/services/GeoscientificInformation/MiningResources/MapServer",
          "extraction_method": "automated_inventory",
          "ocr_status": "not_required",
          "location_method": "BASED ON DEPARTMENTAL TENURE LOCATION SYSTEM"
        },
        "map_display": true,
        "public_display": true,
        "recovery": null,
        "related_record_ids": [
          "45501"
        ],
        "research_area": "clermont-blair-athol",
        "limitations": "Government occurrence \u2014 not proof of remaining gold",
        "label": "Historical evidence"
      },
      "geometry": {
        "type": "Point",
        "coordinates": [
          147.42199033340398,
          -22.77636533274529
        ]
      }
    },
    {
      "type": "Feature",
      "properties": {
        "record_id": "minocc-gold-524707",
        "historical_event_id": "0cd3e5b996331e24",
        "name": "BLISTER HILL LEAD",
        "evidence_type": "ALLUVIAL_WORKING",
        "commodity": "gold",
        "commodity_group": "gold",
        "spatial_precision": "APPROXIMATE_POINT",
        "location_uncertainty_m": 100.0,
        "source_confidence": "high",
        "location_confidence": "APPROXIMATE",
        "historical_locality": "SW OF CLERMONT",
        "modern_locality": "SW OF CLERMONT",
        "year": null,
        "description": "350M LONG; MINE; ABANDONED MINE",
        "provenance": {
          "authority": "Queensland Government MINOCC",
          "publication": "Mining Resources register",
          "date": null,
          "page": null,
          "record_id": "524707",
          "url": "https://spatial-gis.information.qld.gov.au/arcgis/rest/services/GeoscientificInformation/MiningResources/MapServer",
          "extraction_method": "automated_inventory",
          "ocr_status": "not_required",
          "location_method": "REPORT (UNPUBLISHED)"
        },
        "map_display": true,
        "public_display": true,
        "recovery": null,
        "related_record_ids": [
          "524707"
        ],
        "research_area": "clermont-blair-athol",
        "limitations": "Government occurrence \u2014 not proof of remaining gold",
        "label": "Historical evidence"
      },
      "geometry": {
        "type": "Point",
        "coordinates": [
          147.627387555648,
          -22.830937555242627
        ]
      }
    },
    {
      "type": "Feature",
      "properties": {
        "record_id": "minocc-gold-488291",
        "historical_event_id": "0bd1f3576b927936",
        "name": "BLUE BAG",
        "evidence_type": "ALLUVIAL_WORKING",
        "commodity": "gold",
        "commodity_group": "gold",
        "spatial_precision": "APPROXIMATE_POINT",
        "location_uncertainty_m": 50.0,
        "source_confidence": "high",
        "location_confidence": "APPROXIMATE",
        "historical_locality": "UP WILCOCK CREEK FROM GLASSFORD SMELTER CHIMNEY & SLAG DUMP.",
        "modern_locality": "UP WILCOCK CREEK FROM GLASSFORD SMELTER CHIMNEY & SLAG DUMP.",
        "year": null,
        "description": "300M LONG X 70M WIDE X ~35M DEEP.; MAIN WORKINGS COMPRISE ONE LARGE & ONE SMALL OPENCUT.; MINE; ABANDONED MINE",
        "provenance": {
          "authority": "Queensland Government MINOCC",
          "publication": "Mining Resources register",
          "date": null,
          "page": null,
          "record_id": "488291",
          "url": "https://spatial-gis.information.qld.gov.au/arcgis/rest/services/GeoscientificInformation/MiningResources/MapServer",
          "extraction_method": "automated_inventory",
          "ocr_status": "not_required",
          "location_method": "GLOBAL POSITIONING SYSTEM"
        },
        "map_display": true,
        "public_display": true,
        "recovery": null,
        "related_record_ids": [
          "488291"
        ],
        "research_area": "calliope-gladstone",
        "limitations": "Government occurrence \u2014 not proof of remaining gold",
        "label": "Historical evidence"
      },
      "geometry": {
        "type": "Point",
        "coordinates": [
          151.23738544452038,
          -24.5653722217668
        ]
      }
    },
    {
      "type": "Feature",
      "properties": {
        "record_id": "minocc-gold-488372",
        "historical_event_id": "19c4e14ea9a2c931",
        "name": "BLUE STAR",
        "evidence_type": "ALLUVIAL_WORKING",
        "commodity": "gold",
        "commodity_group": "gold",
        "spatial_precision": "APPROXIMATE_POINT",
        "location_uncertainty_m": 50.0,
        "source_confidence": "high",
        "location_confidence": "APPROXIMATE",
        "historical_locality": "1.8 KM SE OF JUNC OF BROAD AND MONAL CREEKS",
        "modern_locality": "1.8 KM SE OF JUNC OF BROAD AND MONAL CREEKS",
        "year": null,
        "description": "25M LONG X 3M WIDE X >8M DEEP.; ALL WORKINGS ARE COLLAPSED.; MINE; ABANDONED MINE",
        "provenance": {
          "authority": "Queensland Government MINOCC",
          "publication": "Mining Resources register",
          "date": null,
          "page": null,
          "record_id": "488372",
          "url": "https://spatial-gis.information.qld.gov.au/arcgis/rest/services/GeoscientificInformation/MiningResources/MapServer",
          "extraction_method": "automated_inventory",
          "ocr_status": "not_required",
          "location_method": "GLOBAL POSITIONING SYSTEM"
        },
        "map_display": true,
        "public_display": true,
        "recovery": null,
        "related_record_ids": [
          "488372"
        ],
        "research_area": "calliope-gladstone",
        "limitations": "Government occurrence \u2014 not proof of remaining gold",
        "label": "Historical evidence"
      },
      "geometry": {
        "type": "Point",
        "coordinates": [
          151.1237125555424,
          -24.5816042212054
        ]
      }
    },
    {
      "type": "Feature",
      "properties": {
        "record_id": "minocc-gold-488375",
        "historical_event_id": "74a7a6c30e276cd3",
        "name": "BOBBY DAZZLER",
        "evidence_type": "ALLUVIAL_WORKING",
        "commodity": "gold",
        "commodity_group": "gold",
        "spatial_precision": "PRECISE_POINT",
        "location_uncertainty_m": 10.0,
        "source_confidence": "high",
        "location_confidence": "HIGH_CONFIDENCE",
        "historical_locality": "ON TRACK UP SPUR FROM SILVER PLANE MINE ON BROAD CREEK",
        "modern_locality": "ON TRACK UP SPUR FROM SILVER PLANE MINE ON BROAD CREEK",
        "year": null,
        "description": "60M LONG X 10M WIDE X >1M DEEP.; WORKINGS ARE ALL COLLAPSED.; MINE; ABANDONED MINE",
        "provenance": {
          "authority": "Queensland Government MINOCC",
          "publication": "Mining Resources register",
          "date": null,
          "page": null,
          "record_id": "488375",
          "url": "https://spatial-gis.information.qld.gov.au/arcgis/rest/services/GeoscientificInformation/MiningResources/MapServer",
          "extraction_method": "automated_inventory",
          "ocr_status": "not_required",
          "location_method": "GPS OBSERVATION (AMG-66)"
        },
        "map_display": true,
        "public_display": true,
        "recovery": null,
        "related_record_ids": [
          "488375"
        ],
        "research_area": "calliope-gladstone",
        "limitations": "Government occurrence \u2014 not proof of remaining gold",
        "label": "Historical evidence"
      },
      "geometry": {
        "type": "Point",
        "coordinates": [
          151.1309708891193,
          -24.57158199961395
        ]
      }
    },
    {
      "type": "Feature",
      "properties": {
        "record_id": "minocc-gold-495019",
        "historical_event_id": "531be116acdaa10f",
        "name": "BOGGY CREEK",
        "evidence_type": "ALLUVIAL_WORKING",
        "commodity": "gold",
        "commodity_group": "gold",
        "spatial_precision": "APPROXIMATE_POINT",
        "location_uncertainty_m": 200.0,
        "source_confidence": "high",
        "location_confidence": "APPROXIMATE",
        "historical_locality": "3 KM NORTH OF MOUNT ROBERT.",
        "modern_locality": "3 KM NORTH OF MOUNT ROBERT.",
        "year": null,
        "description": "OUTCROP; MINERAL OCCURRENCE",
        "provenance": {
          "authority": "Queensland Government MINOCC",
          "publication": "Mining Resources register",
          "date": null,
          "page": null,
          "record_id": "495019",
          "url": "https://spatial-gis.information.qld.gov.au/arcgis/rest/services/GeoscientificInformation/MiningResources/MapServer",
          "extraction_method": "automated_inventory",
          "ocr_status": "not_required",
          "location_method": "TOPOGRAPHIC MAP (1:100 000 SCALE) (100M ACCURACY)"
        },
        "map_display": true,
        "public_display": true,
        "recovery": null,
        "related_record_ids": [
          "495019"
        ],
        "research_area": "calliope-gladstone",
        "limitations": "Government occurrence \u2014 not proof of remaining gold",
        "label": "Historical evidence"
      },
      "geometry": {
        "type": "Point",
        "coordinates": [
          151.28635211120823,
          -24.60160277690012
        ]
      }
    },
    {
      "type": "Feature",
      "properties": {
        "record_id": "minocc-gold-501225",
        "historical_event_id": "008a7ccc8e80fa21",
        "name": "BOOTLACE GULLY",
        "evidence_type": "ALLUVIAL_WORKING",
        "commodity": "gold",
        "commodity_group": "gold",
        "spatial_precision": "APPROXIMATE_POINT",
        "location_uncertainty_m": 100.0,
        "source_confidence": "high",
        "location_confidence": "APPROXIMATE",
        "historical_locality": "34 KM NNW OF CLERMONT",
        "modern_locality": "34 KM NNW OF CLERMONT",
        "year": null,
        "description": "ALLUVIAL WORKINGS; ABANDONED MINE",
        "provenance": {
          "authority": "Queensland Government MINOCC",
          "publication": "Mining Resources register",
          "date": null,
          "page": null,
          "record_id": "501225",
          "url": "https://spatial-gis.information.qld.gov.au/arcgis/rest/services/GeoscientificInformation/MiningResources/MapServer",
          "extraction_method": "automated_inventory",
          "ocr_status": "not_required",
          "location_method": "REPORT (UNPUBLISHED)"
        },
        "map_display": true,
        "public_display": true,
        "recovery": null,
        "related_record_ids": [
          "501225"
        ],
        "research_area": "clermont-blair-athol",
        "limitations": "Government occurrence \u2014 not proof of remaining gold",
        "label": "Historical evidence"
      },
      "geometry": {
        "type": "Point",
        "coordinates": [
          147.55432500044648,
          -22.559366666207673
        ]
      }
    },
    {
      "type": "Feature",
      "properties": {
        "record_id": "minocc-gold-520329",
        "historical_event_id": "657dcfb9fb6fdd08",
        "name": "BOOZER'S LEAD",
        "evidence_type": "ALLUVIAL_WORKING",
        "commodity": "gold",
        "commodity_group": "gold",
        "spatial_precision": "APPROXIMATE_POINT",
        "location_uncertainty_m": 300.0,
        "source_confidence": "high",
        "location_confidence": "APPROXIMATE",
        "historical_locality": "8 KM NW OF CLERMONT",
        "modern_locality": "8 KM NW OF CLERMONT",
        "year": null,
        "description": "120M LONG X 6M DEEP; MINE; ABANDONED MINE",
        "provenance": {
          "authority": "Queensland Government MINOCC",
          "publication": "Mining Resources register",
          "date": null,
          "page": null,
          "record_id": "520329",
          "url": "https://spatial-gis.information.qld.gov.au/arcgis/rest/services/GeoscientificInformation/MiningResources/MapServer",
          "extraction_method": "automated_inventory",
          "ocr_status": "not_required",
          "location_method": "REPORT (UNPUBLISHED)"
        },
        "map_display": true,
        "public_display": true,
        "recovery": null,
        "related_record_ids": [
          "520329"
        ],
        "research_area": "clermont-blair-athol",
        "limitations": "Government occurrence \u2014 not proof of remaining gold",
        "label": "Historical evidence"
      },
      "geometry": {
        "type": "Point",
        "coordinates": [
          147.56388333336128,
          -22.780137554642213
        ]
      }
    },
    {
      "type": "Feature",
      "properties": {
        "record_id": "minocc-gold-487264",
        "historical_event_id": "1b2b527f809b7fd1",
        "name": "BOTTLE TREE CREEK DIGGINGS",
        "evidence_type": "ALLUVIAL_WORKING",
        "commodity": "gold",
        "commodity_group": "gold",
        "spatial_precision": "APPROXIMATE_POINT",
        "location_uncertainty_m": 100.0,
        "source_confidence": "high",
        "location_confidence": "APPROXIMATE",
        "historical_locality": "17.5 KM NW OF WOWAN",
        "modern_locality": "17.5 KM NW OF WOWAN",
        "year": null,
        "description": "ALLUVIAL WORKINGS; ABANDONED MINE",
        "provenance": {
          "authority": "Queensland Government MINOCC",
          "publication": "Mining Resources register",
          "date": null,
          "page": null,
          "record_id": "487264",
          "url": "https://spatial-gis.information.qld.gov.au/arcgis/rest/services/GeoscientificInformation/MiningResources/MapServer",
          "extraction_method": "automated_inventory",
          "ocr_status": "not_required",
          "location_method": "TOPOGRAPHIC MAP (1:100 000 SCALE) (100M ACCURACY)"
        },
        "map_display": true,
        "public_display": true,
        "recovery": null,
        "related_record_ids": [
          "487264"
        ],
        "research_area": "mount-morgan-dee-river",
        "limitations": "Government occurrence \u2014 not proof of remaining gold",
        "label": "Historical evidence"
      },
      "geometry": {
        "type": "Point",
        "coordinates": [
          150.05038611108114,
          -23.829301443639125
        ]
      }
    },
    {
      "type": "Feature",
      "properties": {
        "record_id": "minocc-gold-524710",
        "historical_event_id": "b67d327a7fa1d4a3",
        "name": "BOWER BIRD LEAD",
        "evidence_type": "ALLUVIAL_WORKING",
        "commodity": "gold",
        "commodity_group": "gold",
        "spatial_precision": "APPROXIMATE_POINT",
        "location_uncertainty_m": 200.0,
        "source_confidence": "high",
        "location_confidence": "APPROXIMATE",
        "historical_locality": "S OF CLERMONT",
        "modern_locality": "S OF CLERMONT",
        "year": null,
        "description": "400M LONG; ALLUVIAL WORKINGS; ABANDONED MINE",
        "provenance": {
          "authority": "Queensland Government MINOCC",
          "publication": "Mining Resources register",
          "date": null,
          "page": null,
          "record_id": "524710",
          "url": "https://spatial-gis.information.qld.gov.au/arcgis/rest/services/GeoscientificInformation/MiningResources/MapServer",
          "extraction_method": "automated_inventory",
          "ocr_status": "not_required",
          "location_method": "REPORT (PUBLISHED)"
        },
        "map_display": true,
        "public_display": true,
        "recovery": null,
        "related_record_ids": [
          "524710"
        ],
        "research_area": "clermont-blair-athol",
        "limitations": "Government occurrence \u2014 not proof of remaining gold",
        "label": "Historical evidence"
      },
      "geometry": {
        "type": "Point",
        "coordinates": [
          147.6325764442042,
          -22.83196533282634
        ]
      }
    },
    {
      "type": "Feature",
      "properties": {
        "record_id": "minocc-gold-488555",
        "historical_event_id": "be1131fc2cc7fa45",
        "name": "BRADY CREEK",
        "evidence_type": "ALLUVIAL_WORKING",
        "commodity": "gold",
        "commodity_group": "gold",
        "spatial_precision": "APPROXIMATE_POINT",
        "location_uncertainty_m": 100.0,
        "source_confidence": "high",
        "location_confidence": "APPROXIMATE",
        "historical_locality": "UPPER BRADY CREEK.",
        "modern_locality": "UPPER BRADY CREEK.",
        "year": null,
        "description": "STREAM/CREEK/RIVER; MINERAL OCCURRENCE",
        "provenance": {
          "authority": "Queensland Government MINOCC",
          "publication": "Mining Resources register",
          "date": null,
          "page": null,
          "record_id": "488555",
          "url": "https://spatial-gis.information.qld.gov.au/arcgis/rest/services/GeoscientificInformation/MiningResources/MapServer",
          "extraction_method": "automated_inventory",
          "ocr_status": "not_required",
          "location_method": "TOPOGRAPHIC MAP (1:100 000 SCALE) (100M ACCURACY)"
        },
        "map_display": true,
        "public_display": true,
        "recovery": null,
        "related_record_ids": [
          "488555"
        ],
        "research_area": "mount-morgan-dee-river",
        "limitations": "Government occurrence \u2014 not proof of remaining gold",
        "label": "Historical evidence"
      },
      "geometry": {
        "type": "Point",
        "coordinates": [
          149.99332711069582,
          -23.327293110820662
        ]
      }
    },
    {
      "type": "Feature",
      "properties": {
        "record_id": "minocc-gold-493252",
        "historical_event_id": "573cf02300f1af67",
        "name": "BRANCH CREEK",
        "evidence_type": "ALLUVIAL_WORKING",
        "commodity": "gold",
        "commodity_group": "gold",
        "spatial_precision": "APPROXIMATE_POINT",
        "location_uncertainty_m": 50.0,
        "source_confidence": "high",
        "location_confidence": "APPROXIMATE",
        "historical_locality": "7.8KM SSW OF MOUNT PERRY",
        "modern_locality": "7.8KM SSW OF MOUNT PERRY",
        "year": null,
        "description": "MINE; ABANDONED MINE",
        "provenance": {
          "authority": "Queensland Government MINOCC",
          "publication": "Mining Resources register",
          "date": null,
          "page": null,
          "record_id": "493252",
          "url": "https://spatial-gis.information.qld.gov.au/arcgis/rest/services/GeoscientificInformation/MiningResources/MapServer",
          "extraction_method": "automated_inventory",
          "ocr_status": "not_required",
          "location_method": "REPORT (PUBLISHED)"
        },
        "map_display": true,
        "public_display": true,
        "recovery": null,
        "related_record_ids": [
          "493252"
        ],
        "research_area": "many-peaks-boyne-valley",
        "limitations": "Government occurrence \u2014 not proof of remaining gold",
        "label": "Historical evidence"
      },
      "geometry": {
        "type": "Point",
        "coordinates": [
          151.60039999991616,
          -25.23347711020222
        ]
      }
    },
    {
      "type": "Feature",
      "properties": {
        "record_id": "minocc-gold-41484",
        "historical_event_id": "f7a9aedf49d6fe27",
        "name": "BREWERY CREEK WORKINGS",
        "evidence_type": "ALLUVIAL_WORKING",
        "commodity": "gold",
        "commodity_group": "gold",
        "spatial_precision": "APPROXIMATE_POINT",
        "location_uncertainty_m": 200.0,
        "source_confidence": "high",
        "location_confidence": "APPROXIMATE",
        "historical_locality": "BREWERY CREEK, NEAR BREWERY HOMESTEAD.",
        "modern_locality": "BREWERY CREEK, NEAR BREWERY HOMESTEAD.",
        "year": null,
        "description": "MINE; ABANDONED MINE",
        "provenance": {
          "authority": "Queensland Government MINOCC",
          "publication": "Mining Resources register",
          "date": null,
          "page": null,
          "record_id": "41484",
          "url": "https://spatial-gis.information.qld.gov.au/arcgis/rest/services/GeoscientificInformation/MiningResources/MapServer",
          "extraction_method": "automated_inventory",
          "ocr_status": "not_required",
          "location_method": "TOPOGRAPHIC MAP (SCALE UNSPECIFIED)"
        },
        "map_display": true,
        "public_display": true,
        "recovery": null,
        "related_record_ids": [
          "41484"
        ],
        "research_area": "clermont-blair-athol",
        "limitations": "Government occurrence \u2014 not proof of remaining gold",
        "label": "Historical evidence"
      },
      "geometry": {
        "type": "Point",
        "coordinates": [
          147.47404033306574,
          -22.90896666560463
        ]
      }
    },
    {
      "type": "Feature",
      "properties": {
        "record_id": "minocc-gold-486372",
        "historical_event_id": "a741d0737400d2eb",
        "name": "BRIFFNEY CREEK",
        "evidence_type": "ALLUVIAL_WORKING",
        "commodity": "gold",
        "commodity_group": "gold",
        "spatial_precision": "APPROXIMATE_POINT",
        "location_uncertainty_m": 100.0,
        "source_confidence": "high",
        "location_confidence": "APPROXIMATE",
        "historical_locality": "6.5 KM SSW OF AUCKLAND POINT",
        "modern_locality": "6.5 KM SSW OF AUCKLAND POINT",
        "year": null,
        "description": "ALLUVIAL WORKINGS; ABANDONED MINE",
        "provenance": {
          "authority": "Queensland Government MINOCC",
          "publication": "Mining Resources register",
          "date": null,
          "page": null,
          "record_id": "486372",
          "url": "https://spatial-gis.information.qld.gov.au/arcgis/rest/services/GeoscientificInformation/MiningResources/MapServer",
          "extraction_method": "automated_inventory",
          "ocr_status": "not_required",
          "location_method": "TOPOGRAPHIC MAP (1:100 000 SCALE) (100M ACCURACY)"
        },
        "map_display": true,
        "public_display": true,
        "recovery": null,
        "related_record_ids": [
          "486372"
        ],
        "research_area": "calliope-gladstone",
        "limitations": "Government occurrence \u2014 not proof of remaining gold",
        "label": "Historical evidence"
      },
      "geometry": {
        "type": "Point",
        "coordinates": [
          151.22912922254304,
          -23.886746555121228
        ]
      }
    },
    {
      "type": "Feature",
      "properties": {
        "record_id": "minocc-gold-524724",
        "historical_event_id": "d79c4dae97b27ced",
        "name": "BRIGALOW LEAD",
        "evidence_type": "ALLUVIAL_WORKING",
        "commodity": "gold",
        "commodity_group": "gold",
        "spatial_precision": "APPROXIMATE_POINT",
        "location_uncertainty_m": 50.0,
        "source_confidence": "high",
        "location_confidence": "APPROXIMATE",
        "historical_locality": "4 KM S OF CLERMONT",
        "modern_locality": "4 KM S OF CLERMONT",
        "year": null,
        "description": "400M LONG; ALLUVIAL WORKINGS; ABANDONED MINE",
        "provenance": {
          "authority": "Queensland Government MINOCC",
          "publication": "Mining Resources register",
          "date": null,
          "page": null,
          "record_id": "524724",
          "url": "https://spatial-gis.information.qld.gov.au/arcgis/rest/services/GeoscientificInformation/MiningResources/MapServer",
          "extraction_method": "automated_inventory",
          "ocr_status": "not_required",
          "location_method": "DIGITISED FROM AIRPHOTO COMPILATION SHEET"
        },
        "map_display": true,
        "public_display": true,
        "recovery": null,
        "related_record_ids": [
          "524724"
        ],
        "research_area": "clermont-blair-athol",
        "limitations": "Government occurrence \u2014 not proof of remaining gold",
        "label": "Historical evidence"
      },
      "geometry": {
        "type": "Point",
        "coordinates": [
          147.6378910000154,
          -22.868429221108904
        ]
      }
    },
    {
      "type": "Feature",
      "properties": {
        "record_id": "minocc-gold-488942",
        "historical_event_id": "d8c35bf65d112495",
        "name": "BRILLIANT",
        "evidence_type": "ALLUVIAL_WORKING",
        "commodity": "gold",
        "commodity_group": "gold",
        "spatial_precision": "APPROXIMATE_POINT",
        "location_uncertainty_m": 50.0,
        "source_confidence": "high",
        "location_confidence": "APPROXIMATE",
        "historical_locality": "IN SLAUGHTER YARD GULLY OFF NEW ZEALAND GULLY",
        "modern_locality": "IN SLAUGHTER YARD GULLY OFF NEW ZEALAND GULLY",
        "year": null,
        "description": "61M LONG X 15M WIDE X >4.0M DEEP; WORKINGS STRETCH ALONG THE NORTH EAST BANK OF SLAUGHTER YARD GULLY WITH THE 2 SHAFTS APPROX 50M TO THE NORTH.; MINE; ABANDONED MINE",
        "provenance": {
          "authority": "Queensland Government MINOCC",
          "publication": "Mining Resources register",
          "date": null,
          "page": null,
          "record_id": "488942",
          "url": "https://spatial-gis.information.qld.gov.au/arcgis/rest/services/GeoscientificInformation/MiningResources/MapServer",
          "extraction_method": "automated_inventory",
          "ocr_status": "not_required",
          "location_method": "GPS OBSERVATION (AMG-66)"
        },
        "map_display": true,
        "public_display": true,
        "recovery": null,
        "related_record_ids": [
          "488942"
        ],
        "research_area": "mount-morgan-dee-river",
        "limitations": "Government occurrence \u2014 not proof of remaining gold",
        "label": "Historical evidence"
      },
      "geometry": {
        "type": "Point",
        "coordinates": [
          150.63917711149207,
          -23.326584777025282
        ]
      }
    },
    {
      "type": "Feature",
      "properties": {
        "record_id": "minocc-gold-522941",
        "historical_event_id": "3403bcd8a10e1004",
        "name": "BULLOCK CREEK PROSPECT",
        "evidence_type": "ALLUVIAL_WORKING",
        "commodity": "gold",
        "commodity_group": "gold",
        "spatial_precision": "APPROXIMATE_POINT",
        "location_uncertainty_m": 100.0,
        "source_confidence": "high",
        "location_confidence": "APPROXIMATE",
        "historical_locality": "15.1 KM WNW OF AVON DOWNS HOMESTEAD",
        "modern_locality": "15.1 KM WNW OF AVON DOWNS HOMESTEAD",
        "year": null,
        "description": "PROSPECT; MINERAL OCCURRENCE",
        "provenance": {
          "authority": "Queensland Government MINOCC",
          "publication": "Mining Resources register",
          "date": null,
          "page": null,
          "record_id": "522941",
          "url": "https://spatial-gis.information.qld.gov.au/arcgis/rest/services/GeoscientificInformation/MiningResources/MapServer",
          "extraction_method": "automated_inventory",
          "ocr_status": "not_required",
          "location_method": "REPORT (UNPUBLISHED)"
        },
        "map_display": true,
        "public_display": true,
        "recovery": null,
        "related_record_ids": [
          "522941"
        ],
        "research_area": "clermont-blair-athol",
        "limitations": "Government occurrence \u2014 not proof of remaining gold",
        "label": "Historical evidence"
      },
      "geometry": {
        "type": "Point",
        "coordinates": [
          147.1056027777595,
          -21.81921811002556
        ]
      }
    },
    {
      "type": "Feature",
      "properties": {
        "record_id": "minocc-gold-520396",
        "historical_event_id": "2158b636c4a8dfb2",
        "name": "BULLOCKY GULLY",
        "evidence_type": "ALLUVIAL_WORKING",
        "commodity": "gold",
        "commodity_group": "gold",
        "spatial_precision": "APPROXIMATE_POINT",
        "location_uncertainty_m": 300.0,
        "source_confidence": "high",
        "location_confidence": "APPROXIMATE",
        "historical_locality": "18 KM NNW OF CLERMONT",
        "modern_locality": "18 KM NNW OF CLERMONT",
        "year": null,
        "description": "MINE; ABANDONED MINE",
        "provenance": {
          "authority": "Queensland Government MINOCC",
          "publication": "Mining Resources register",
          "date": null,
          "page": null,
          "record_id": "520396",
          "url": "https://spatial-gis.information.qld.gov.au/arcgis/rest/services/GeoscientificInformation/MiningResources/MapServer",
          "extraction_method": "automated_inventory",
          "ocr_status": "not_required",
          "location_method": "REPORT (UNPUBLISHED)"
        },
        "map_display": true,
        "public_display": true,
        "recovery": null,
        "related_record_ids": [
          "520396"
        ],
        "research_area": "clermont-blair-athol",
        "limitations": "Government occurrence \u2014 not proof of remaining gold",
        "label": "Historical evidence"
      },
      "geometry": {
        "type": "Point",
        "coordinates": [
          147.6146222220541,
          -22.661605554638363
        ]
      }
    },
    {
      "type": "Feature",
      "properties": {
        "record_id": "minocc-gold-524706",
        "historical_event_id": "672a889cb547b617",
        "name": "BUSY BEE LEAD",
        "evidence_type": "ALLUVIAL_WORKING",
        "commodity": "gold",
        "commodity_group": "gold",
        "spatial_precision": "APPROXIMATE_POINT",
        "location_uncertainty_m": 100.0,
        "source_confidence": "high",
        "location_confidence": "APPROXIMATE",
        "historical_locality": "2 KM S OF CLERMONT",
        "modern_locality": "2 KM S OF CLERMONT",
        "year": null,
        "description": "350M LONG; MINE; ABANDONED MINE",
        "provenance": {
          "authority": "Queensland Government MINOCC",
          "publication": "Mining Resources register",
          "date": null,
          "page": null,
          "record_id": "524706",
          "url": "https://spatial-gis.information.qld.gov.au/arcgis/rest/services/GeoscientificInformation/MiningResources/MapServer",
          "extraction_method": "automated_inventory",
          "ocr_status": "not_required",
          "location_method": "DIGITISED FROM AIRPHOTO COMPILATION SHEET"
        },
        "map_display": true,
        "public_display": true,
        "recovery": null,
        "related_record_ids": [
          "524706"
        ],
        "research_area": "clermont-blair-athol",
        "limitations": "Government occurrence \u2014 not proof of remaining gold",
        "label": "Historical evidence"
      },
      "geometry": {
        "type": "Point",
        "coordinates": [
          147.63617433311074,
          -22.84929655440108
        ]
      }
    },
    {
      "type": "Feature",
      "properties": {
        "record_id": "minocc-gold-485576",
        "historical_event_id": "e60c2b1dd905d0c4",
        "name": "CALEDONIAN",
        "evidence_type": "ALLUVIAL_WORKING",
        "commodity": "gold",
        "commodity_group": "gold",
        "spatial_precision": "APPROXIMATE_POINT",
        "location_uncertainty_m": 100.0,
        "source_confidence": "high",
        "location_confidence": "APPROXIMATE",
        "historical_locality": "AT HEAD OF MAXWELLTON CREEK, 11 KM S OF DAWSON HIGHWAY",
        "modern_locality": "AT HEAD OF MAXWELLTON CREEK, 11 KM S OF DAWSON HIGHWAY",
        "year": null,
        "description": "90M LONG X >27M DEEP; MINE; ABANDONED MINE",
        "provenance": {
          "authority": "Queensland Government MINOCC",
          "publication": "Mining Resources register",
          "date": null,
          "page": null,
          "record_id": "485576",
          "url": "https://spatial-gis.information.qld.gov.au/arcgis/rest/services/GeoscientificInformation/MiningResources/MapServer",
          "extraction_method": "automated_inventory",
          "ocr_status": "not_required",
          "location_method": "GPS OBSERVATION (AMG-84)"
        },
        "map_display": true,
        "public_display": true,
        "recovery": null,
        "related_record_ids": [
          "485576"
        ],
        "research_area": "mount-morgan-dee-river",
        "limitations": "Government occurrence \u2014 not proof of remaining gold",
        "label": "Historical evidence"
      },
      "geometry": {
        "type": "Point",
        "coordinates": [
          150.85775555520536,
          -24.187738221967948
        ]
      }
    },
    {
      "type": "Feature",
      "properties": {
        "record_id": "minocc-gold-488571",
        "historical_event_id": "058b7ac6250eec7f",
        "name": "CALEDONIAN",
        "evidence_type": "ALLUVIAL_WORKING",
        "commodity": "gold",
        "commodity_group": "gold",
        "spatial_precision": "APPROXIMATE_POINT",
        "location_uncertainty_m": 50.0,
        "source_confidence": "high",
        "location_confidence": "APPROXIMATE",
        "historical_locality": "1KM NORTH EAST OF MT WALLACE",
        "modern_locality": "1KM NORTH EAST OF MT WALLACE",
        "year": null,
        "description": "90M LONG X 40M WIDE X 97M DEEP.; THE WORKINGS ARE AT THE HEAD OF A GULLY ON THE SOUTHERN SIDE OF AN E-W TRENDING RIDGE.ADIT ENTRANCE IS DOWN THE GULLY.; MINE; ABANDONED MINE",
        "provenance": {
          "authority": "Queensland Government MINOCC",
          "publication": "Mining Resources register",
          "date": null,
          "page": null,
          "record_id": "488571",
          "url": "https://spatial-gis.information.qld.gov.au/arcgis/rest/services/GeoscientificInformation/MiningResources/MapServer",
          "extraction_method": "automated_inventory",
          "ocr_status": "not_required",
          "location_method": "GPS OBSERVATION (AMG-84)"
        },
        "map_display": true,
        "public_display": true,
        "recovery": null,
        "related_record_ids": [
          "488571"
        ],
        "research_area": "mount-morgan-dee-river",
        "limitations": "Government occurrence \u2014 not proof of remaining gold",
        "label": "Historical evidence"
      },
      "geometry": {
        "type": "Point",
        "coordinates": [
          149.98532433349482,
          -23.31295555464499
        ]
      }
    },
    {
      "type": "Feature",
      "properties": {
        "record_id": "minocc-gold-545852",
        "historical_event_id": "bbe8bcd6df35e521",
        "name": "CAMBRIA FLATS",
        "evidence_type": "ALLUVIAL_WORKING",
        "commodity": "gold",
        "commodity_group": "gold",
        "spatial_precision": "PRECISE_POINT",
        "location_uncertainty_m": 10.0,
        "source_confidence": "high",
        "location_confidence": "HIGH_CONFIDENCE",
        "historical_locality": "15.2KM NE OF MOUNT PERRY",
        "modern_locality": "15.2KM NE OF MOUNT PERRY",
        "year": null,
        "description": "60M LONG X 25M WIDE X >2M DEEP; ALLUVIAL WORKINGS; ABANDONED MINE",
        "provenance": {
          "authority": "Queensland Government MINOCC",
          "publication": "Mining Resources register",
          "date": null,
          "page": null,
          "record_id": "545852",
          "url": "https://spatial-gis.information.qld.gov.au/arcgis/rest/services/GeoscientificInformation/MiningResources/MapServer",
          "extraction_method": "automated_inventory",
          "ocr_status": "not_required",
          "location_method": "GPS OBSERVATION (AMG-66)"
        },
        "map_display": true,
        "public_display": true,
        "recovery": null,
        "related_record_ids": [
          "545852"
        ],
        "research_area": "many-peaks-boyne-valley",
        "limitations": "Government occurrence \u2014 not proof of remaining gold",
        "label": "Historical evidence"
      },
      "geometry": {
        "type": "Point",
        "coordinates": [
          151.7094305556089,
          -25.05096944334163
        ]
      }
    },
    {
      "type": "Feature",
      "properties": {
        "record_id": "minocc-gold-489432",
        "historical_event_id": "f1ff4714437cd63e",
        "name": "CANOONA ALLUVIALS",
        "evidence_type": "ALLUVIAL_WORKING",
        "commodity": "gold",
        "commodity_group": "gold",
        "spatial_precision": "APPROXIMATE_POINT",
        "location_uncertainty_m": 100.0,
        "source_confidence": "high",
        "location_confidence": "APPROXIMATE",
        "historical_locality": "NORTH OF ROCKHAMPTON.",
        "modern_locality": "NORTH OF ROCKHAMPTON.",
        "year": null,
        "description": "ALLUVIAL WORKINGS; ABANDONED MINE",
        "provenance": {
          "authority": "Queensland Government MINOCC",
          "publication": "Mining Resources register",
          "date": null,
          "page": null,
          "record_id": "489432",
          "url": "https://spatial-gis.information.qld.gov.au/arcgis/rest/services/GeoscientificInformation/MiningResources/MapServer",
          "extraction_method": "automated_inventory",
          "ocr_status": "not_required",
          "location_method": "TOPOGRAPHIC MAP (1:100 000 SCALE) (100M ACCURACY)"
        },
        "map_display": true,
        "public_display": true,
        "recovery": null,
        "related_record_ids": [
          "489432"
        ],
        "research_area": "mount-morgan-dee-river",
        "limitations": "Government occurrence \u2014 not proof of remaining gold",
        "label": "Historical evidence"
      },
      "geometry": {
        "type": "Point",
        "coordinates": [
          150.25854444490307,
          -23.043938221638594
        ]
      }
    },
    {
      "type": "Feature",
      "properties": {
        "record_id": "minocc-gold-501212",
        "historical_event_id": "e4d82c4df2b1f36d",
        "name": "CAPTAIN OSBORNE CREEK",
        "evidence_type": "ALLUVIAL_WORKING",
        "commodity": "gold",
        "commodity_group": "gold",
        "spatial_precision": "APPROXIMATE_POINT",
        "location_uncertainty_m": 100.0,
        "source_confidence": "high",
        "location_confidence": "APPROXIMATE",
        "historical_locality": "45.2KM SW OF ROSEDALE",
        "modern_locality": "45.2KM SW OF ROSEDALE",
        "year": null,
        "description": "STREAM/CREEK/RIVER; ABANDONED MINE",
        "provenance": {
          "authority": "Queensland Government MINOCC",
          "publication": "Mining Resources register",
          "date": null,
          "page": null,
          "record_id": "501212",
          "url": "https://spatial-gis.information.qld.gov.au/arcgis/rest/services/GeoscientificInformation/MiningResources/MapServer",
          "extraction_method": "automated_inventory",
          "ocr_status": "not_required",
          "location_method": "REPORT (UNPUBLISHED)"
        },
        "map_display": true,
        "public_display": true,
        "recovery": null,
        "related_record_ids": [
          "501212"
        ],
        "research_area": "calliope-gladstone",
        "limitations": "Government occurrence \u2014 not proof of remaining gold",
        "label": "Historical evidence"
      },
      "geometry": {
        "type": "Point",
        "coordinates": [
          151.63561877784863,
          -24.949204888182404
        ]
      }
    },
    {
      "type": "Feature",
      "properties": {
        "record_id": "minocc-gold-488059",
        "historical_event_id": "cf92745e51762c18",
        "name": "CARMICHAEL'S GULLY",
        "evidence_type": "ALLUVIAL_WORKING",
        "commodity": "gold",
        "commodity_group": "gold",
        "spatial_precision": "APPROXIMATE_POINT",
        "location_uncertainty_m": 100.0,
        "source_confidence": "high",
        "location_confidence": "APPROXIMATE",
        "historical_locality": "8.9 KM NE OF NAGOORIN",
        "modern_locality": "8.9 KM NE OF NAGOORIN",
        "year": null,
        "description": "40M LONG; MINE; ABANDONED MINE",
        "provenance": {
          "authority": "Queensland Government MINOCC",
          "publication": "Mining Resources register",
          "date": null,
          "page": null,
          "record_id": "488059",
          "url": "https://spatial-gis.information.qld.gov.au/arcgis/rest/services/GeoscientificInformation/MiningResources/MapServer",
          "extraction_method": "automated_inventory",
          "ocr_status": "not_required",
          "location_method": "TOPOGRAPHIC MAP (1:100 000 SCALE) (100M ACCURACY)"
        },
        "map_display": true,
        "public_display": true,
        "recovery": null,
        "related_record_ids": [
          "488059"
        ],
        "research_area": "calliope-gladstone",
        "limitations": "Government occurrence \u2014 not proof of remaining gold",
        "label": "Historical evidence"
      },
      "geometry": {
        "type": "Point",
        "coordinates": [
          151.37047922268155,
          -24.311069443412237
        ]
      }
    },
    {
      "type": "Feature",
      "properties": {
        "record_id": "minocc-gold-485925",
        "historical_event_id": "1e9fa849a7bbbdf7",
        "name": "CATTLE CREEK",
        "evidence_type": "ALLUVIAL_WORKING",
        "commodity": "gold",
        "commodity_group": "gold",
        "spatial_precision": "APPROXIMATE_POINT",
        "location_uncertainty_m": 100.0,
        "source_confidence": "high",
        "location_confidence": "APPROXIMATE",
        "historical_locality": "1.6 KM SW OF MT SEAVIEW (40 KM SW OF CALLIOPE)",
        "modern_locality": "1.6 KM SW OF MT SEAVIEW (40 KM SW OF CALLIOPE)",
        "year": null,
        "description": "ALLUVIAL WORKINGS; ABANDONED MINE",
        "provenance": {
          "authority": "Queensland Government MINOCC",
          "publication": "Mining Resources register",
          "date": null,
          "page": null,
          "record_id": "485925",
          "url": "https://spatial-gis.information.qld.gov.au/arcgis/rest/services/GeoscientificInformation/MiningResources/MapServer",
          "extraction_method": "automated_inventory",
          "ocr_status": "not_required",
          "location_method": "TOPOGRAPHIC MAP (1:100 000 SCALE) (100M ACCURACY)"
        },
        "map_display": true,
        "public_display": true,
        "recovery": null,
        "related_record_ids": [
          "485925"
        ],
        "research_area": "calliope-gladstone",
        "limitations": "Government occurrence \u2014 not proof of remaining gold",
        "label": "Historical evidence"
      },
      "geometry": {
        "type": "Point",
        "coordinates": [
          150.92813755547763,
          -24.28563544369956
        ]
      }
    },
    {
      "type": "Feature",
      "properties": {
        "record_id": "minocc-gold-486793",
        "historical_event_id": "85758d2532f6da3b",
        "name": "CENTRAL QUEENSLAND CLAIM",
        "evidence_type": "ALLUVIAL_WORKING",
        "commodity": "gold",
        "commodity_group": "gold",
        "spatial_precision": "APPROXIMATE_POINT",
        "location_uncertainty_m": 100.0,
        "source_confidence": "high",
        "location_confidence": "APPROXIMATE",
        "historical_locality": "AT HEAD OF BUSBY'S GULLY, 9.5 KM WSW OF RAGLAN",
        "modern_locality": "AT HEAD OF BUSBY'S GULLY, 9.5 KM WSW OF RAGLAN",
        "year": null,
        "description": "80M LONG X 40M WIDE X >5M DEEP; COSTEANS MAY HAVE OBLITERATED OLD WORKINGS; MINE; ABANDONED MINE",
        "provenance": {
          "authority": "Queensland Government MINOCC",
          "publication": "Mining Resources register",
          "date": null,
          "page": null,
          "record_id": "486793",
          "url": "https://spatial-gis.information.qld.gov.au/arcgis/rest/services/GeoscientificInformation/MiningResources/MapServer",
          "extraction_method": "automated_inventory",
          "ocr_status": "not_required",
          "location_method": "GPS OBSERVATION (AMG-66)"
        },
        "map_display": true,
        "public_display": true,
        "recovery": null,
        "related_record_ids": [
          "486793"
        ],
        "research_area": "mount-morgan-dee-river",
        "limitations": "Government occurrence \u2014 not proof of remaining gold",
        "label": "Historical evidence"
      },
      "geometry": {
        "type": "Point",
        "coordinates": [
          150.73024033328315,
          -23.733702110369098
        ]
      }
    },
    {
      "type": "Feature",
      "properties": {
        "record_id": "minocc-gold-487895",
        "historical_event_id": "5abc7e45895a944c",
        "name": "CHANDLERS GULLY",
        "evidence_type": "ALLUVIAL_WORKING",
        "commodity": "gold",
        "commodity_group": "gold",
        "spatial_precision": "APPROXIMATE_POINT",
        "location_uncertainty_m": 100.0,
        "source_confidence": "high",
        "location_confidence": "APPROXIMATE",
        "historical_locality": "26.8 KM SSE OF CALLIOPE",
        "modern_locality": "26.8 KM SSE OF CALLIOPE",
        "year": null,
        "description": "ALLUVIAL WORKINGS; ABANDONED MINE",
        "provenance": {
          "authority": "Queensland Government MINOCC",
          "publication": "Mining Resources register",
          "date": null,
          "page": null,
          "record_id": "487895",
          "url": "https://spatial-gis.information.qld.gov.au/arcgis/rest/services/GeoscientificInformation/MiningResources/MapServer",
          "extraction_method": "automated_inventory",
          "ocr_status": "not_required",
          "location_method": "TOPOGRAPHIC MAP (1:100 000 SCALE) (100M ACCURACY)"
        },
        "map_display": true,
        "public_display": true,
        "recovery": null,
        "related_record_ids": [
          "487895"
        ],
        "research_area": "calliope-gladstone",
        "limitations": "Government occurrence \u2014 not proof of remaining gold",
        "label": "Historical evidence"
      },
      "geometry": {
        "type": "Point",
        "coordinates": [
          151.3070472223162,
          -24.235252109974603
        ]
      }
    },
    {
      "type": "Feature",
      "properties": {
        "record_id": "minocc-gold-41073",
        "historical_event_id": "0359d219683c6603",
        "name": "CHINAMAN CREEK",
        "evidence_type": "ALLUVIAL_WORKING",
        "commodity": "gold",
        "commodity_group": "gold",
        "spatial_precision": "APPROXIMATE_POINT",
        "location_uncertainty_m": 100.0,
        "source_confidence": "high",
        "location_confidence": "APPROXIMATE",
        "historical_locality": "7.8KM S OF MOUNT PERRY",
        "modern_locality": "7.8KM S OF MOUNT PERRY",
        "year": null,
        "description": "PROSPECT; MINERAL OCCURRENCE",
        "provenance": {
          "authority": "Queensland Government MINOCC",
          "publication": "Mining Resources register",
          "date": null,
          "page": null,
          "record_id": "41073",
          "url": "https://spatial-gis.information.qld.gov.au/arcgis/rest/services/GeoscientificInformation/MiningResources/MapServer",
          "extraction_method": "automated_inventory",
          "ocr_status": "not_required",
          "location_method": "REPORT (PUBLISHED)"
        },
        "map_display": true,
        "public_display": true,
        "recovery": null,
        "related_record_ids": [
          "41073"
        ],
        "research_area": "many-peaks-boyne-valley",
        "limitations": "Government occurrence \u2014 not proof of remaining gold",
        "label": "Historical evidence"
      },
      "geometry": {
        "type": "Point",
        "coordinates": [
          151.62571533336774,
          -25.2420215547342
        ]
      }
    },
    {
      "type": "Feature",
      "properties": {
        "record_id": "minocc-gold-545782",
        "historical_event_id": "a5f28ed577277df8",
        "name": "CHINAMAN CREEK",
        "evidence_type": "ALLUVIAL_WORKING",
        "commodity": "gold",
        "commodity_group": "gold",
        "spatial_precision": "PRECISE_POINT",
        "location_uncertainty_m": 10.0,
        "source_confidence": "high",
        "location_confidence": "HIGH_CONFIDENCE",
        "historical_locality": "7.6KM S OF MOUNT PERRY",
        "modern_locality": "7.6KM S OF MOUNT PERRY",
        "year": null,
        "description": "400M LONG X 30M WIDE X 6M DEEP; MINE; ABANDONED MINE",
        "provenance": {
          "authority": "Queensland Government MINOCC",
          "publication": "Mining Resources register",
          "date": null,
          "page": null,
          "record_id": "545782",
          "url": "https://spatial-gis.information.qld.gov.au/arcgis/rest/services/GeoscientificInformation/MiningResources/MapServer",
          "extraction_method": "automated_inventory",
          "ocr_status": "not_required",
          "location_method": "GPS OBSERVATION (AMG-66)"
        },
        "map_display": true,
        "public_display": true,
        "recovery": null,
        "related_record_ids": [
          "545782"
        ],
        "research_area": "many-peaks-boyne-valley",
        "limitations": "Government occurrence \u2014 not proof of remaining gold",
        "label": "Historical evidence"
      },
      "geometry": {
        "type": "Point",
        "coordinates": [
          151.62500422214868,
          -25.24071599881226
        ]
      }
    },
    {
      "type": "Feature",
      "properties": {
        "record_id": "minocc-gold-491507",
        "historical_event_id": "5ee470f665401c78",
        "name": "CHINAMANS GULLY",
        "evidence_type": "ALLUVIAL_WORKING",
        "commodity": "gold",
        "commodity_group": "gold",
        "spatial_precision": "APPROXIMATE_POINT",
        "location_uncertainty_m": 100.0,
        "source_confidence": "high",
        "location_confidence": "APPROXIMATE",
        "historical_locality": "CANIA GOLD FIELD",
        "modern_locality": "CANIA GOLD FIELD",
        "year": null,
        "description": "ALLUVIAL WORKINGS; ABANDONED MINE",
        "provenance": {
          "authority": "Queensland Government MINOCC",
          "publication": "Mining Resources register",
          "date": null,
          "page": null,
          "record_id": "491507",
          "url": "https://spatial-gis.information.qld.gov.au/arcgis/rest/services/GeoscientificInformation/MiningResources/MapServer",
          "extraction_method": "automated_inventory",
          "ocr_status": "not_required",
          "location_method": "TOPOGRAPHIC MAP (1:100 000 SCALE) (100M ACCURACY)"
        },
        "map_display": true,
        "public_display": true,
        "recovery": null,
        "related_record_ids": [
          "491507"
        ],
        "research_area": "calliope-gladstone",
        "limitations": "Government occurrence \u2014 not proof of remaining gold",
        "label": "Historical evidence"
      },
      "geometry": {
        "type": "Point",
        "coordinates": [
          150.97257088853428,
          -24.648254888636487
        ]
      }
    },
    {
      "type": "Feature",
      "properties": {
        "record_id": "minocc-gold-524729",
        "historical_event_id": "3fee5445b66762ad",
        "name": "CHINAMEN'S GULLY",
        "evidence_type": "ALLUVIAL_WORKING",
        "commodity": "gold",
        "commodity_group": "gold",
        "spatial_precision": "APPROXIMATE_POINT",
        "location_uncertainty_m": 100.0,
        "source_confidence": "high",
        "location_confidence": "APPROXIMATE",
        "historical_locality": "6 KM S OF CLERMONT",
        "modern_locality": "6 KM S OF CLERMONT",
        "year": null,
        "description": "500M LONG; ALLUVIAL WORKINGS; ABANDONED MINE",
        "provenance": {
          "authority": "Queensland Government MINOCC",
          "publication": "Mining Resources register",
          "date": null,
          "page": null,
          "record_id": "524729",
          "url": "https://spatial-gis.information.qld.gov.au/arcgis/rest/services/GeoscientificInformation/MiningResources/MapServer",
          "extraction_method": "automated_inventory",
          "ocr_status": "not_required",
          "location_method": "DIGITISED FROM AIRPHOTO COMPILATION SHEET"
        },
        "map_display": true,
        "public_display": true,
        "recovery": null,
        "related_record_ids": [
          "524729"
        ],
        "research_area": "clermont-blair-athol",
        "limitations": "Government occurrence \u2014 not proof of remaining gold",
        "label": "Historical evidence"
      },
      "geometry": {
        "type": "Point",
        "coordinates": [
          147.6617638885112,
          -22.872415332197903
        ]
      }
    },
    {
      "type": "Feature",
      "properties": {
        "record_id": "minocc-gold-478964",
        "historical_event_id": "26bbfe3c9afdf2e7",
        "name": "CHINAMEN'S GULLY LEAD",
        "evidence_type": "ALLUVIAL_WORKING",
        "commodity": "gold",
        "commodity_group": "gold",
        "spatial_precision": "APPROXIMATE_POINT",
        "location_uncertainty_m": 100.0,
        "source_confidence": "high",
        "location_confidence": "APPROXIMATE",
        "historical_locality": "8 KM WNW OF CLERMONT",
        "modern_locality": "8 KM WNW OF CLERMONT",
        "year": null,
        "description": "MINE; ABANDONED MINE",
        "provenance": {
          "authority": "Queensland Government MINOCC",
          "publication": "Mining Resources register",
          "date": null,
          "page": null,
          "record_id": "478964",
          "url": "https://spatial-gis.information.qld.gov.au/arcgis/rest/services/GeoscientificInformation/MiningResources/MapServer",
          "extraction_method": "automated_inventory",
          "ocr_status": "not_required",
          "location_method": "GLOBAL POSITIONING SYSTEM"
        },
        "map_display": true,
        "public_display": true,
        "recovery": null,
        "related_record_ids": [
          "478964"
        ],
        "research_area": "clermont-blair-athol",
        "limitations": "Government occurrence \u2014 not proof of remaining gold",
        "label": "Historical evidence"
      },
      "geometry": {
        "type": "Point",
        "coordinates": [
          147.5729208889515,
          -22.777801443953436
        ]
      }
    },
    {
      "type": "Feature",
      "properties": {
        "record_id": "minocc-gold-518518",
        "historical_event_id": "ce2f2ce47d19a809",
        "name": "CHINESE DIGGINGS",
        "evidence_type": "ALLUVIAL_WORKING",
        "commodity": "gold",
        "commodity_group": "gold",
        "spatial_precision": "APPROXIMATE_POINT",
        "location_uncertainty_m": 100.0,
        "source_confidence": "high",
        "location_confidence": "APPROXIMATE",
        "historical_locality": "32 KM NNW OF CLERMONT",
        "modern_locality": "32 KM NNW OF CLERMONT",
        "year": null,
        "description": "ALLUVIAL WORKINGS; ABANDONED MINE",
        "provenance": {
          "authority": "Queensland Government MINOCC",
          "publication": "Mining Resources register",
          "date": null,
          "page": null,
          "record_id": "518518",
          "url": "https://spatial-gis.information.qld.gov.au/arcgis/rest/services/GeoscientificInformation/MiningResources/MapServer",
          "extraction_method": "automated_inventory",
          "ocr_status": "not_required",
          "location_method": "REPORT (UNPUBLISHED)"
        },
        "map_display": true,
        "public_display": true,
        "recovery": null,
        "related_record_ids": [
          "518518"
        ],
        "research_area": "clermont-blair-athol",
        "limitations": "Government occurrence \u2014 not proof of remaining gold",
        "label": "Historical evidence"
      },
      "geometry": {
        "type": "Point",
        "coordinates": [
          147.55840000012446,
          -22.55187499895042
        ]
      }
    },
    {
      "type": "Feature",
      "properties": {
        "record_id": "minocc-gold-540855",
        "historical_event_id": "8f4f615499960aef",
        "name": "CHRISTINE SOUTH",
        "evidence_type": "ALLUVIAL_WORKING",
        "commodity": "gold",
        "commodity_group": "gold",
        "spatial_precision": "APPROXIMATE_POINT",
        "location_uncertainty_m": 100.0,
        "source_confidence": "high",
        "location_confidence": "APPROXIMATE",
        "historical_locality": "16 KM NW OF CLERMONT",
        "modern_locality": "16 KM NW OF CLERMONT",
        "year": null,
        "description": "250M LONG X 20M WIDE X 2M DEEP\t; Workings sunk along creek flat.; MINE; ABANDONED MINE",
        "provenance": {
          "authority": "Queensland Government MINOCC",
          "publication": "Mining Resources register",
          "date": null,
          "page": null,
          "record_id": "540855",
          "url": "https://spatial-gis.information.qld.gov.au/arcgis/rest/services/GeoscientificInformation/MiningResources/MapServer",
          "extraction_method": "automated_inventory",
          "ocr_status": "not_required",
          "location_method": "GPS OBSERVATION (AMG-66)"
        },
        "map_display": true,
        "public_display": true,
        "recovery": null,
        "related_record_ids": [
          "540855"
        ],
        "research_area": "clermont-blair-athol",
        "limitations": "Government occurrence \u2014 not proof of remaining gold",
        "label": "Historical evidence"
      },
      "geometry": {
        "type": "Point",
        "coordinates": [
          147.50269166668457,
          -22.74447155472033
        ]
      }
    },
    {
      "type": "Feature",
      "properties": {
        "record_id": "minocc-gold-488985",
        "historical_event_id": "a41b260410378579",
        "name": "CHRISTMAS GIFT",
        "evidence_type": "ALLUVIAL_WORKING",
        "commodity": "gold",
        "commodity_group": "gold",
        "spatial_precision": "APPROXIMATE_POINT",
        "location_uncertainty_m": 50.0,
        "source_confidence": "high",
        "location_confidence": "APPROXIMATE",
        "historical_locality": "IN HEADWATERS OF POVERTY GULLY NORTH OF CONSTITUTION HILL.",
        "modern_locality": "IN HEADWATERS OF POVERTY GULLY NORTH OF CONSTITUTION HILL.",
        "year": null,
        "description": "55M LONG X 10M WIDE X 1.5M DEEP.; WORKINGS RUN DOWN SLOPE INTO GULLY.; MINE; ABANDONED MINE",
        "provenance": {
          "authority": "Queensland Government MINOCC",
          "publication": "Mining Resources register",
          "date": null,
          "page": null,
          "record_id": "488985",
          "url": "https://spatial-gis.information.qld.gov.au/arcgis/rest/services/GeoscientificInformation/MiningResources/MapServer",
          "extraction_method": "automated_inventory",
          "ocr_status": "not_required",
          "location_method": "GPS OBSERVATION (AMG-84)"
        },
        "map_display": true,
        "public_display": true,
        "recovery": null,
        "related_record_ids": [
          "488985"
        ],
        "research_area": "mount-morgan-dee-river",
        "limitations": "Government occurrence \u2014 not proof of remaining gold",
        "label": "Historical evidence"
      },
      "geometry": {
        "type": "Point",
        "coordinates": [
          150.6755319998191,
          -23.24286322141708
        ]
      }
    },
    {
      "type": "Feature",
      "properties": {
        "record_id": "minocc-gold-524719",
        "historical_event_id": "ceeea38f6d2b8d97",
        "name": "CLERMONT SURFACE LEAD",
        "evidence_type": "ALLUVIAL_WORKING",
        "commodity": "gold",
        "commodity_group": "gold",
        "spatial_precision": "APPROXIMATE_POINT",
        "location_uncertainty_m": 200.0,
        "source_confidence": "high",
        "location_confidence": "APPROXIMATE",
        "historical_locality": "3 KM S OF CLERMONT",
        "modern_locality": "3 KM S OF CLERMONT",
        "year": null,
        "description": "ALLUVIAL WORKINGS; ABANDONED MINE",
        "provenance": {
          "authority": "Queensland Government MINOCC",
          "publication": "Mining Resources register",
          "date": null,
          "page": null,
          "record_id": "524719",
          "url": "https://spatial-gis.information.qld.gov.au/arcgis/rest/services/GeoscientificInformation/MiningResources/MapServer",
          "extraction_method": "automated_inventory",
          "ocr_status": "not_required",
          "location_method": "REPORT (PUBLISHED)"
        },
        "map_display": true,
        "public_display": true,
        "recovery": null,
        "related_record_ids": [
          "524719"
        ],
        "research_area": "clermont-blair-athol",
        "limitations": "Government occurrence \u2014 not proof of remaining gold",
        "label": "Historical evidence"
      },
      "geometry": {
        "type": "Point",
        "coordinates": [
          147.6508583332133,
          -22.86887366608532
        ]
      }
    },
    {
      "type": "Feature",
      "properties": {
        "record_id": "minocc-gold-485913",
        "historical_event_id": "3bd26fd62d11f5a9",
        "name": "CLIFF HILL",
        "evidence_type": "ALLUVIAL_WORKING",
        "commodity": "gold",
        "commodity_group": "gold",
        "spatial_precision": "APPROXIMATE_POINT",
        "location_uncertainty_m": 100.0,
        "source_confidence": "high",
        "location_confidence": "APPROXIMATE",
        "historical_locality": "AT HEAD OF MALAKOFF CREEK, 14 KM S OF DAWSON HIGHWAY",
        "modern_locality": "AT HEAD OF MALAKOFF CREEK, 14 KM S OF DAWSON HIGHWAY",
        "year": null,
        "description": "300M LONG X 50M WIDE X >9M DEEP; MINE; ABANDONED MINE",
        "provenance": {
          "authority": "Queensland Government MINOCC",
          "publication": "Mining Resources register",
          "date": null,
          "page": null,
          "record_id": "485913",
          "url": "https://spatial-gis.information.qld.gov.au/arcgis/rest/services/GeoscientificInformation/MiningResources/MapServer",
          "extraction_method": "automated_inventory",
          "ocr_status": "not_required",
          "location_method": "GPS OBSERVATION (AMG-66)"
        },
        "map_display": true,
        "public_display": true,
        "recovery": null,
        "related_record_ids": [
          "485913"
        ],
        "research_area": "calliope-gladstone",
        "limitations": "Government occurrence \u2014 not proof of remaining gold",
        "label": "Historical evidence"
      },
      "geometry": {
        "type": "Point",
        "coordinates": [
          150.8287986664338,
          -24.223834777324896
        ]
      }
    },
    {
      "type": "Feature",
      "properties": {
        "record_id": "minocc-gold-490691",
        "historical_event_id": "2bbfdd8c700af7f6",
        "name": "CLIFTON REEF NORTH",
        "evidence_type": "ALLUVIAL_WORKING",
        "commodity": "gold",
        "commodity_group": "gold",
        "spatial_precision": "APPROXIMATE_POINT",
        "location_uncertainty_m": 50.0,
        "source_confidence": "high",
        "location_confidence": "APPROXIMATE",
        "historical_locality": "CANIA GOLD FIELD, NEAR CANIA DAM WALL.",
        "modern_locality": "CANIA GOLD FIELD, NEAR CANIA DAM WALL.",
        "year": null,
        "description": "100M LONG X 20M WIDE X >10M DEEP.\n; The workings extend along a spur south of the Cania Dam wall in an en-echelon washion across the ridge crest.; MINE; ABANDONED MINE",
        "provenance": {
          "authority": "Queensland Government MINOCC",
          "publication": "Mining Resources register",
          "date": null,
          "page": null,
          "record_id": "490691",
          "url": "https://spatial-gis.information.qld.gov.au/arcgis/rest/services/GeoscientificInformation/MiningResources/MapServer",
          "extraction_method": "automated_inventory",
          "ocr_status": "not_required",
          "location_method": "GPS OBSERVATION (AMG-66)"
        },
        "map_display": true,
        "public_display": true,
        "recovery": null,
        "related_record_ids": [
          "490691"
        ],
        "research_area": "calliope-gladstone",
        "limitations": "Government occurrence \u2014 not proof of remaining gold",
        "label": "Historical evidence"
      },
      "geometry": {
        "type": "Point",
        "coordinates": [
          150.98582711068076,
          -24.656244443348925
        ]
      }
    },
    {
      "type": "Feature",
      "properties": {
        "record_id": "minocc-gold-493306",
        "historical_event_id": "9ceab922b7140033",
        "name": "CLIVE CREEK",
        "evidence_type": "ALLUVIAL_WORKING",
        "commodity": "gold",
        "commodity_group": "gold",
        "spatial_precision": "APPROXIMATE_POINT",
        "location_uncertainty_m": 50.0,
        "source_confidence": "high",
        "location_confidence": "APPROXIMATE",
        "historical_locality": "10KM NORTH OF THE MOUNT MACKENZIE.",
        "modern_locality": "10KM NORTH OF THE MOUNT MACKENZIE.",
        "year": null,
        "description": "OUTCROP; MINERAL OCCURRENCE",
        "provenance": {
          "authority": "Queensland Government MINOCC",
          "publication": "Mining Resources register",
          "date": null,
          "page": null,
          "record_id": "493306",
          "url": "https://spatial-gis.information.qld.gov.au/arcgis/rest/services/GeoscientificInformation/MiningResources/MapServer",
          "extraction_method": "automated_inventory",
          "ocr_status": "not_required",
          "location_method": "GPS OBSERVATION (AMG-66)"
        },
        "map_display": true,
        "public_display": true,
        "recovery": null,
        "related_record_ids": [
          "493306"
        ],
        "research_area": "mount-morgan-dee-river",
        "limitations": "Government occurrence \u2014 not proof of remaining gold",
        "label": "Historical evidence"
      },
      "geometry": {
        "type": "Point",
        "coordinates": [
          149.3875409999522,
          -22.78609933298975
        ]
      }
    },
    {
      "type": "Feature",
      "properties": {
        "record_id": "minocc-gold-41486",
        "historical_event_id": "841cffb28bdb2b15",
        "name": "CLYDE CREEK",
        "evidence_type": "ALLUVIAL_WORKING",
        "commodity": "gold",
        "commodity_group": "gold",
        "spatial_precision": "APPROXIMATE_POINT",
        "location_uncertainty_m": 200.0,
        "source_confidence": "high",
        "location_confidence": "APPROXIMATE",
        "historical_locality": "37.7 KM SE OF MONTEAGLE HST.",
        "modern_locality": "37.7 KM SE OF MONTEAGLE HST.",
        "year": null,
        "description": "MINE; ABANDONED MINE",
        "provenance": {
          "authority": "Queensland Government MINOCC",
          "publication": "Mining Resources register",
          "date": null,
          "page": null,
          "record_id": "41486",
          "url": "https://spatial-gis.information.qld.gov.au/arcgis/rest/services/GeoscientificInformation/MiningResources/MapServer",
          "extraction_method": "automated_inventory",
          "ocr_status": "not_required",
          "location_method": "TOPOGRAPHIC MAP (SCALE UNSPECIFIED)"
        },
        "map_display": true,
        "public_display": true,
        "recovery": null,
        "related_record_ids": [
          "41486"
        ],
        "research_area": "clermont-blair-athol",
        "limitations": "Government occurrence \u2014 not proof of remaining gold",
        "label": "Historical evidence"
      },
      "geometry": {
        "type": "Point",
        "coordinates": [
          147.34713822183852,
          -22.855091665906812
        ]
      }
    },
    {
      "type": "Feature",
      "properties": {
        "record_id": "minocc-gold-520489",
        "historical_event_id": "bb4bd9e615c57d84",
        "name": "CMTT",
        "evidence_type": "ALLUVIAL_WORKING",
        "commodity": "gold",
        "commodity_group": "gold",
        "spatial_precision": "APPROXIMATE_POINT",
        "location_uncertainty_m": 50.0,
        "source_confidence": "high",
        "location_confidence": "APPROXIMATE",
        "historical_locality": "30 KM NNW OF CLERMONT",
        "modern_locality": "30 KM NNW OF CLERMONT",
        "year": null,
        "description": "ALLUVIAL WORKINGS; ABANDONED MINE",
        "provenance": {
          "authority": "Queensland Government MINOCC",
          "publication": "Mining Resources register",
          "date": null,
          "page": null,
          "record_id": "520489",
          "url": "https://spatial-gis.information.qld.gov.au/arcgis/rest/services/GeoscientificInformation/MiningResources/MapServer",
          "extraction_method": "automated_inventory",
          "ocr_status": "not_required",
          "location_method": "GPS OBSERVATION (AMG-66)"
        },
        "map_display": true,
        "public_display": true,
        "recovery": null,
        "related_record_ids": [
          "520489"
        ],
        "research_area": "clermont-blair-athol",
        "limitations": "Government occurrence \u2014 not proof of remaining gold",
        "label": "Historical evidence"
      },
      "geometry": {
        "type": "Point",
        "coordinates": [
          147.5396715554924,
          -22.56303888832392
        ]
      }
    },
    {
      "type": "Feature",
      "properties": {
        "record_id": "minocc-gold-487853",
        "historical_event_id": "39c1bfab6481505c",
        "name": "CONNEMARRA",
        "evidence_type": "ALLUVIAL_WORKING",
        "commodity": "gold",
        "commodity_group": "gold",
        "spatial_precision": "APPROXIMATE_POINT",
        "location_uncertainty_m": 50.0,
        "source_confidence": "high",
        "location_confidence": "APPROXIMATE",
        "historical_locality": "PANCAKE GULLY, 6.7 KM SE OF CALLIOPE",
        "modern_locality": "PANCAKE GULLY, 6.7 KM SE OF CALLIOPE",
        "year": null,
        "description": ">20M DEEP; ALL WORKINGS FILLED IN.; MINE; ABANDONED MINE",
        "provenance": {
          "authority": "Queensland Government MINOCC",
          "publication": "Mining Resources register",
          "date": null,
          "page": null,
          "record_id": "487853",
          "url": "https://spatial-gis.information.qld.gov.au/arcgis/rest/services/GeoscientificInformation/MiningResources/MapServer",
          "extraction_method": "automated_inventory",
          "ocr_status": "not_required",
          "location_method": "GLOBAL POSITIONING SYSTEM"
        },
        "map_display": true,
        "public_display": true,
        "recovery": null,
        "related_record_ids": [
          "487853"
        ],
        "research_area": "calliope-gladstone",
        "limitations": "Government occurrence \u2014 not proof of remaining gold",
        "label": "Historical evidence"
      },
      "geometry": {
        "type": "Point",
        "coordinates": [
          151.24552988912365,
          -24.050474999240834
        ]
      }
    },
    {
      "type": "Feature",
      "properties": {
        "record_id": "minocc-gold-486897",
        "historical_event_id": "4da116de5b946fba",
        "name": "COX CREEK PROSPECT",
        "evidence_type": "ALLUVIAL_WORKING",
        "commodity": "gold",
        "commodity_group": "gold",
        "spatial_precision": "APPROXIMATE_POINT",
        "location_uncertainty_m": 100.0,
        "source_confidence": "high",
        "location_confidence": "APPROXIMATE",
        "historical_locality": "3.2KM SSW OF COBBLER MOUNTAIN",
        "modern_locality": "3.2KM SSW OF COBBLER MOUNTAIN",
        "year": null,
        "description": "MINE; ABANDONED MINE",
        "provenance": {
          "authority": "Queensland Government MINOCC",
          "publication": "Mining Resources register",
          "date": null,
          "page": null,
          "record_id": "486897",
          "url": "https://spatial-gis.information.qld.gov.au/arcgis/rest/services/GeoscientificInformation/MiningResources/MapServer",
          "extraction_method": "automated_inventory",
          "ocr_status": "not_required",
          "location_method": "GPS OBSERVATION (AMG-84)"
        },
        "map_display": true,
        "public_display": true,
        "recovery": null,
        "related_record_ids": [
          "486897"
        ],
        "research_area": "mount-morgan-dee-river",
        "limitations": "Government occurrence \u2014 not proof of remaining gold",
        "label": "Historical evidence"
      },
      "geometry": {
        "type": "Point",
        "coordinates": [
          150.0687792220131,
          -23.630495888649286
        ]
      }
    },
    {
      "type": "Feature",
      "properties": {
        "record_id": "minocc-gold-491529",
        "historical_event_id": "cc8087e7733362fb",
        "name": "COXS REEF",
        "evidence_type": "ALLUVIAL_WORKING",
        "commodity": "gold",
        "commodity_group": "gold",
        "spatial_precision": "APPROXIMATE_POINT",
        "location_uncertainty_m": 50.0,
        "source_confidence": "high",
        "location_confidence": "APPROXIMATE",
        "historical_locality": "CANIA GOLD FIELD.",
        "modern_locality": "CANIA GOLD FIELD.",
        "year": null,
        "description": "100M LONG X 40M WIDE X >5M DEEP.; There are two sets of parallel workings ~30m apart. Some eluvial workings also.; MINE; ABANDONED MINE",
        "provenance": {
          "authority": "Queensland Government MINOCC",
          "publication": "Mining Resources register",
          "date": null,
          "page": null,
          "record_id": "491529",
          "url": "https://spatial-gis.information.qld.gov.au/arcgis/rest/services/GeoscientificInformation/MiningResources/MapServer",
          "extraction_method": "automated_inventory",
          "ocr_status": "not_required",
          "location_method": "GPS OBSERVATION (AMG-84)"
        },
        "map_display": true,
        "public_display": true,
        "recovery": null,
        "related_record_ids": [
          "491529"
        ],
        "research_area": "calliope-gladstone",
        "limitations": "Government occurrence \u2014 not proof of remaining gold",
        "label": "Historical evidence"
      },
      "geometry": {
        "type": "Point",
        "coordinates": [
          150.97346533292003,
          -24.650977777531768
        ]
      }
    },
    {
      "type": "Feature",
      "properties": {
        "record_id": "minocc-gold-487518",
        "historical_event_id": "33bce01a55ff086b",
        "name": "CROCODILE CREEK",
        "evidence_type": "ALLUVIAL_WORKING",
        "commodity": "gold",
        "commodity_group": "gold",
        "spatial_precision": "APPROXIMATE_POINT",
        "location_uncertainty_m": 50.0,
        "source_confidence": "high",
        "location_confidence": "APPROXIMATE",
        "historical_locality": "AT HEAD OF MT USHER ROAD.",
        "modern_locality": "AT HEAD OF MT USHER ROAD.",
        "year": null,
        "description": ">400M LONG X 20M WIDE X >2M DEEP.; ALLUVIAL WORKINGS; ABANDONED MINE",
        "provenance": {
          "authority": "Queensland Government MINOCC",
          "publication": "Mining Resources register",
          "date": null,
          "page": null,
          "record_id": "487518",
          "url": "https://spatial-gis.information.qld.gov.au/arcgis/rest/services/GeoscientificInformation/MiningResources/MapServer",
          "extraction_method": "automated_inventory",
          "ocr_status": "not_required",
          "location_method": "GPS OBSERVATION (AMG-84)"
        },
        "map_display": true,
        "public_display": true,
        "recovery": null,
        "related_record_ids": [
          "487518"
        ],
        "research_area": "mount-morgan-dee-river",
        "limitations": "Government occurrence \u2014 not proof of remaining gold",
        "label": "Historical evidence"
      },
      "geometry": {
        "type": "Point",
        "coordinates": [
          150.47092922172166,
          -23.593610444033345
        ]
      }
    },
    {
      "type": "Feature",
      "properties": {
        "record_id": "minocc-gold-484521",
        "historical_event_id": "795124f100a2ff72",
        "name": "CROW CREEK",
        "evidence_type": "ALLUVIAL_WORKING",
        "commodity": "gold",
        "commodity_group": "gold",
        "spatial_precision": "APPROXIMATE_POINT",
        "location_uncertainty_m": 50.0,
        "source_confidence": "high",
        "location_confidence": "APPROXIMATE",
        "historical_locality": "5 KM ENE OF MT SEAVIEW (40 KM SW OF CALLIOPE)",
        "modern_locality": "5 KM ENE OF MT SEAVIEW (40 KM SW OF CALLIOPE)",
        "year": null,
        "description": "ALLUVIAL WORKINGS; ABANDONED MINE",
        "provenance": {
          "authority": "Queensland Government MINOCC",
          "publication": "Mining Resources register",
          "date": null,
          "page": null,
          "record_id": "484521",
          "url": "https://spatial-gis.information.qld.gov.au/arcgis/rest/services/GeoscientificInformation/MiningResources/MapServer",
          "extraction_method": "automated_inventory",
          "ocr_status": "not_required",
          "location_method": "GPS OBSERVATION (AMG-84)"
        },
        "map_display": true,
        "public_display": true,
        "recovery": null,
        "related_record_ids": [
          "484521"
        ],
        "research_area": "calliope-gladstone",
        "limitations": "Government occurrence \u2014 not proof of remaining gold",
        "label": "Historical evidence"
      },
      "geometry": {
        "type": "Point",
        "coordinates": [
          150.991813222717,
          -24.260813888038424
        ]
      }
    },
    {
      "type": "Feature",
      "properties": {
        "record_id": "minocc-gold-518549",
        "historical_event_id": "096ad216dce001ea",
        "name": "CROYDON",
        "evidence_type": "ALLUVIAL_WORKING",
        "commodity": "gold",
        "commodity_group": "gold",
        "spatial_precision": "APPROXIMATE_POINT",
        "location_uncertainty_m": 100.0,
        "source_confidence": "high",
        "location_confidence": "APPROXIMATE",
        "historical_locality": "6 KM S OF CLERMONT",
        "modern_locality": "6 KM S OF CLERMONT",
        "year": null,
        "description": "ALLUVIAL WORKINGS; ABANDONED MINE",
        "provenance": {
          "authority": "Queensland Government MINOCC",
          "publication": "Mining Resources register",
          "date": null,
          "page": null,
          "record_id": "518549",
          "url": "https://spatial-gis.information.qld.gov.au/arcgis/rest/services/GeoscientificInformation/MiningResources/MapServer",
          "extraction_method": "automated_inventory",
          "ocr_status": "not_required",
          "location_method": "REPORT (UNPUBLISHED)"
        },
        "map_display": true,
        "public_display": true,
        "recovery": null,
        "related_record_ids": [
          "518549"
        ],
        "research_area": "clermont-blair-athol",
        "limitations": "Government occurrence \u2014 not proof of remaining gold",
        "label": "Historical evidence"
      },
      "geometry": {
        "type": "Point",
        "coordinates": [
          147.65428611135326,
          -22.877973665740825
        ]
      }
    },
    {
      "type": "Feature",
      "properties": {
        "record_id": "minocc-gold-488984",
        "historical_event_id": "bfcabef5099d3c70",
        "name": "CURLEW HILLS",
        "evidence_type": "ALLUVIAL_WORKING",
        "commodity": "gold",
        "commodity_group": "gold",
        "spatial_precision": "APPROXIMATE_POINT",
        "location_uncertainty_m": 50.0,
        "source_confidence": "high",
        "location_confidence": "APPROXIMATE",
        "historical_locality": "IN THE HEADWATERS OF STONEY CREEK, SOUTHEAST OF TUNGAMULL.",
        "modern_locality": "IN THE HEADWATERS OF STONEY CREEK, SOUTHEAST OF TUNGAMULL.",
        "year": null,
        "description": "100M LONG X 30M WIDE X >1M DEEP.; WORKINGS SCATTERED OVER A LOW GRASSY HILL.; MINE; ABANDONED MINE",
        "provenance": {
          "authority": "Queensland Government MINOCC",
          "publication": "Mining Resources register",
          "date": null,
          "page": null,
          "record_id": "488984",
          "url": "https://spatial-gis.information.qld.gov.au/arcgis/rest/services/GeoscientificInformation/MiningResources/MapServer",
          "extraction_method": "automated_inventory",
          "ocr_status": "not_required",
          "location_method": "GPS OBSERVATION (AMG-84)"
        },
        "map_display": true,
        "public_display": true,
        "recovery": null,
        "related_record_ids": [
          "488984"
        ],
        "research_area": "mount-morgan-dee-river",
        "limitations": "Government occurrence \u2014 not proof of remaining gold",
        "label": "Historical evidence"
      },
      "geometry": {
        "type": "Point",
        "coordinates": [
          150.69769655537945,
          -23.332756999654045
        ]
      }
    },
    {
      "type": "Feature",
      "properties": {
        "record_id": "minocc-gold-485885",
        "historical_event_id": "5709cf79618795e0",
        "name": "DAN DAN CREEK",
        "evidence_type": "ALLUVIAL_WORKING",
        "commodity": "gold",
        "commodity_group": "gold",
        "spatial_precision": "APPROXIMATE_POINT",
        "location_uncertainty_m": 50.0,
        "source_confidence": "high",
        "location_confidence": "APPROXIMATE",
        "historical_locality": "3 KM ESE OF MOUNT SEAVIEW (40 KM SW OF CALLIOPE)",
        "modern_locality": "3 KM ESE OF MOUNT SEAVIEW (40 KM SW OF CALLIOPE)",
        "year": null,
        "description": "50M LONG X 25M WIDE; MINE; ABANDONED MINE",
        "provenance": {
          "authority": "Queensland Government MINOCC",
          "publication": "Mining Resources register",
          "date": null,
          "page": null,
          "record_id": "485885",
          "url": "https://spatial-gis.information.qld.gov.au/arcgis/rest/services/GeoscientificInformation/MiningResources/MapServer",
          "extraction_method": "automated_inventory",
          "ocr_status": "not_required",
          "location_method": "GPS OBSERVATION (AMG-84)"
        },
        "map_display": true,
        "public_display": true,
        "recovery": null,
        "related_record_ids": [
          "485885"
        ],
        "research_area": "calliope-gladstone",
        "limitations": "Government occurrence \u2014 not proof of remaining gold",
        "label": "Historical evidence"
      },
      "geometry": {
        "type": "Point",
        "coordinates": [
          150.97272922216553,
          -24.281179221630573
        ]
      }
    },
    {
      "type": "Feature",
      "properties": {
        "record_id": "minocc-gold-491528",
        "historical_event_id": "5e8ea72c18092150",
        "name": "DAYLIGHT GULLY",
        "evidence_type": "ALLUVIAL_WORKING",
        "commodity": "gold",
        "commodity_group": "gold",
        "spatial_precision": "APPROXIMATE_POINT",
        "location_uncertainty_m": 100.0,
        "source_confidence": "high",
        "location_confidence": "APPROXIMATE",
        "historical_locality": "CANIA GOLD FIELD.",
        "modern_locality": "CANIA GOLD FIELD.",
        "year": null,
        "description": "300M LONG X 20M WIDE X >1M DEEP.; ALLUVIAL WORKINGS; ABANDONED MINE",
        "provenance": {
          "authority": "Queensland Government MINOCC",
          "publication": "Mining Resources register",
          "date": null,
          "page": null,
          "record_id": "491528",
          "url": "https://spatial-gis.information.qld.gov.au/arcgis/rest/services/GeoscientificInformation/MiningResources/MapServer",
          "extraction_method": "automated_inventory",
          "ocr_status": "not_required",
          "location_method": "TOPOGRAPHIC MAP (1:100 000 SCALE) (100M ACCURACY)"
        },
        "map_display": true,
        "public_display": true,
        "recovery": null,
        "related_record_ids": [
          "491528"
        ],
        "research_area": "calliope-gladstone",
        "limitations": "Government occurrence \u2014 not proof of remaining gold",
        "label": "Historical evidence"
      },
      "geometry": {
        "type": "Point",
        "coordinates": [
          150.95373611120732,
          -24.652513888336973
        ]
      }
    },
    {
      "type": "Feature",
      "properties": {
        "record_id": "minocc-gold-518527",
        "historical_event_id": "9a6fc6e87575d914",
        "name": "DEAD HORSE LEAD",
        "evidence_type": "ALLUVIAL_WORKING",
        "commodity": "gold",
        "commodity_group": "gold",
        "spatial_precision": "APPROXIMATE_POINT",
        "location_uncertainty_m": 300.0,
        "source_confidence": "high",
        "location_confidence": "APPROXIMATE",
        "historical_locality": "2 KM S OF CLERMONT",
        "modern_locality": "2 KM S OF CLERMONT",
        "year": null,
        "description": "ALLUVIAL WORKINGS; ABANDONED MINE",
        "provenance": {
          "authority": "Queensland Government MINOCC",
          "publication": "Mining Resources register",
          "date": null,
          "page": null,
          "record_id": "518527",
          "url": "https://spatial-gis.information.qld.gov.au/arcgis/rest/services/GeoscientificInformation/MiningResources/MapServer",
          "extraction_method": "automated_inventory",
          "ocr_status": "not_required",
          "location_method": "REPORT (UNPUBLISHED)"
        },
        "map_display": true,
        "public_display": true,
        "recovery": null,
        "related_record_ids": [
          "518527"
        ],
        "research_area": "clermont-blair-athol",
        "limitations": "Government occurrence \u2014 not proof of remaining gold",
        "label": "Historical evidence"
      },
      "geometry": {
        "type": "Point",
        "coordinates": [
          147.62584588848534,
          -22.841593777276167
        ]
      }
    },
    {
      "type": "Feature",
      "properties": {
        "record_id": "minocc-gold-486478",
        "historical_event_id": "558a1c5eea4d02d5",
        "name": "DEADMAN'S GULLY",
        "evidence_type": "ALLUVIAL_WORKING",
        "commodity": "gold",
        "commodity_group": "gold",
        "spatial_precision": "APPROXIMATE_POINT",
        "location_uncertainty_m": 200.0,
        "source_confidence": "high",
        "location_confidence": "APPROXIMATE",
        "historical_locality": "4 KM E OF BOULDERCOMBE",
        "modern_locality": "4 KM E OF BOULDERCOMBE",
        "year": null,
        "description": "100M LONG X 1.5M WIDE X 3.6M DEEP; MINE; ABANDONED MINE",
        "provenance": {
          "authority": "Queensland Government MINOCC",
          "publication": "Mining Resources register",
          "date": null,
          "page": null,
          "record_id": "486478",
          "url": "https://spatial-gis.information.qld.gov.au/arcgis/rest/services/GeoscientificInformation/MiningResources/MapServer",
          "extraction_method": "automated_inventory",
          "ocr_status": "not_required",
          "location_method": "GLOBAL POSITIONING SYSTEM"
        },
        "map_display": true,
        "public_display": true,
        "recovery": null,
        "related_record_ids": [
          "486478"
        ],
        "research_area": "mount-morgan-dee-river",
        "limitations": "Government occurrence \u2014 not proof of remaining gold",
        "label": "Historical evidence"
      },
      "geometry": {
        "type": "Point",
        "coordinates": [
          150.5115194439797,
          -23.570795888560387
        ]
      }
    },
    {
      "type": "Feature",
      "properties": {
        "record_id": "minocc-gold-41489",
        "historical_event_id": "03039afb255130fe",
        "name": "DECIMA LEAD",
        "evidence_type": "ALLUVIAL_WORKING",
        "commodity": "gold",
        "commodity_group": "gold",
        "spatial_precision": "APPROXIMATE_POINT",
        "location_uncertainty_m": 200.0,
        "source_confidence": "high",
        "location_confidence": "APPROXIMATE",
        "historical_locality": "36.1 KM E OF MONTEAGLE HST.",
        "modern_locality": "36.1 KM E OF MONTEAGLE HST.",
        "year": null,
        "description": "MINE; ABANDONED MINE",
        "provenance": {
          "authority": "Queensland Government MINOCC",
          "publication": "Mining Resources register",
          "date": null,
          "page": null,
          "record_id": "41489",
          "url": "https://spatial-gis.information.qld.gov.au/arcgis/rest/services/GeoscientificInformation/MiningResources/MapServer",
          "extraction_method": "automated_inventory",
          "ocr_status": "not_required",
          "location_method": "TOPOGRAPHIC MAP (SCALE UNSPECIFIED)"
        },
        "map_display": true,
        "public_display": true,
        "recovery": null,
        "related_record_ids": [
          "41489"
        ],
        "research_area": "clermont-blair-athol",
        "limitations": "Government occurrence \u2014 not proof of remaining gold",
        "label": "Historical evidence"
      },
      "geometry": {
        "type": "Point",
        "coordinates": [
          147.45845833373969,
          -22.62264866617154
        ]
      }
    },
    {
      "type": "Feature",
      "properties": {
        "record_id": "minocc-gold-486892",
        "historical_event_id": "fed04838035b4e43",
        "name": "DEE RIVER ALLUVIALS",
        "evidence_type": "ALLUVIAL_WORKING",
        "commodity": "gold",
        "commodity_group": "gold",
        "spatial_precision": "APPROXIMATE_POINT",
        "location_uncertainty_m": 100.0,
        "source_confidence": "high",
        "location_confidence": "APPROXIMATE",
        "historical_locality": "8 KM NE OF MOUNT MORGAN P.O.",
        "modern_locality": "8 KM NE OF MOUNT MORGAN P.O.",
        "year": null,
        "description": "~1000M LONG X ~400M WIDE X >2M DEEP; ALLUVIAL WORKINGS; ABANDONED MINE",
        "provenance": {
          "authority": "Queensland Government MINOCC",
          "publication": "Mining Resources register",
          "date": null,
          "page": null,
          "record_id": "486892",
          "url": "https://spatial-gis.information.qld.gov.au/arcgis/rest/services/GeoscientificInformation/MiningResources/MapServer",
          "extraction_method": "automated_inventory",
          "ocr_status": "not_required",
          "location_method": "GPS OBSERVATION (AMG-84)"
        },
        "map_display": true,
        "public_display": true,
        "recovery": null,
        "related_record_ids": [
          "486892"
        ],
        "research_area": "mount-morgan-dee-river",
        "limitations": "Government occurrence \u2014 not proof of remaining gold",
        "label": "Historical evidence"
      },
      "geometry": {
        "type": "Point",
        "coordinates": [
          150.4566055551777,
          -23.610166666187034
        ]
      }
    },
    {
      "type": "Feature",
      "properties": {
        "record_id": "minocc-gold-524717",
        "historical_event_id": "1b7fb972b82cba57",
        "name": "DEEP CREEK LEAD",
        "evidence_type": "ALLUVIAL_WORKING",
        "commodity": "gold",
        "commodity_group": "gold",
        "spatial_precision": "APPROXIMATE_POINT",
        "location_uncertainty_m": 100.0,
        "source_confidence": "high",
        "location_confidence": "APPROXIMATE",
        "historical_locality": "4.2 KM SSE OF CLERMONT",
        "modern_locality": "4.2 KM SSE OF CLERMONT",
        "year": null,
        "description": "900M LONG; ALLUVIAL WORKINGS; ABANDONED MINE",
        "provenance": {
          "authority": "Queensland Government MINOCC",
          "publication": "Mining Resources register",
          "date": null,
          "page": null,
          "record_id": "524717",
          "url": "https://spatial-gis.information.qld.gov.au/arcgis/rest/services/GeoscientificInformation/MiningResources/MapServer",
          "extraction_method": "automated_inventory",
          "ocr_status": "not_required",
          "location_method": "DIGITISED FROM AIRPHOTO COMPILATION SHEET"
        },
        "map_display": true,
        "public_display": true,
        "recovery": null,
        "related_record_ids": [
          "524717"
        ],
        "research_area": "clermont-blair-athol",
        "limitations": "Government occurrence \u2014 not proof of remaining gold",
        "label": "Historical evidence"
      },
      "geometry": {
        "type": "Point",
        "coordinates": [
          147.66382777807678,
          -22.86566944409082
        ]
      }
    },
    {
      "type": "Feature",
      "properties": {
        "record_id": "minocc-gold-501218",
        "historical_event_id": "4d520d6c3ad54b4e",
        "name": "DEMAR",
        "evidence_type": "ALLUVIAL_WORKING",
        "commodity": "gold",
        "commodity_group": "gold",
        "spatial_precision": "PRECISE_POINT",
        "location_uncertainty_m": 10.0,
        "source_confidence": "high",
        "location_confidence": "HIGH_CONFIDENCE",
        "historical_locality": "48.7KM SW OF ROSEDALE",
        "modern_locality": "48.7KM SW OF ROSEDALE",
        "year": null,
        "description": "STREAM/CREEK/RIVER; ABANDONED MINE",
        "provenance": {
          "authority": "Queensland Government MINOCC",
          "publication": "Mining Resources register",
          "date": null,
          "page": null,
          "record_id": "501218",
          "url": "https://spatial-gis.information.qld.gov.au/arcgis/rest/services/GeoscientificInformation/MiningResources/MapServer",
          "extraction_method": "automated_inventory",
          "ocr_status": "not_required",
          "location_method": "GPS OBSERVATION (AMG-66)"
        },
        "map_display": true,
        "public_display": true,
        "recovery": null,
        "related_record_ids": [
          "501218"
        ],
        "research_area": "calliope-gladstone",
        "limitations": "Government occurrence \u2014 not proof of remaining gold",
        "label": "Historical evidence"
      },
      "geometry": {
        "type": "Point",
        "coordinates": [
          151.64437433283442,
          -24.994252109984224
        ]
      }
    },
    {
      "type": "Feature",
      "properties": {
        "record_id": "minocc-gold-491050",
        "historical_event_id": "ee4e1eea227249ca",
        "name": "DENNY GULLY",
        "evidence_type": "ALLUVIAL_WORKING",
        "commodity": "gold",
        "commodity_group": "gold",
        "spatial_precision": "APPROXIMATE_POINT",
        "location_uncertainty_m": 100.0,
        "source_confidence": "high",
        "location_confidence": "APPROXIMATE",
        "historical_locality": "LOCATED 4KM NW OF CANIA DAM, 85KM SOUTH OF GLADSTONE.",
        "modern_locality": "LOCATED 4KM NW OF CANIA DAM, 85KM SOUTH OF GLADSTONE.",
        "year": null,
        "description": "2KM LONG.; Workings extend along the full length of Denny Gully and up side gullies.; MINE; ABANDONED MINE",
        "provenance": {
          "authority": "Queensland Government MINOCC",
          "publication": "Mining Resources register",
          "date": null,
          "page": null,
          "record_id": "491050",
          "url": "https://spatial-gis.information.qld.gov.au/arcgis/rest/services/GeoscientificInformation/MiningResources/MapServer",
          "extraction_method": "automated_inventory",
          "ocr_status": "not_required",
          "location_method": "TOPOGRAPHIC MAP (1:100 000 SCALE) (100M ACCURACY)"
        },
        "map_display": true,
        "public_display": true,
        "recovery": null,
        "related_record_ids": [
          "491050"
        ],
        "research_area": "calliope-gladstone",
        "limitations": "Government occurrence \u2014 not proof of remaining gold",
        "label": "Historical evidence"
      },
      "geometry": {
        "type": "Point",
        "coordinates": [
          150.91521388862196,
          -24.598810443321025
        ]
      }
    },
    {
      "type": "Feature",
      "properties": {
        "record_id": "minocc-gold-44552",
        "historical_event_id": "757f71533ffb8229",
        "name": "DIGGERS CREEK",
        "evidence_type": "ALLUVIAL_WORKING",
        "commodity": "gold",
        "commodity_group": "gold",
        "spatial_precision": "APPROXIMATE_POINT",
        "location_uncertainty_m": 200.0,
        "source_confidence": "high",
        "location_confidence": "APPROXIMATE",
        "historical_locality": "71.7 KM NW OF ANAKIE.",
        "modern_locality": "71.7 KM NW OF ANAKIE.",
        "year": null,
        "description": "MINE; ABANDONED MINE",
        "provenance": {
          "authority": "Queensland Government MINOCC",
          "publication": "Mining Resources register",
          "date": null,
          "page": null,
          "record_id": "44552",
          "url": "https://spatial-gis.information.qld.gov.au/arcgis/rest/services/GeoscientificInformation/MiningResources/MapServer",
          "extraction_method": "automated_inventory",
          "ocr_status": "not_required",
          "location_method": "TOPOGRAPHIC MAP (SCALE UNSPECIFIED)"
        },
        "map_display": true,
        "public_display": true,
        "recovery": null,
        "related_record_ids": [
          "44552"
        ],
        "research_area": "clermont-blair-athol",
        "limitations": "Government occurrence \u2014 not proof of remaining gold",
        "label": "Historical evidence"
      },
      "geometry": {
        "type": "Point",
        "coordinates": [
          147.31540277774147,
          -23.04079377684083
        ]
      }
    },
    {
      "type": "Feature",
      "properties": {
        "record_id": "minocc-gold-486938",
        "historical_event_id": "b793b1e7de635161",
        "name": "DIGGERS CREEK",
        "evidence_type": "ALLUVIAL_WORKING",
        "commodity": "gold",
        "commodity_group": "gold",
        "spatial_precision": "APPROXIMATE_POINT",
        "location_uncertainty_m": 100.0,
        "source_confidence": "high",
        "location_confidence": "APPROXIMATE",
        "historical_locality": "13.5 KM W OF BAJOOL",
        "modern_locality": "13.5 KM W OF BAJOOL",
        "year": null,
        "description": ">500M LONG; ALLUVIAL WORKINGS; ABANDONED MINE",
        "provenance": {
          "authority": "Queensland Government MINOCC",
          "publication": "Mining Resources register",
          "date": null,
          "page": null,
          "record_id": "486938",
          "url": "https://spatial-gis.information.qld.gov.au/arcgis/rest/services/GeoscientificInformation/MiningResources/MapServer",
          "extraction_method": "automated_inventory",
          "ocr_status": "not_required",
          "location_method": "TOPOGRAPHIC MAP (1:100 000 SCALE) (100M ACCURACY)"
        },
        "map_display": true,
        "public_display": true,
        "recovery": null,
        "related_record_ids": [
          "486938"
        ],
        "research_area": "mount-morgan-dee-river",
        "limitations": "Government occurrence \u2014 not proof of remaining gold",
        "label": "Historical evidence"
      },
      "geometry": {
        "type": "Point",
        "coordinates": [
          150.51374999968996,
          -23.66019722162002
        ]
      }
    },
    {
      "type": "Feature",
      "properties": {
        "record_id": "minocc-gold-486752",
        "historical_event_id": "de93619f907867b8",
        "name": "DIGGERS DIVE",
        "evidence_type": "ALLUVIAL_WORKING",
        "commodity": "gold",
        "commodity_group": "gold",
        "spatial_precision": "APPROXIMATE_POINT",
        "location_uncertainty_m": 200.0,
        "source_confidence": "high",
        "location_confidence": "APPROXIMATE",
        "historical_locality": "KANGAROO CREEK, 27 KM SSW OF MARMOR",
        "modern_locality": "KANGAROO CREEK, 27 KM SSW OF MARMOR",
        "year": null,
        "description": "120M LONG X 120M WIDE X >10M DEEP; MINE; ABANDONED MINE",
        "provenance": {
          "authority": "Queensland Government MINOCC",
          "publication": "Mining Resources register",
          "date": null,
          "page": null,
          "record_id": "486752",
          "url": "https://spatial-gis.information.qld.gov.au/arcgis/rest/services/GeoscientificInformation/MiningResources/MapServer",
          "extraction_method": "automated_inventory",
          "ocr_status": "not_required",
          "location_method": "TOPOGRAPHIC MAP (1:100 000 SCALE) (100M ACCURACY)"
        },
        "map_display": true,
        "public_display": true,
        "recovery": null,
        "related_record_ids": [
          "486752"
        ],
        "research_area": "mount-morgan-dee-river",
        "limitations": "Government occurrence \u2014 not proof of remaining gold",
        "label": "Historical evidence"
      },
      "geometry": {
        "type": "Point",
        "coordinates": [
          150.6405215552533,
          -23.912230555059985
        ]
      }
    },
    {
      "type": "Feature",
      "properties": {
        "record_id": "minocc-gold-485901",
        "historical_event_id": "aea1b5b5cb9da08e",
        "name": "DON",
        "evidence_type": "ALLUVIAL_WORKING",
        "commodity": "gold",
        "commodity_group": "gold",
        "spatial_precision": "APPROXIMATE_POINT",
        "location_uncertainty_m": 200.0,
        "source_confidence": "high",
        "location_confidence": "APPROXIMATE",
        "historical_locality": "UP DON GULLY TO THE NORTH OF LAST CHANCE, 31.5KM NNE OF BILOELA",
        "modern_locality": "UP DON GULLY TO THE NORTH OF LAST CHANCE, 31.5KM NNE OF BILOELA",
        "year": null,
        "description": "5.2M LONG; MINE; ABANDONED MINE",
        "provenance": {
          "authority": "Queensland Government MINOCC",
          "publication": "Mining Resources register",
          "date": null,
          "page": null,
          "record_id": "485901",
          "url": "https://spatial-gis.information.qld.gov.au/arcgis/rest/services/GeoscientificInformation/MiningResources/MapServer",
          "extraction_method": "automated_inventory",
          "ocr_status": "not_required",
          "location_method": "TOPOGRAPHIC MAP (1:100 000 SCALE) (100M ACCURACY)"
        },
        "map_display": true,
        "public_display": true,
        "recovery": null,
        "related_record_ids": [
          "485901"
        ],
        "research_area": "mount-morgan-dee-river",
        "limitations": "Government occurrence \u2014 not proof of remaining gold",
        "label": "Historical evidence"
      },
      "geometry": {
        "type": "Point",
        "coordinates": [
          150.6235875550879,
          -24.13899933273131
        ]
      }
    },
    {
      "type": "Feature",
      "properties": {
        "record_id": "minocc-gold-488286",
        "historical_event_id": "aada2fab780df037",
        "name": "DOOLOO CREEK",
        "evidence_type": "ALLUVIAL_WORKING",
        "commodity": "gold",
        "commodity_group": "gold",
        "spatial_precision": "APPROXIMATE_POINT",
        "location_uncertainty_m": 50.0,
        "source_confidence": "high",
        "location_confidence": "APPROXIMATE",
        "historical_locality": "HEADWATERS OF DOOLOO CREEK. DOOLOO TOPS AREA.",
        "modern_locality": "HEADWATERS OF DOOLOO CREEK. DOOLOO TOPS AREA.",
        "year": null,
        "description": "8M LONG X 3M WIDE X >10M DEEP.; OTHER MINOR PITS LOCATED 300M UPSTREAM.; MINE; ABANDONED MINE",
        "provenance": {
          "authority": "Queensland Government MINOCC",
          "publication": "Mining Resources register",
          "date": null,
          "page": null,
          "record_id": "488286",
          "url": "https://spatial-gis.information.qld.gov.au/arcgis/rest/services/GeoscientificInformation/MiningResources/MapServer",
          "extraction_method": "automated_inventory",
          "ocr_status": "not_required",
          "location_method": "GLOBAL POSITIONING SYSTEM"
        },
        "map_display": true,
        "public_display": true,
        "recovery": null,
        "related_record_ids": [
          "488286"
        ],
        "research_area": "calliope-gladstone",
        "limitations": "Government occurrence \u2014 not proof of remaining gold",
        "label": "Historical evidence"
      },
      "geometry": {
        "type": "Point",
        "coordinates": [
          151.14384933300832,
          -24.56858199944306
        ]
      }
    },
    {
      "type": "Feature",
      "properties": {
        "record_id": "minocc-gold-490567",
        "historical_event_id": "d29dcfd5bf820479",
        "name": "DRUMBURLIE",
        "evidence_type": "ALLUVIAL_WORKING",
        "commodity": "gold",
        "commodity_group": "gold",
        "spatial_precision": "APPROXIMATE_POINT",
        "location_uncertainty_m": 50.0,
        "source_confidence": "high",
        "location_confidence": "APPROXIMATE",
        "historical_locality": "LOCATED 400 METRES NORTH OF THE DRUMBERLE HOMESTEAD.",
        "modern_locality": "LOCATED 400 METRES NORTH OF THE DRUMBERLE HOMESTEAD.",
        "year": null,
        "description": "50M LONG X 1M WIDE X 10M DEEP; Workings start in saddle between two low ridges near fence line and trend down into gully.; MINE; ABANDONED MINE",
        "provenance": {
          "authority": "Queensland Government MINOCC",
          "publication": "Mining Resources register",
          "date": null,
          "page": null,
          "record_id": "490567",
          "url": "https://spatial-gis.information.qld.gov.au/arcgis/rest/services/GeoscientificInformation/MiningResources/MapServer",
          "extraction_method": "automated_inventory",
          "ocr_status": "not_required",
          "location_method": "GPS OBSERVATION (AMG-66)"
        },
        "map_display": true,
        "public_display": true,
        "recovery": null,
        "related_record_ids": [
          "490567"
        ],
        "research_area": "calliope-gladstone",
        "limitations": "Government occurrence \u2014 not proof of remaining gold",
        "label": "Historical evidence"
      },
      "geometry": {
        "type": "Point",
        "coordinates": [
          150.51900699962425,
          -24.642990999074524
        ]
      }
    },
    {
      "type": "Feature",
      "properties": {
        "record_id": "minocc-gold-488419",
        "historical_event_id": "5ff70a15a76aacfd",
        "name": "EASTERN STAR",
        "evidence_type": "ALLUVIAL_WORKING",
        "commodity": "gold",
        "commodity_group": "gold",
        "spatial_precision": "APPROXIMATE_POINT",
        "location_uncertainty_m": 50.0,
        "source_confidence": "high",
        "location_confidence": "APPROXIMATE",
        "historical_locality": "5.5 KM SW OF JUNC BROAD AND MONAL CREEKS",
        "modern_locality": "5.5 KM SW OF JUNC BROAD AND MONAL CREEKS",
        "year": null,
        "description": "3M LONG X 3M WIDE X >10M DEEP.; MINE; ABANDONED MINE",
        "provenance": {
          "authority": "Queensland Government MINOCC",
          "publication": "Mining Resources register",
          "date": null,
          "page": null,
          "record_id": "488419",
          "url": "https://spatial-gis.information.qld.gov.au/arcgis/rest/services/GeoscientificInformation/MiningResources/MapServer",
          "extraction_method": "automated_inventory",
          "ocr_status": "not_required",
          "location_method": "GLOBAL POSITIONING SYSTEM"
        },
        "map_display": true,
        "public_display": true,
        "recovery": null,
        "related_record_ids": [
          "488419"
        ],
        "research_area": "calliope-gladstone",
        "limitations": "Government occurrence \u2014 not proof of remaining gold",
        "label": "Historical evidence"
      },
      "geometry": {
        "type": "Point",
        "coordinates": [
          151.06416111143722,
          -24.595610443608425
        ]
      }
    },
    {
      "type": "Feature",
      "properties": {
        "record_id": "minocc-gold-45496",
        "historical_event_id": "ed6f92f0a6daebaa",
        "name": "ECLIPSE",
        "evidence_type": "ALLUVIAL_WORKING",
        "commodity": "gold",
        "commodity_group": "gold",
        "spatial_precision": "APPROXIMATE_POINT",
        "location_uncertainty_m": 200.0,
        "source_confidence": "high",
        "location_confidence": "APPROXIMATE",
        "historical_locality": "5 KM SE OF MONTEAGLE HOMESTEAD",
        "modern_locality": "5 KM SE OF MONTEAGLE HOMESTEAD",
        "year": null,
        "description": "STREAM/CREEK/RIVER; MINERAL OCCURRENCE",
        "provenance": {
          "authority": "Queensland Government MINOCC",
          "publication": "Mining Resources register",
          "date": null,
          "page": null,
          "record_id": "45496",
          "url": "https://spatial-gis.information.qld.gov.au/arcgis/rest/services/GeoscientificInformation/MiningResources/MapServer",
          "extraction_method": "automated_inventory",
          "ocr_status": "not_required",
          "location_method": "BASED ON DEPARTMENTAL TENURE LOCATION SYSTEM"
        },
        "map_display": true,
        "public_display": true,
        "recovery": null,
        "related_record_ids": [
          "45496"
        ],
        "research_area": "clermont-blair-athol",
        "limitations": "Government occurrence \u2014 not proof of remaining gold",
        "label": "Historical evidence"
      },
      "geometry": {
        "type": "Point",
        "coordinates": [
          147.42569588926156,
          -22.88164866559289
        ]
      }
    },
    {
      "type": "Feature",
      "properties": {
        "record_id": "minocc-gold-491431",
        "historical_event_id": "c9a1e922118713ab",
        "name": "EIGHT MILE CREEK",
        "evidence_type": "ALLUVIAL_WORKING",
        "commodity": "gold",
        "commodity_group": "gold",
        "spatial_precision": "APPROXIMATE_POINT",
        "location_uncertainty_m": 50.0,
        "source_confidence": "high",
        "location_confidence": "APPROXIMATE",
        "historical_locality": "CANIA GOLD FIELD.",
        "modern_locality": "CANIA GOLD FIELD.",
        "year": null,
        "description": "MINE; ABANDONED MINE",
        "provenance": {
          "authority": "Queensland Government MINOCC",
          "publication": "Mining Resources register",
          "date": null,
          "page": null,
          "record_id": "491431",
          "url": "https://spatial-gis.information.qld.gov.au/arcgis/rest/services/GeoscientificInformation/MiningResources/MapServer",
          "extraction_method": "automated_inventory",
          "ocr_status": "not_required",
          "location_method": "GPS OBSERVATION (AMG-66)"
        },
        "map_display": true,
        "public_display": true,
        "recovery": null,
        "related_record_ids": [
          "491431"
        ],
        "research_area": "calliope-gladstone",
        "limitations": "Government occurrence \u2014 not proof of remaining gold",
        "label": "Historical evidence"
      },
      "geometry": {
        "type": "Point",
        "coordinates": [
          150.95687500031696,
          -24.641724332136135
        ]
      }
    },
    {
      "type": "Feature",
      "properties": {
        "record_id": "minocc-gold-486898",
        "historical_event_id": "ef9ea85563961108",
        "name": "EMU CREEK",
        "evidence_type": "ALLUVIAL_WORKING",
        "commodity": "gold",
        "commodity_group": "gold",
        "spatial_precision": "APPROXIMATE_POINT",
        "location_uncertainty_m": 100.0,
        "source_confidence": "high",
        "location_confidence": "APPROXIMATE",
        "historical_locality": "5.2KM NNE OF COBBLER MOUNTAIN",
        "modern_locality": "5.2KM NNE OF COBBLER MOUNTAIN",
        "year": null,
        "description": "1000M LONG X >5M DEEP; SHAFT LOCATED IN CREEK BED.; MINE; ABANDONED MINE",
        "provenance": {
          "authority": "Queensland Government MINOCC",
          "publication": "Mining Resources register",
          "date": null,
          "page": null,
          "record_id": "486898",
          "url": "https://spatial-gis.information.qld.gov.au/arcgis/rest/services/GeoscientificInformation/MiningResources/MapServer",
          "extraction_method": "automated_inventory",
          "ocr_status": "not_required",
          "location_method": "GPS OBSERVATION (AMG-84)"
        },
        "map_display": true,
        "public_display": true,
        "recovery": null,
        "related_record_ids": [
          "486898"
        ],
        "research_area": "mount-morgan-dee-river",
        "limitations": "Government occurrence \u2014 not proof of remaining gold",
        "label": "Historical evidence"
      },
      "geometry": {
        "type": "Point",
        "coordinates": [
          150.08217366653702,
          -23.547079888151682
        ]
      }
    },
    {
      "type": "Feature",
      "properties": {
        "record_id": "minocc-gold-488987",
        "historical_event_id": "6e101999bfa90b3e",
        "name": "ESCORT",
        "evidence_type": "ALLUVIAL_WORKING",
        "commodity": "gold",
        "commodity_group": "gold",
        "spatial_precision": "APPROXIMATE_POINT",
        "location_uncertainty_m": 50.0,
        "source_confidence": "high",
        "location_confidence": "APPROXIMATE",
        "historical_locality": "IN NEW ZEALAND GULLY ALONG TRACK SOUTH OF NORTH STAR MINE.",
        "modern_locality": "IN NEW ZEALAND GULLY ALONG TRACK SOUTH OF NORTH STAR MINE.",
        "year": null,
        "description": "55M LONG X 25M WIDE X 6.1M DEEP; WORKINGS ARE LOCATED EITHER SIDE OF THE ACCESS TRACK.; MINE; ABANDONED MINE",
        "provenance": {
          "authority": "Queensland Government MINOCC",
          "publication": "Mining Resources register",
          "date": null,
          "page": null,
          "record_id": "488987",
          "url": "https://spatial-gis.information.qld.gov.au/arcgis/rest/services/GeoscientificInformation/MiningResources/MapServer",
          "extraction_method": "automated_inventory",
          "ocr_status": "not_required",
          "location_method": "GPS OBSERVATION (AMG-66)"
        },
        "map_display": true,
        "public_display": true,
        "recovery": null,
        "related_record_ids": [
          "488987"
        ],
        "research_area": "mount-morgan-dee-river",
        "limitations": "Government occurrence \u2014 not proof of remaining gold",
        "label": "Historical evidence"
      },
      "geometry": {
        "type": "Point",
        "coordinates": [
          150.638990999943,
          -23.34036877692778
        ]
      }
    },
    {
      "type": "Feature",
      "properties": {
        "record_id": "minocc-gold-486943",
        "historical_event_id": "cf8fc1cee385ddee",
        "name": "EUREKA CREEK",
        "evidence_type": "ALLUVIAL_WORKING",
        "commodity": "gold",
        "commodity_group": "gold",
        "spatial_precision": "APPROXIMATE_POINT",
        "location_uncertainty_m": 100.0,
        "source_confidence": "high",
        "location_confidence": "APPROXIMATE",
        "historical_locality": "11.5 KM E OF MOUNT MORGAN P.O.",
        "modern_locality": "11.5 KM E OF MOUNT MORGAN P.O.",
        "year": null,
        "description": "MINE; ABANDONED MINE",
        "provenance": {
          "authority": "Queensland Government MINOCC",
          "publication": "Mining Resources register",
          "date": null,
          "page": null,
          "record_id": "486943",
          "url": "https://spatial-gis.information.qld.gov.au/arcgis/rest/services/GeoscientificInformation/MiningResources/MapServer",
          "extraction_method": "automated_inventory",
          "ocr_status": "not_required",
          "location_method": "TOPOGRAPHIC MAP (1:100 000 SCALE) (100M ACCURACY)"
        },
        "map_display": true,
        "public_display": true,
        "recovery": null,
        "related_record_ids": [
          "486943"
        ],
        "research_area": "mount-morgan-dee-river",
        "limitations": "Government occurrence \u2014 not proof of remaining gold",
        "label": "Historical evidence"
      },
      "geometry": {
        "type": "Point",
        "coordinates": [
          150.49810766704707,
          -23.65813888804906
        ]
      }
    },
    {
      "type": "Feature",
      "properties": {
        "record_id": "minocc-gold-41492",
        "historical_event_id": "43feefb233dd7cbb",
        "name": "EXPEDITION CREEK WORKINGS",
        "evidence_type": "ALLUVIAL_WORKING",
        "commodity": "gold",
        "commodity_group": "gold",
        "spatial_precision": "APPROXIMATE_POINT",
        "location_uncertainty_m": 200.0,
        "source_confidence": "high",
        "location_confidence": "APPROXIMATE",
        "historical_locality": "40.9 KM ESE OF MONTEAGLE HST.",
        "modern_locality": "40.9 KM ESE OF MONTEAGLE HST.",
        "year": null,
        "description": "MINE; ABANDONED MINE",
        "provenance": {
          "authority": "Queensland Government MINOCC",
          "publication": "Mining Resources register",
          "date": null,
          "page": null,
          "record_id": "41492",
          "url": "https://spatial-gis.information.qld.gov.au/arcgis/rest/services/GeoscientificInformation/MiningResources/MapServer",
          "extraction_method": "automated_inventory",
          "ocr_status": "not_required",
          "location_method": "TOPOGRAPHIC MAP (SCALE UNSPECIFIED)"
        },
        "map_display": true,
        "public_display": true,
        "recovery": null,
        "related_record_ids": [
          "41492"
        ],
        "research_area": "clermont-blair-athol",
        "limitations": "Government occurrence \u2014 not proof of remaining gold",
        "label": "Historical evidence"
      },
      "geometry": {
        "type": "Point",
        "coordinates": [
          147.44150488909318,
          -22.79794933305013
        ]
      }
    },
    {
      "type": "Feature",
      "properties": {
        "record_id": "minocc-gold-45502",
        "historical_event_id": "7331171ed5460778",
        "name": "EXPEDITION NO 8",
        "evidence_type": "ALLUVIAL_WORKING",
        "commodity": "gold",
        "commodity_group": "gold",
        "spatial_precision": "APPROXIMATE_POINT",
        "location_uncertainty_m": 200.0,
        "source_confidence": "high",
        "location_confidence": "APPROXIMATE",
        "historical_locality": "39 KM SE OF MONTEAGLE HOMESTEAD",
        "modern_locality": "39 KM SE OF MONTEAGLE HOMESTEAD",
        "year": null,
        "description": "STREAM/CREEK/RIVER; ABANDONED MINE",
        "provenance": {
          "authority": "Queensland Government MINOCC",
          "publication": "Mining Resources register",
          "date": null,
          "page": null,
          "record_id": "45502",
          "url": "https://spatial-gis.information.qld.gov.au/arcgis/rest/services/GeoscientificInformation/MiningResources/MapServer",
          "extraction_method": "automated_inventory",
          "ocr_status": "not_required",
          "location_method": "BASED ON DEPARTMENTAL TENURE LOCATION SYSTEM"
        },
        "map_display": true,
        "public_display": true,
        "recovery": null,
        "related_record_ids": [
          "45502"
        ],
        "research_area": "clermont-blair-athol",
        "limitations": "Government occurrence \u2014 not proof of remaining gold",
        "label": "Historical evidence"
      },
      "geometry": {
        "type": "Point",
        "coordinates": [
          147.4371632223616,
          -22.772034777600847
        ]
      }
    },
    {
      "type": "Feature",
      "properties": {
        "record_id": "minocc-gold-524713",
        "historical_event_id": "404c18aaeba9248e",
        "name": "FEDERATION LEAD",
        "evidence_type": "ALLUVIAL_WORKING",
        "commodity": "gold",
        "commodity_group": "gold",
        "spatial_precision": "APPROXIMATE_POINT",
        "location_uncertainty_m": 200.0,
        "source_confidence": "high",
        "location_confidence": "APPROXIMATE",
        "historical_locality": "2 KM S OF CLERMONT",
        "modern_locality": "2 KM S OF CLERMONT",
        "year": null,
        "description": "400M LONG; ALLUVIAL WORKINGS; ABANDONED MINE",
        "provenance": {
          "authority": "Queensland Government MINOCC",
          "publication": "Mining Resources register",
          "date": null,
          "page": null,
          "record_id": "524713",
          "url": "https://spatial-gis.information.qld.gov.au/arcgis/rest/services/GeoscientificInformation/MiningResources/MapServer",
          "extraction_method": "automated_inventory",
          "ocr_status": "not_required",
          "location_method": "REPORT (PUBLISHED)"
        },
        "map_display": true,
        "public_display": true,
        "recovery": null,
        "related_record_ids": [
          "524713"
        ],
        "research_area": "clermont-blair-athol",
        "limitations": "Government occurrence \u2014 not proof of remaining gold",
        "label": "Historical evidence"
      },
      "geometry": {
        "type": "Point",
        "coordinates": [
          147.63411877756778,
          -22.84536599959496
        ]
      }
    },
    {
      "type": "Feature",
      "properties": {
        "record_id": "minocc-gold-485571",
        "historical_event_id": "a02174601fa5f4a4",
        "name": "FERGUSONS GULLY",
        "evidence_type": "ALLUVIAL_WORKING",
        "commodity": "gold",
        "commodity_group": "gold",
        "spatial_precision": "APPROXIMATE_POINT",
        "location_uncertainty_m": 100.0,
        "source_confidence": "high",
        "location_confidence": "APPROXIMATE",
        "historical_locality": "34 KM NW OF CLERMONT",
        "modern_locality": "34 KM NW OF CLERMONT",
        "year": null,
        "description": "MINE; ABANDONED MINE",
        "provenance": {
          "authority": "Queensland Government MINOCC",
          "publication": "Mining Resources register",
          "date": null,
          "page": null,
          "record_id": "485571",
          "url": "https://spatial-gis.information.qld.gov.au/arcgis/rest/services/GeoscientificInformation/MiningResources/MapServer",
          "extraction_method": "automated_inventory",
          "ocr_status": "not_required",
          "location_method": "REPORT (UNPUBLISHED)"
        },
        "map_display": true,
        "public_display": true,
        "recovery": null,
        "related_record_ids": [
          "485571"
        ],
        "research_area": "clermont-blair-athol",
        "limitations": "Government occurrence \u2014 not proof of remaining gold",
        "label": "Historical evidence"
      },
      "geometry": {
        "type": "Point",
        "coordinates": [
          147.56158611136357,
          -22.551427776704664
        ]
      }
    },
    {
      "type": "Feature",
      "properties": {
        "record_id": "minocc-gold-488988",
        "historical_event_id": "a80db3bf8920115f",
        "name": "FIDDLER",
        "evidence_type": "ALLUVIAL_WORKING",
        "commodity": "gold",
        "commodity_group": "gold",
        "spatial_precision": "APPROXIMATE_POINT",
        "location_uncertainty_m": 50.0,
        "source_confidence": "high",
        "location_confidence": "APPROXIMATE",
        "historical_locality": "IN THE HEADWATERS OF NEW ZEALAND GULLY IN A SADDLE EAST OF MT BADGER (525M)",
        "modern_locality": "IN THE HEADWATERS OF NEW ZEALAND GULLY IN A SADDLE EAST OF MT BADGER (525M)",
        "year": null,
        "description": "90M LONG X 35M WIDE X >10.0M DEEP; WORKINGS EXTEND WEST DOWN A VERY STEEP SLOPE, LARGE MULLOCK SCREE SLOPES.; MINE; ABANDONED MINE",
        "provenance": {
          "authority": "Queensland Government MINOCC",
          "publication": "Mining Resources register",
          "date": null,
          "page": null,
          "record_id": "488988",
          "url": "https://spatial-gis.information.qld.gov.au/arcgis/rest/services/GeoscientificInformation/MiningResources/MapServer",
          "extraction_method": "automated_inventory",
          "ocr_status": "not_required",
          "location_method": "GPS OBSERVATION (AMG-66)"
        },
        "map_display": true,
        "public_display": true,
        "recovery": null,
        "related_record_ids": [
          "488988"
        ],
        "research_area": "mount-morgan-dee-river",
        "limitations": "Government occurrence \u2014 not proof of remaining gold",
        "label": "Historical evidence"
      },
      "geometry": {
        "type": "Point",
        "coordinates": [
          150.6307458892846,
          -23.341110443670075
        ]
      }
    },
    {
      "type": "Feature",
      "properties": {
        "record_id": "minocc-gold-520298",
        "historical_event_id": "d2289d145f54272e",
        "name": "FIDDLER CREEK LEAD",
        "evidence_type": "ALLUVIAL_WORKING",
        "commodity": "gold",
        "commodity_group": "gold",
        "spatial_precision": "APPROXIMATE_POINT",
        "location_uncertainty_m": 300.0,
        "source_confidence": "high",
        "location_confidence": "APPROXIMATE",
        "historical_locality": "9.5 KM NW OF CLERMONT",
        "modern_locality": "9.5 KM NW OF CLERMONT",
        "year": null,
        "description": "1200M LONG; MINE DUMP; ABANDONED MINE",
        "provenance": {
          "authority": "Queensland Government MINOCC",
          "publication": "Mining Resources register",
          "date": null,
          "page": null,
          "record_id": "520298",
          "url": "https://spatial-gis.information.qld.gov.au/arcgis/rest/services/GeoscientificInformation/MiningResources/MapServer",
          "extraction_method": "automated_inventory",
          "ocr_status": "not_required",
          "location_method": "REPORT (UNPUBLISHED)"
        },
        "map_display": true,
        "public_display": true,
        "recovery": null,
        "related_record_ids": [
          "520298"
        ],
        "research_area": "clermont-blair-athol",
        "limitations": "Government occurrence \u2014 not proof of remaining gold",
        "label": "Historical evidence"
      },
      "geometry": {
        "type": "Point",
        "coordinates": [
          147.56319444474823,
          -22.774079221745968
        ]
      }
    },
    {
      "type": "Feature",
      "properties": {
        "record_id": "minocc-gold-487859",
        "historical_event_id": "851920d28cebadd2",
        "name": "FITZJOHN",
        "evidence_type": "ALLUVIAL_WORKING",
        "commodity": "gold",
        "commodity_group": "gold",
        "spatial_precision": "APPROXIMATE_POINT",
        "location_uncertainty_m": 50.0,
        "source_confidence": "high",
        "location_confidence": "APPROXIMATE",
        "historical_locality": "ON NORTHERN SLOPE OF SPUR ABOVE CANNOLE'S CREEK, 14 KM WSW OF LITTLEMORE",
        "modern_locality": "ON NORTHERN SLOPE OF SPUR ABOVE CANNOLE'S CREEK, 14 KM WSW OF LITTLEMORE",
        "year": null,
        "description": "20M LONG X 3.7M WIDE X 5M DEEP; MINE; ABANDONED MINE",
        "provenance": {
          "authority": "Queensland Government MINOCC",
          "publication": "Mining Resources register",
          "date": null,
          "page": null,
          "record_id": "487859",
          "url": "https://spatial-gis.information.qld.gov.au/arcgis/rest/services/GeoscientificInformation/MiningResources/MapServer",
          "extraction_method": "automated_inventory",
          "ocr_status": "not_required",
          "location_method": "GLOBAL POSITIONING SYSTEM"
        },
        "map_display": true,
        "public_display": true,
        "recovery": null,
        "related_record_ids": [
          "487859"
        ],
        "research_area": "calliope-gladstone",
        "limitations": "Government occurrence \u2014 not proof of remaining gold",
        "label": "Historical evidence"
      },
      "geometry": {
        "type": "Point",
        "coordinates": [
          151.20767777780958,
          -24.467420888337664
        ]
      }
    },
    {
      "type": "Feature",
      "properties": {
        "record_id": "minocc-gold-486550",
        "historical_event_id": "eb37ed6859ad871e",
        "name": "FIVE MILE CREEK",
        "evidence_type": "ALLUVIAL_WORKING",
        "commodity": "gold",
        "commodity_group": "gold",
        "spatial_precision": "APPROXIMATE_POINT",
        "location_uncertainty_m": 50.0,
        "source_confidence": "high",
        "location_confidence": "APPROXIMATE",
        "historical_locality": "5.2 KM S OF RAGLAN",
        "modern_locality": "5.2 KM S OF RAGLAN",
        "year": null,
        "description": ">1000M LONG X 50M WIDE X 2M DEEP; ALLUVIAL WORKINGS; ABANDONED MINE",
        "provenance": {
          "authority": "Queensland Government MINOCC",
          "publication": "Mining Resources register",
          "date": null,
          "page": null,
          "record_id": "486550",
          "url": "https://spatial-gis.information.qld.gov.au/arcgis/rest/services/GeoscientificInformation/MiningResources/MapServer",
          "extraction_method": "automated_inventory",
          "ocr_status": "not_required",
          "location_method": "GLOBAL POSITIONING SYSTEM"
        },
        "map_display": true,
        "public_display": true,
        "recovery": null,
        "related_record_ids": [
          "486550"
        ],
        "research_area": "mount-morgan-dee-river",
        "limitations": "Government occurrence \u2014 not proof of remaining gold",
        "label": "Historical evidence"
      },
      "geometry": {
        "type": "Point",
        "coordinates": [
          150.81381111121254,
          -23.764338888482698
        ]
      }
    },
    {
      "type": "Feature",
      "properties": {
        "record_id": "minocc-gold-540862",
        "historical_event_id": "ca6d43ca186718e3",
        "name": "FLAT DIGGINGS",
        "evidence_type": "ALLUVIAL_WORKING",
        "commodity": "gold",
        "commodity_group": "gold",
        "spatial_precision": "APPROXIMATE_POINT",
        "location_uncertainty_m": 100.0,
        "source_confidence": "high",
        "location_confidence": "APPROXIMATE",
        "historical_locality": "16 KM NW OF CLERMONT",
        "modern_locality": "16 KM NW OF CLERMONT",
        "year": null,
        "description": "Extensive alluvial workings.; MINE; ABANDONED MINE",
        "provenance": {
          "authority": "Queensland Government MINOCC",
          "publication": "Mining Resources register",
          "date": null,
          "page": null,
          "record_id": "540862",
          "url": "https://spatial-gis.information.qld.gov.au/arcgis/rest/services/GeoscientificInformation/MiningResources/MapServer",
          "extraction_method": "automated_inventory",
          "ocr_status": "not_required",
          "location_method": "GEOLOGICAL MAP (1:100 000 SCALE) (100M ACCURACY)"
        },
        "map_display": true,
        "public_display": true,
        "recovery": null,
        "related_record_ids": [
          "540862"
        ],
        "research_area": "clermont-blair-athol",
        "limitations": "Government occurrence \u2014 not proof of remaining gold",
        "label": "Historical evidence"
      },
      "geometry": {
        "type": "Point",
        "coordinates": [
          147.51469722194486,
          -22.74661877676514
        ]
      }
    },
    {
      "type": "Feature",
      "properties": {
        "record_id": "minocc-gold-525968",
        "historical_event_id": "5afbcf2c0da1a9a1",
        "name": "FLY SPECK LEAD",
        "evidence_type": "ALLUVIAL_WORKING",
        "commodity": "gold",
        "commodity_group": "gold",
        "spatial_precision": "APPROXIMATE_POINT",
        "location_uncertainty_m": 200.0,
        "source_confidence": "high",
        "location_confidence": "APPROXIMATE",
        "historical_locality": "21 KM NNW OF CLERMONT",
        "modern_locality": "21 KM NNW OF CLERMONT",
        "year": null,
        "description": "12.2M DEEP; ALLUVIAL WORKINGS; ABANDONED MINE",
        "provenance": {
          "authority": "Queensland Government MINOCC",
          "publication": "Mining Resources register",
          "date": null,
          "page": null,
          "record_id": "525968",
          "url": "https://spatial-gis.information.qld.gov.au/arcgis/rest/services/GeoscientificInformation/MiningResources/MapServer",
          "extraction_method": "automated_inventory",
          "ocr_status": "not_required",
          "location_method": "REPORT (PUBLISHED)"
        },
        "map_display": true,
        "public_display": true,
        "recovery": null,
        "related_record_ids": [
          "525968"
        ],
        "research_area": "clermont-blair-athol",
        "limitations": "Government occurrence \u2014 not proof of remaining gold",
        "label": "Historical evidence"
      },
      "geometry": {
        "type": "Point",
        "coordinates": [
          147.58497155590814,
          -22.6448132211031
        ]
      }
    },
    {
      "type": "Feature",
      "properties": {
        "record_id": "minocc-gold-524714",
        "historical_event_id": "d4373b39b5c8a645",
        "name": "FLYSPECK LEAD",
        "evidence_type": "ALLUVIAL_WORKING",
        "commodity": "gold",
        "commodity_group": "gold",
        "spatial_precision": "APPROXIMATE_POINT",
        "location_uncertainty_m": 100.0,
        "source_confidence": "high",
        "location_confidence": "APPROXIMATE",
        "historical_locality": "3 KM S OF CLERMONT",
        "modern_locality": "3 KM S OF CLERMONT",
        "year": null,
        "description": "300M LONG X 200M WIDE X 15.2M DEEP; ALLUVIAL WORKINGS; ABANDONED MINE",
        "provenance": {
          "authority": "Queensland Government MINOCC",
          "publication": "Mining Resources register",
          "date": null,
          "page": null,
          "record_id": "524714",
          "url": "https://spatial-gis.information.qld.gov.au/arcgis/rest/services/GeoscientificInformation/MiningResources/MapServer",
          "extraction_method": "automated_inventory",
          "ocr_status": "not_required",
          "location_method": "DIGITISED FROM AIRPHOTO COMPILATION SHEET"
        },
        "map_display": true,
        "public_display": true,
        "recovery": null,
        "related_record_ids": [
          "524714"
        ],
        "research_area": "clermont-blair-athol",
        "limitations": "Government occurrence \u2014 not proof of remaining gold",
        "label": "Historical evidence"
      },
      "geometry": {
        "type": "Point",
        "coordinates": [
          147.6662611112197,
          -22.88666877672672
        ]
      }
    },
    {
      "type": "Feature",
      "properties": {
        "record_id": "minocc-gold-489461",
        "historical_event_id": "3194da545090d3ec",
        "name": "FOGARTY",
        "evidence_type": "ALLUVIAL_WORKING",
        "commodity": "gold",
        "commodity_group": "gold",
        "spatial_precision": "APPROXIMATE_POINT",
        "location_uncertainty_m": 200.0,
        "source_confidence": "high",
        "location_confidence": "APPROXIMATE",
        "historical_locality": "CENTRE OF PORTION 73, APPROXIMATELY 3.2KM SOUTHEAST OF HUNTER'S GULLY WORKINGS.",
        "modern_locality": "CENTRE OF PORTION 73, APPROXIMATELY 3.2KM SOUTHEAST OF HUNTER'S GULLY WORKINGS.",
        "year": null,
        "description": "12.2M DEEP.; SHAFT DEEPEST TO 12.2M.; MINE; ABANDONED MINE",
        "provenance": {
          "authority": "Queensland Government MINOCC",
          "publication": "Mining Resources register",
          "date": null,
          "page": null,
          "record_id": "489461",
          "url": "https://spatial-gis.information.qld.gov.au/arcgis/rest/services/GeoscientificInformation/MiningResources/MapServer",
          "extraction_method": "automated_inventory",
          "ocr_status": "not_required",
          "location_method": "REPORT (PUBLISHED)"
        },
        "map_display": true,
        "public_display": true,
        "recovery": null,
        "related_record_ids": [
          "489461"
        ],
        "research_area": "mount-morgan-dee-river",
        "limitations": "Government occurrence \u2014 not proof of remaining gold",
        "label": "Historical evidence"
      },
      "geometry": {
        "type": "Point",
        "coordinates": [
          150.21006944463866,
          -23.284079887967728
        ]
      }
    },
    {
      "type": "Feature",
      "properties": {
        "record_id": "minocc-gold-491376",
        "historical_event_id": "269a269adc0753ee",
        "name": "FOUR MILE CREEK",
        "evidence_type": "ALLUVIAL_WORKING",
        "commodity": "gold",
        "commodity_group": "gold",
        "spatial_precision": "APPROXIMATE_POINT",
        "location_uncertainty_m": 50.0,
        "source_confidence": "high",
        "location_confidence": "APPROXIMATE",
        "historical_locality": "FOUR MILE CREEK CANIA GOLD FIELD, NORTH OF MONTO.",
        "modern_locality": "FOUR MILE CREEK CANIA GOLD FIELD, NORTH OF MONTO.",
        "year": null,
        "description": "1.5KM LONG X 200M WIDE.; Creek bed was dredged from its junction upstream for ~1.5km.; STREAM/CREEK/RIVER; ABANDONED MINE",
        "provenance": {
          "authority": "Queensland Government MINOCC",
          "publication": "Mining Resources register",
          "date": null,
          "page": null,
          "record_id": "491376",
          "url": "https://spatial-gis.information.qld.gov.au/arcgis/rest/services/GeoscientificInformation/MiningResources/MapServer",
          "extraction_method": "automated_inventory",
          "ocr_status": "not_required",
          "location_method": "GPS OBSERVATION (AMG-66)"
        },
        "map_display": true,
        "public_display": true,
        "recovery": null,
        "related_record_ids": [
          "491376"
        ],
        "research_area": "calliope-gladstone",
        "limitations": "Government occurrence \u2014 not proof of remaining gold",
        "label": "Historical evidence"
      },
      "geometry": {
        "type": "Point",
        "coordinates": [
          150.9565777779543,
          -24.629620888262487
        ]
      }
    },
    {
      "type": "Feature",
      "properties": {
        "record_id": "minocc-gold-41496",
        "historical_event_id": "271c6ec07a6df0bc",
        "name": "FOUR MILE DIGGINGS",
        "evidence_type": "ALLUVIAL_WORKING",
        "commodity": "gold",
        "commodity_group": "gold",
        "spatial_precision": "APPROXIMATE_POINT",
        "location_uncertainty_m": 200.0,
        "source_confidence": "high",
        "location_confidence": "APPROXIMATE",
        "historical_locality": "42.6 KM ESE OF MONTEAGLE HST.",
        "modern_locality": "42.6 KM ESE OF MONTEAGLE HST.",
        "year": null,
        "description": "MINE; ABANDONED MINE",
        "provenance": {
          "authority": "Queensland Government MINOCC",
          "publication": "Mining Resources register",
          "date": null,
          "page": null,
          "record_id": "41496",
          "url": "https://spatial-gis.information.qld.gov.au/arcgis/rest/services/GeoscientificInformation/MiningResources/MapServer",
          "extraction_method": "automated_inventory",
          "ocr_status": "not_required",
          "location_method": "TOPOGRAPHIC MAP (SCALE UNSPECIFIED)"
        },
        "map_display": true,
        "public_display": true,
        "recovery": null,
        "related_record_ids": [
          "41496"
        ],
        "research_area": "clermont-blair-athol",
        "limitations": "Government occurrence \u2014 not proof of remaining gold",
        "label": "Historical evidence"
      },
      "geometry": {
        "type": "Point",
        "coordinates": [
          147.4948632220907,
          -22.734557666412858
        ]
      }
    },
    {
      "type": "Feature",
      "properties": {
        "record_id": "minocc-gold-520229",
        "historical_event_id": "1df73c368bcae4f9",
        "name": "FOXS LEAD",
        "evidence_type": "ALLUVIAL_WORKING",
        "commodity": "gold",
        "commodity_group": "gold",
        "spatial_precision": "APPROXIMATE_POINT",
        "location_uncertainty_m": 300.0,
        "source_confidence": "high",
        "location_confidence": "APPROXIMATE",
        "historical_locality": "21 KM N OF CLERMONT",
        "modern_locality": "21 KM N OF CLERMONT",
        "year": null,
        "description": "15.2M DEEP; ALLUVIAL WORKINGS; ABANDONED MINE",
        "provenance": {
          "authority": "Queensland Government MINOCC",
          "publication": "Mining Resources register",
          "date": null,
          "page": null,
          "record_id": "520229",
          "url": "https://spatial-gis.information.qld.gov.au/arcgis/rest/services/GeoscientificInformation/MiningResources/MapServer",
          "extraction_method": "automated_inventory",
          "ocr_status": "not_required",
          "location_method": "REPORT (UNPUBLISHED)"
        },
        "map_display": true,
        "public_display": true,
        "recovery": null,
        "related_record_ids": [
          "520229"
        ],
        "research_area": "clermont-blair-athol",
        "limitations": "Government occurrence \u2014 not proof of remaining gold",
        "label": "Historical evidence"
      },
      "geometry": {
        "type": "Point",
        "coordinates": [
          147.58613544426925,
          -22.63666322107895
        ]
      }
    },
    {
      "type": "Feature",
      "properties": {
        "record_id": "minocc-gold-488270",
        "historical_event_id": "a39fe2aea655ef5b",
        "name": "GALAETA",
        "evidence_type": "ALLUVIAL_WORKING",
        "commodity": "gold",
        "commodity_group": "gold",
        "spatial_precision": "APPROXIMATE_POINT",
        "location_uncertainty_m": 100.0,
        "source_confidence": "high",
        "location_confidence": "APPROXIMATE",
        "historical_locality": "31 KM SSE OF MANY PEAKS",
        "modern_locality": "31 KM SSE OF MANY PEAKS",
        "year": null,
        "description": "400M LONG X 200M WIDE X >2M DEEP; ALLUVIAL WORKINGS; ABANDONED MINE",
        "provenance": {
          "authority": "Queensland Government MINOCC",
          "publication": "Mining Resources register",
          "date": null,
          "page": null,
          "record_id": "488270",
          "url": "https://spatial-gis.information.qld.gov.au/arcgis/rest/services/GeoscientificInformation/MiningResources/MapServer",
          "extraction_method": "automated_inventory",
          "ocr_status": "not_required",
          "location_method": "GPS OBSERVATION (AMG-84)"
        },
        "map_display": true,
        "public_display": true,
        "recovery": null,
        "related_record_ids": [
          "488270"
        ],
        "research_area": "calliope-gladstone",
        "limitations": "Government occurrence \u2014 not proof of remaining gold",
        "label": "Historical evidence"
      },
      "geometry": {
        "type": "Point",
        "coordinates": [
          151.4460660003473,
          -24.81443888818595
        ]
      }
    },
    {
      "type": "Feature",
      "properties": {
        "record_id": "minocc-gold-489004",
        "historical_event_id": "a0a46d7b5dbc8c97",
        "name": "GALAWA",
        "evidence_type": "ALLUVIAL_WORKING",
        "commodity": "gold",
        "commodity_group": "gold",
        "spatial_precision": "APPROXIMATE_POINT",
        "location_uncertainty_m": 50.0,
        "source_confidence": "high",
        "location_confidence": "APPROXIMATE",
        "historical_locality": "IN PRETTY FACE PARK ALONG LIMESTONE CREEK WEST OF MT WHEELER, PORTION 42 PARISH CAWARRAL.",
        "modern_locality": "IN PRETTY FACE PARK ALONG LIMESTONE CREEK WEST OF MT WHEELER, PORTION 42 PARISH CAWARRAL.",
        "year": null,
        "description": "38M LONG X 30M WIDE X 55M DEEP.; MILL FRAMEWORK AND TANK BRICKWORK REMAIN, HEADFRAME TIMBERS,TIMBERED ? MAIN SHAFT FENCED OFF AND      COLLAPSED.; MINE; ABANDONED MINE",
        "provenance": {
          "authority": "Queensland Government MINOCC",
          "publication": "Mining Resources register",
          "date": null,
          "page": null,
          "record_id": "489004",
          "url": "https://spatial-gis.information.qld.gov.au/arcgis/rest/services/GeoscientificInformation/MiningResources/MapServer",
          "extraction_method": "automated_inventory",
          "ocr_status": "not_required",
          "location_method": "REPORT (PUBLISHED)"
        },
        "map_display": true,
        "public_display": true,
        "recovery": null,
        "related_record_ids": [
          "489004"
        ],
        "research_area": "mount-morgan-dee-river",
        "limitations": "Government occurrence \u2014 not proof of remaining gold",
        "label": "Historical evidence"
      },
      "geometry": {
        "type": "Point",
        "coordinates": [
          150.67339588869066,
          -23.22465699976257
        ]
      }
    },
    {
      "type": "Feature",
      "properties": {
        "record_id": "minocc-gold-545876",
        "historical_event_id": "bbbb74a96eb11f45",
        "name": "GIN GIN CREEK",
        "evidence_type": "ALLUVIAL_WORKING",
        "commodity": "gold",
        "commodity_group": "gold",
        "spatial_precision": "APPROXIMATE_POINT",
        "location_uncertainty_m": 100.0,
        "source_confidence": "high",
        "location_confidence": "APPROXIMATE",
        "historical_locality": "19.3KM NE OF MOUNT PERRY",
        "modern_locality": "19.3KM NE OF MOUNT PERRY",
        "year": null,
        "description": "ALLUVIAL WORKINGS; ABANDONED MINE",
        "provenance": {
          "authority": "Queensland Government MINOCC",
          "publication": "Mining Resources register",
          "date": null,
          "page": null,
          "record_id": "545876",
          "url": "https://spatial-gis.information.qld.gov.au/arcgis/rest/services/GeoscientificInformation/MiningResources/MapServer",
          "extraction_method": "automated_inventory",
          "ocr_status": "not_required",
          "location_method": "TOPOGRAPHIC MAP (1:100 000 SCALE) (100M ACCURACY)"
        },
        "map_display": true,
        "public_display": true,
        "recovery": null,
        "related_record_ids": [
          "545876"
        ],
        "research_area": "calliope-gladstone",
        "limitations": "Government occurrence \u2014 not proof of remaining gold",
        "label": "Historical evidence"
      },
      "geometry": {
        "type": "Point",
        "coordinates": [
          151.6444826663608,
          -24.998768776937023
        ]
      }
    },
    {
      "type": "Feature",
      "properties": {
        "record_id": "minocc-gold-45519",
        "historical_event_id": "93fe625a78f43545",
        "name": "GOAT LEAD",
        "evidence_type": "ALLUVIAL_WORKING",
        "commodity": "gold",
        "commodity_group": "gold",
        "spatial_precision": "APPROXIMATE_POINT",
        "location_uncertainty_m": 200.0,
        "source_confidence": "high",
        "location_confidence": "APPROXIMATE",
        "historical_locality": "1 KM W OF CLERMONT",
        "modern_locality": "1 KM W OF CLERMONT",
        "year": null,
        "description": "STREAM/CREEK/RIVER; ABANDONED MINE",
        "provenance": {
          "authority": "Queensland Government MINOCC",
          "publication": "Mining Resources register",
          "date": null,
          "page": null,
          "record_id": "45519",
          "url": "https://spatial-gis.information.qld.gov.au/arcgis/rest/services/GeoscientificInformation/MiningResources/MapServer",
          "extraction_method": "automated_inventory",
          "ocr_status": "not_required",
          "location_method": "REPORT (PUBLISHED)"
        },
        "map_display": true,
        "public_display": true,
        "recovery": null,
        "related_record_ids": [
          "45519"
        ],
        "research_area": "clermont-blair-athol",
        "limitations": "Government occurrence \u2014 not proof of remaining gold",
        "label": "Historical evidence"
      },
      "geometry": {
        "type": "Point",
        "coordinates": [
          147.62235422196355,
          -22.81741811074919
        ]
      }
    },
    {
      "type": "Feature",
      "properties": {
        "record_id": "minocc-gold-488289",
        "historical_event_id": "f1ed7a6abde3429a",
        "name": "GOLDEN AGE",
        "evidence_type": "ALLUVIAL_WORKING",
        "commodity": "gold",
        "commodity_group": "gold",
        "spatial_precision": "APPROXIMATE_POINT",
        "location_uncertainty_m": 50.0,
        "source_confidence": "high",
        "location_confidence": "APPROXIMATE",
        "historical_locality": "AT HEAD OF GLASSFORD CREEK, 3 KM NE OF DOOLOO TOPS",
        "modern_locality": "AT HEAD OF GLASSFORD CREEK, 3 KM NE OF DOOLOO TOPS",
        "year": null,
        "description": "70M LONG X 40M WIDE X 10M DEEP; MINE; ABANDONED MINE",
        "provenance": {
          "authority": "Queensland Government MINOCC",
          "publication": "Mining Resources register",
          "date": null,
          "page": null,
          "record_id": "488289",
          "url": "https://spatial-gis.information.qld.gov.au/arcgis/rest/services/GeoscientificInformation/MiningResources/MapServer",
          "extraction_method": "automated_inventory",
          "ocr_status": "not_required",
          "location_method": "GLOBAL POSITIONING SYSTEM"
        },
        "map_display": true,
        "public_display": true,
        "recovery": null,
        "related_record_ids": [
          "488289"
        ],
        "research_area": "calliope-gladstone",
        "limitations": "Government occurrence \u2014 not proof of remaining gold",
        "label": "Historical evidence"
      },
      "geometry": {
        "type": "Point",
        "coordinates": [
          151.18608266624415,
          -24.552666665648413
        ]
      }
    },
    {
      "type": "Feature",
      "properties": {
        "record_id": "minocc-gold-488704",
        "historical_event_id": "bcfd5f4f57b31e1d",
        "name": "GOLDEN BAR",
        "evidence_type": "ALLUVIAL_WORKING",
        "commodity": "gold",
        "commodity_group": "gold",
        "spatial_precision": "APPROXIMATE_POINT",
        "location_uncertainty_m": 50.0,
        "source_confidence": "high",
        "location_confidence": "APPROXIMATE",
        "historical_locality": "500M SOUTHEAST OF MT WALLACE ON THE NORTH SIDE OF ROSEWOOD CREEK.",
        "modern_locality": "500M SOUTHEAST OF MT WALLACE ON THE NORTH SIDE OF ROSEWOOD CREEK.",
        "year": null,
        "description": "95M LONG X29M DEEP; ONLY MULLOCK HEAPS REMAIN, AREA HAS BEEN EXTENSIVELY ALLUVIAL MINED.; MINE; ABANDONED MINE",
        "provenance": {
          "authority": "Queensland Government MINOCC",
          "publication": "Mining Resources register",
          "date": null,
          "page": null,
          "record_id": "488704",
          "url": "https://spatial-gis.information.qld.gov.au/arcgis/rest/services/GeoscientificInformation/MiningResources/MapServer",
          "extraction_method": "automated_inventory",
          "ocr_status": "not_required",
          "location_method": "GPS OBSERVATION (AMG-84)"
        },
        "map_display": true,
        "public_display": true,
        "recovery": null,
        "related_record_ids": [
          "488704"
        ],
        "research_area": "mount-morgan-dee-river",
        "limitations": "Government occurrence \u2014 not proof of remaining gold",
        "label": "Historical evidence"
      },
      "geometry": {
        "type": "Point",
        "coordinates": [
          149.98230144479632,
          -23.318498665865626
        ]
      }
    },
    {
      "type": "Feature",
      "properties": {
        "record_id": "minocc-gold-488992",
        "historical_event_id": "67aab5a18835c17c",
        "name": "GOLDEN CREST",
        "evidence_type": "ALLUVIAL_WORKING",
        "commodity": "gold",
        "commodity_group": "gold",
        "spatial_precision": "APPROXIMATE_POINT",
        "location_uncertainty_m": 50.0,
        "source_confidence": "high",
        "location_confidence": "APPROXIMATE",
        "historical_locality": "ON THE WESTERN SIDE OF NEW ZEALAND GULLY",
        "modern_locality": "ON THE WESTERN SIDE OF NEW ZEALAND GULLY",
        "year": null,
        "description": "45M LONG X 10M WIDE X 9.75M DEEP.; THE ONLY SHAFT OPEN IS THE ?MAIN SHAFT WHERE THE GR WAS TAKEN, WORKINGS FOLLOW CONTOUR OF HILL.; MINE; ABANDONED MINE",
        "provenance": {
          "authority": "Queensland Government MINOCC",
          "publication": "Mining Resources register",
          "date": null,
          "page": null,
          "record_id": "488992",
          "url": "https://spatial-gis.information.qld.gov.au/arcgis/rest/services/GeoscientificInformation/MiningResources/MapServer",
          "extraction_method": "automated_inventory",
          "ocr_status": "not_required",
          "location_method": "GPS OBSERVATION (AMG-66)"
        },
        "map_display": true,
        "public_display": true,
        "recovery": null,
        "related_record_ids": [
          "488992"
        ],
        "research_area": "mount-morgan-dee-river",
        "limitations": "Government occurrence \u2014 not proof of remaining gold",
        "label": "Historical evidence"
      },
      "geometry": {
        "type": "Point",
        "coordinates": [
          150.63160144456194,
          -23.333602110654713
        ]
      }
    },
    {
      "type": "Feature",
      "properties": {
        "record_id": "minocc-gold-485575",
        "historical_event_id": "042b7b92e841946f",
        "name": "GOLDEN CROWN",
        "evidence_type": "ALLUVIAL_WORKING",
        "commodity": "gold",
        "commodity_group": "gold",
        "spatial_precision": "APPROXIMATE_POINT",
        "location_uncertainty_m": 100.0,
        "source_confidence": "high",
        "location_confidence": "APPROXIMATE",
        "historical_locality": "AT HEAD OF MAXWELLTON CREEK, 13 KM S OF DAWSON HIGHWAY",
        "modern_locality": "AT HEAD OF MAXWELLTON CREEK, 13 KM S OF DAWSON HIGHWAY",
        "year": null,
        "description": "200M LONG; MINE; ABANDONED MINE",
        "provenance": {
          "authority": "Queensland Government MINOCC",
          "publication": "Mining Resources register",
          "date": null,
          "page": null,
          "record_id": "485575",
          "url": "https://spatial-gis.information.qld.gov.au/arcgis/rest/services/GeoscientificInformation/MiningResources/MapServer",
          "extraction_method": "automated_inventory",
          "ocr_status": "not_required",
          "location_method": "TOPOGRAPHIC MAP (1:100 000 SCALE) (100M ACCURACY)"
        },
        "map_display": true,
        "public_display": true,
        "recovery": null,
        "related_record_ids": [
          "485575"
        ],
        "research_area": "calliope-gladstone",
        "limitations": "Government occurrence \u2014 not proof of remaining gold",
        "label": "Historical evidence"
      },
      "geometry": {
        "type": "Point",
        "coordinates": [
          150.85293888883044,
          -24.206774999253085
        ]
      }
    },
    {
      "type": "Feature",
      "properties": {
        "record_id": "minocc-gold-487505",
        "historical_event_id": "5a43d04b8cc02b86",
        "name": "GOLDEN CROWN",
        "evidence_type": "ALLUVIAL_WORKING",
        "commodity": "gold",
        "commodity_group": "gold",
        "spatial_precision": "APPROXIMATE_POINT",
        "location_uncertainty_m": 100.0,
        "source_confidence": "high",
        "location_confidence": "APPROXIMATE",
        "historical_locality": "THREE MILE CREEK AREA 3 KM NNE OF BOULDERCOMBE HOTEL.",
        "modern_locality": "THREE MILE CREEK AREA 3 KM NNE OF BOULDERCOMBE HOTEL.",
        "year": null,
        "description": "100M LONG X 50M WIDE X >20M DEEP; ALL WORKINGS DOZED & FILLED IN.; MINE; ABANDONED MINE",
        "provenance": {
          "authority": "Queensland Government MINOCC",
          "publication": "Mining Resources register",
          "date": null,
          "page": null,
          "record_id": "487505",
          "url": "https://spatial-gis.information.qld.gov.au/arcgis/rest/services/GeoscientificInformation/MiningResources/MapServer",
          "extraction_method": "automated_inventory",
          "ocr_status": "not_required",
          "location_method": "GPS OBSERVATION (AMG-84)"
        },
        "map_display": true,
        "public_display": true,
        "recovery": null,
        "related_record_ids": [
          "487505"
        ],
        "research_area": "mount-morgan-dee-river",
        "limitations": "Government occurrence \u2014 not proof of remaining gold",
        "label": "Historical evidence"
      },
      "geometry": {
        "type": "Point",
        "coordinates": [
          150.4807681115872,
          -23.546238221538076
        ]
      }
    },
    {
      "type": "Feature",
      "properties": {
        "record_id": "minocc-gold-489463",
        "historical_event_id": "6ae3bd432ff80673",
        "name": "GOLDEN HORSESHOE",
        "evidence_type": "ALLUVIAL_WORKING",
        "commodity": "gold",
        "commodity_group": "gold",
        "spatial_precision": "APPROXIMATE_POINT",
        "location_uncertainty_m": 50.0,
        "source_confidence": "high",
        "location_confidence": "APPROXIMATE",
        "historical_locality": "PORTION 158, PARISH STANWELL.",
        "modern_locality": "PORTION 158, PARISH STANWELL.",
        "year": null,
        "description": "ALLUVIAL WORKINGS; ABANDONED MINE",
        "provenance": {
          "authority": "Queensland Government MINOCC",
          "publication": "Mining Resources register",
          "date": null,
          "page": null,
          "record_id": "489463",
          "url": "https://spatial-gis.information.qld.gov.au/arcgis/rest/services/GeoscientificInformation/MiningResources/MapServer",
          "extraction_method": "automated_inventory",
          "ocr_status": "not_required",
          "location_method": "REPORT (PUBLISHED)"
        },
        "map_display": true,
        "public_display": true,
        "recovery": null,
        "related_record_ids": [
          "489463"
        ],
        "research_area": "mount-morgan-dee-river",
        "limitations": "Government occurrence \u2014 not proof of remaining gold",
        "label": "Historical evidence"
      },
      "geometry": {
        "type": "Point",
        "coordinates": [
          150.15944999965137,
          -23.48104866584128
        ]
      }
    },
    {
      "type": "Feature",
      "properties": {
        "record_id": "minocc-gold-489521",
        "historical_event_id": "8aaeb78bbdfc275c",
        "name": "GOLDEN LEAD",
        "evidence_type": "ALLUVIAL_WORKING",
        "commodity": "gold",
        "commodity_group": "gold",
        "spatial_precision": "APPROXIMATE_POINT",
        "location_uncertainty_m": 150.0,
        "source_confidence": "high",
        "location_confidence": "APPROXIMATE",
        "historical_locality": "NORTH OF HUNTERS ORIGINAL WORKINGS ON THE NORTH SIDE OF HUNTERS GULLY.",
        "modern_locality": "NORTH OF HUNTERS ORIGINAL WORKINGS ON THE NORTH SIDE OF HUNTERS GULLY.",
        "year": null,
        "description": "95.5M DEEP.; DECLINE PASSES TO THE W OF & INTERSECTS SOME OF THE OLD MILNERS WORKINGS IN DRIVE/LEVEL NO1 AND NO2. DEC-79.3M FROM THE SURFACE, 27.4M VERTICAL. REIDS MAP OF 1939 SHOWN A DEPTH OF 95.5M AND 6 DRIVES.; MINE; ABANDONED MINE",
        "provenance": {
          "authority": "Queensland Government MINOCC",
          "publication": "Mining Resources register",
          "date": null,
          "page": null,
          "record_id": "489521",
          "url": "https://spatial-gis.information.qld.gov.au/arcgis/rest/services/GeoscientificInformation/MiningResources/MapServer",
          "extraction_method": "automated_inventory",
          "ocr_status": "not_required",
          "location_method": "REPORT (PUBLISHED)"
        },
        "map_display": true,
        "public_display": true,
        "recovery": null,
        "related_record_ids": [
          "489521"
        ],
        "research_area": "mount-morgan-dee-river",
        "limitations": "Government occurrence \u2014 not proof of remaining gold",
        "label": "Historical evidence"
      },
      "geometry": {
        "type": "Point",
        "coordinates": [
          150.18354933368832,
          -23.26894866645383
        ]
      }
    },
    {
      "type": "Feature",
      "properties": {
        "record_id": "minocc-gold-489472",
        "historical_event_id": "c86dd1b3d7349f77",
        "name": "GOLDEN SPUR",
        "evidence_type": "ALLUVIAL_WORKING",
        "commodity": "gold",
        "commodity_group": "gold",
        "spatial_precision": "APPROXIMATE_POINT",
        "location_uncertainty_m": 100.0,
        "source_confidence": "high",
        "location_confidence": "APPROXIMATE",
        "historical_locality": "AT THE HEAD OF A SIDE GULLY OFF GOLDEN SPUR CREEK.",
        "modern_locality": "AT THE HEAD OF A SIDE GULLY OFF GOLDEN SPUR CREEK.",
        "year": null,
        "description": "WORKINGS ARE ON A STEEP NORTH FACING SLOPE.; MINE; ABANDONED MINE",
        "provenance": {
          "authority": "Queensland Government MINOCC",
          "publication": "Mining Resources register",
          "date": null,
          "page": null,
          "record_id": "489472",
          "url": "https://spatial-gis.information.qld.gov.au/arcgis/rest/services/GeoscientificInformation/MiningResources/MapServer",
          "extraction_method": "automated_inventory",
          "ocr_status": "not_required",
          "location_method": "TOPOGRAPHIC MAP (1:100 000 SCALE) (100M ACCURACY)"
        },
        "map_display": true,
        "public_display": true,
        "recovery": null,
        "related_record_ids": [
          "489472"
        ],
        "research_area": "mount-morgan-dee-river",
        "limitations": "Government occurrence \u2014 not proof of remaining gold",
        "label": "Historical evidence"
      },
      "geometry": {
        "type": "Point",
        "coordinates": [
          150.15306111126415,
          -23.482873666393903
        ]
      }
    },
    {
      "type": "Feature",
      "properties": {
        "record_id": "minocc-gold-489468",
        "historical_event_id": "36896cc9f6d1546d",
        "name": "GOLDEN SPUR CREEK",
        "evidence_type": "ALLUVIAL_WORKING",
        "commodity": "gold",
        "commodity_group": "gold",
        "spatial_precision": "APPROXIMATE_POINT",
        "location_uncertainty_m": 100.0,
        "source_confidence": "high",
        "location_confidence": "APPROXIMATE",
        "historical_locality": "27.3KM SSW OF RIDGELANDS.",
        "modern_locality": "27.3KM SSW OF RIDGELANDS.",
        "year": null,
        "description": "MINE; ABANDONED MINE",
        "provenance": {
          "authority": "Queensland Government MINOCC",
          "publication": "Mining Resources register",
          "date": null,
          "page": null,
          "record_id": "489468",
          "url": "https://spatial-gis.information.qld.gov.au/arcgis/rest/services/GeoscientificInformation/MiningResources/MapServer",
          "extraction_method": "automated_inventory",
          "ocr_status": "not_required",
          "location_method": "TOPOGRAPHIC MAP (1:100 000 SCALE) (100M ACCURACY)"
        },
        "map_display": true,
        "public_display": true,
        "recovery": null,
        "related_record_ids": [
          "489468"
        ],
        "research_area": "mount-morgan-dee-river",
        "limitations": "Government occurrence \u2014 not proof of remaining gold",
        "label": "Historical evidence"
      },
      "geometry": {
        "type": "Point",
        "coordinates": [
          150.16732644469536,
          -23.474651444194045
        ]
      }
    },
    {
      "type": "Feature",
      "properties": {
        "record_id": "minocc-gold-487856",
        "historical_event_id": "4720a175242b628b",
        "name": "GOODY'S NO.2,3,4",
        "evidence_type": "ALLUVIAL_WORKING",
        "commodity": "gold",
        "commodity_group": "gold",
        "spatial_precision": "APPROXIMATE_POINT",
        "location_uncertainty_m": 50.0,
        "source_confidence": "high",
        "location_confidence": "APPROXIMATE",
        "historical_locality": "BESIDE CONNELL CREEK, 14 KM WSW OF LITTLEMORE",
        "modern_locality": "BESIDE CONNELL CREEK, 14 KM WSW OF LITTLEMORE",
        "year": null,
        "description": "110M LONG X 20M WIDE X >10M DEEP; MINE; ABANDONED MINE",
        "provenance": {
          "authority": "Queensland Government MINOCC",
          "publication": "Mining Resources register",
          "date": null,
          "page": null,
          "record_id": "487856",
          "url": "https://spatial-gis.information.qld.gov.au/arcgis/rest/services/GeoscientificInformation/MiningResources/MapServer",
          "extraction_method": "automated_inventory",
          "ocr_status": "not_required",
          "location_method": "GPS OBSERVATION (AMG-84)"
        },
        "map_display": true,
        "public_display": true,
        "recovery": null,
        "related_record_ids": [
          "487856"
        ],
        "research_area": "calliope-gladstone",
        "limitations": "Government occurrence \u2014 not proof of remaining gold",
        "label": "Historical evidence"
      },
      "geometry": {
        "type": "Point",
        "coordinates": [
          151.2060527780255,
          -24.470743110461708
        ]
      }
    },
    {
      "type": "Feature",
      "properties": {
        "record_id": "minocc-gold-488363",
        "historical_event_id": "d35d426d476228d5",
        "name": "GOODYS",
        "evidence_type": "ALLUVIAL_WORKING",
        "commodity": "gold",
        "commodity_group": "gold",
        "spatial_precision": "APPROXIMATE_POINT",
        "location_uncertainty_m": 100.0,
        "source_confidence": "high",
        "location_confidence": "APPROXIMATE",
        "historical_locality": "5 KM NE OF JUNC OF MONAL AND BROAD CREEKS",
        "modern_locality": "5 KM NE OF JUNC OF MONAL AND BROAD CREEKS",
        "year": null,
        "description": "MINE; ABANDONED MINE",
        "provenance": {
          "authority": "Queensland Government MINOCC",
          "publication": "Mining Resources register",
          "date": null,
          "page": null,
          "record_id": "488363",
          "url": "https://spatial-gis.information.qld.gov.au/arcgis/rest/services/GeoscientificInformation/MiningResources/MapServer",
          "extraction_method": "automated_inventory",
          "ocr_status": "not_required",
          "location_method": "TOPOGRAPHIC MAP (1:100 000 SCALE) (100M ACCURACY)"
        },
        "map_display": true,
        "public_display": true,
        "recovery": null,
        "related_record_ids": [
          "488363"
        ],
        "research_area": "calliope-gladstone",
        "limitations": "Government occurrence \u2014 not proof of remaining gold",
        "label": "Historical evidence"
      },
      "geometry": {
        "type": "Point",
        "coordinates": [
          151.1343465558569,
          -24.530273665639093
        ]
      }
    },
    {
      "type": "Feature",
      "properties": {
        "record_id": "minocc-gold-491113",
        "historical_event_id": "fb299cbe78d012f5",
        "name": "GREAT BLACKALL",
        "evidence_type": "ALLUVIAL_WORKING",
        "commodity": "gold",
        "commodity_group": "gold",
        "spatial_precision": "APPROXIMATE_POINT",
        "location_uncertainty_m": 50.0,
        "source_confidence": "high",
        "location_confidence": "APPROXIMATE",
        "historical_locality": "LOCATED ADJACENT TO SPRING CREEK SOUTH OF THE KARIBOE GORGE AND WEST OF THE CANIA DAM.",
        "modern_locality": "LOCATED ADJACENT TO SPRING CREEK SOUTH OF THE KARIBOE GORGE AND WEST OF THE CANIA DAM.",
        "year": null,
        "description": "500M LONG X 120M WIDE X 60M DEEP.; All shafts are dozed in and only one adit remains open.; MINE; ABANDONED MINE",
        "provenance": {
          "authority": "Queensland Government MINOCC",
          "publication": "Mining Resources register",
          "date": null,
          "page": null,
          "record_id": "491113",
          "url": "https://spatial-gis.information.qld.gov.au/arcgis/rest/services/GeoscientificInformation/MiningResources/MapServer",
          "extraction_method": "automated_inventory",
          "ocr_status": "not_required",
          "location_method": "GPS OBSERVATION (AMG-66)"
        },
        "map_display": true,
        "public_display": true,
        "recovery": null,
        "related_record_ids": [
          "491113"
        ],
        "research_area": "calliope-gladstone",
        "limitations": "Government occurrence \u2014 not proof of remaining gold",
        "label": "Historical evidence"
      },
      "geometry": {
        "type": "Point",
        "coordinates": [
          150.81282500002243,
          -24.58191811085204
        ]
      }
    },
    {
      "type": "Feature",
      "properties": {
        "record_id": "minocc-gold-488403",
        "historical_event_id": "c110887fd08385fa",
        "name": "GREAT EASTERN",
        "evidence_type": "ALLUVIAL_WORKING",
        "commodity": "gold",
        "commodity_group": "gold",
        "spatial_precision": "PRECISE_POINT",
        "location_uncertainty_m": 10.0,
        "source_confidence": "high",
        "location_confidence": "HIGH_CONFIDENCE",
        "historical_locality": "400 M SE OF JUNC RASBERRY AND MONAL CREEKS",
        "modern_locality": "400 M SE OF JUNC RASBERRY AND MONAL CREEKS",
        "year": null,
        "description": "80M LONG X 10M WIDE X >30M DEEP.; MINE; ABANDONED MINE",
        "provenance": {
          "authority": "Queensland Government MINOCC",
          "publication": "Mining Resources register",
          "date": null,
          "page": null,
          "record_id": "488403",
          "url": "https://spatial-gis.information.qld.gov.au/arcgis/rest/services/GeoscientificInformation/MiningResources/MapServer",
          "extraction_method": "automated_inventory",
          "ocr_status": "not_required",
          "location_method": "GPS OBSERVATION (AMG-66)"
        },
        "map_display": true,
        "public_display": true,
        "recovery": null,
        "related_record_ids": [
          "488403"
        ],
        "research_area": "calliope-gladstone",
        "limitations": "Government occurrence \u2014 not proof of remaining gold",
        "label": "Historical evidence"
      },
      "geometry": {
        "type": "Point",
        "coordinates": [
          151.1408160003004,
          -24.501699999272777
        ]
      }
    },
    {
      "type": "Feature",
      "properties": {
        "record_id": "minocc-gold-490605",
        "historical_event_id": "a4be3c13d7a64d45",
        "name": "GRID 6",
        "evidence_type": "ALLUVIAL_WORKING",
        "commodity": "gold",
        "commodity_group": "gold",
        "spatial_precision": "APPROXIMATE_POINT",
        "location_uncertainty_m": 50.0,
        "source_confidence": "high",
        "location_confidence": "APPROXIMATE",
        "historical_locality": "SW OF RANNES ON DOWNS CREEK.",
        "modern_locality": "SW OF RANNES ON DOWNS CREEK.",
        "year": null,
        "description": "OUTCROP; ABANDONED MINE",
        "provenance": {
          "authority": "Queensland Government MINOCC",
          "publication": "Mining Resources register",
          "date": null,
          "page": null,
          "record_id": "490605",
          "url": "https://spatial-gis.information.qld.gov.au/arcgis/rest/services/GeoscientificInformation/MiningResources/MapServer",
          "extraction_method": "automated_inventory",
          "ocr_status": "not_required",
          "location_method": "GPS OBSERVATION (AMG-66)"
        },
        "map_display": true,
        "public_display": true,
        "recovery": null,
        "related_record_ids": [
          "490605"
        ],
        "research_area": "mount-morgan-dee-river",
        "limitations": "Government occurrence \u2014 not proof of remaining gold",
        "label": "Historical evidence"
      },
      "geometry": {
        "type": "Point",
        "coordinates": [
          150.06674033287732,
          -24.13723544366325
        ]
      }
    },
    {
      "type": "Feature",
      "properties": {
        "record_id": "minocc-gold-486658",
        "historical_event_id": "0c34b230b9f9df13",
        "name": "GULLY LEASE",
        "evidence_type": "ALLUVIAL_WORKING",
        "commodity": "gold",
        "commodity_group": "gold",
        "spatial_precision": "APPROXIMATE_POINT",
        "location_uncertainty_m": 50.0,
        "source_confidence": "high",
        "location_confidence": "APPROXIMATE",
        "historical_locality": "9.5 KM SW OF RAGLAN",
        "modern_locality": "9.5 KM SW OF RAGLAN",
        "year": null,
        "description": "100M LONG; MINE; ABANDONED MINE",
        "provenance": {
          "authority": "Queensland Government MINOCC",
          "publication": "Mining Resources register",
          "date": null,
          "page": null,
          "record_id": "486658",
          "url": "https://spatial-gis.information.qld.gov.au/arcgis/rest/services/GeoscientificInformation/MiningResources/MapServer",
          "extraction_method": "automated_inventory",
          "ocr_status": "not_required",
          "location_method": "BASED ON DEPARTMENTAL TENURE LOCATION SYSTEM"
        },
        "map_display": true,
        "public_display": true,
        "recovery": null,
        "related_record_ids": [
          "486658"
        ],
        "research_area": "mount-morgan-dee-river",
        "limitations": "Government occurrence \u2014 not proof of remaining gold",
        "label": "Historical evidence"
      },
      "geometry": {
        "type": "Point",
        "coordinates": [
          150.77514033367927,
          -23.792132665788824
        ]
      }
    },
    {
      "type": "Feature",
      "properties": {
        "record_id": "minocc-gold-485569",
        "historical_event_id": "7f8e04e22b727207",
        "name": "GUNPOWDER CREEK",
        "evidence_type": "ALLUVIAL_WORKING",
        "commodity": "gold",
        "commodity_group": "gold",
        "spatial_precision": "APPROXIMATE_POINT",
        "location_uncertainty_m": 100.0,
        "source_confidence": "high",
        "location_confidence": "APPROXIMATE",
        "historical_locality": "AT HEAD OF DON RIVER, 11 KM NNW OF MT REDSHIRT",
        "modern_locality": "AT HEAD OF DON RIVER, 11 KM NNW OF MT REDSHIRT",
        "year": null,
        "description": "MINE; ABANDONED MINE",
        "provenance": {
          "authority": "Queensland Government MINOCC",
          "publication": "Mining Resources register",
          "date": null,
          "page": null,
          "record_id": "485569",
          "url": "https://spatial-gis.information.qld.gov.au/arcgis/rest/services/GeoscientificInformation/MiningResources/MapServer",
          "extraction_method": "automated_inventory",
          "ocr_status": "not_required",
          "location_method": "GPS OBSERVATION (AMG-84)"
        },
        "map_display": true,
        "public_display": true,
        "recovery": null,
        "related_record_ids": [
          "485569"
        ],
        "research_area": "mount-morgan-dee-river",
        "limitations": "Government occurrence \u2014 not proof of remaining gold",
        "label": "Historical evidence"
      },
      "geometry": {
        "type": "Point",
        "coordinates": [
          150.67076811077916,
          -24.00267777756619
        ]
      }
    },
    {
      "type": "Feature",
      "properties": {
        "record_id": "minocc-gold-487022",
        "historical_event_id": "8ec64d8c29d42796",
        "name": "HAMILTON CREEK PROSPECT",
        "evidence_type": "ALLUVIAL_WORKING",
        "commodity": "gold",
        "commodity_group": "gold",
        "spatial_precision": "APPROXIMATE_POINT",
        "location_uncertainty_m": 100.0,
        "source_confidence": "high",
        "location_confidence": "APPROXIMATE",
        "historical_locality": "4 KM S OF MOUNT MORGAN P.O.",
        "modern_locality": "4 KM S OF MOUNT MORGAN P.O.",
        "year": null,
        "description": "PROSPECT; MINERAL OCCURRENCE",
        "provenance": {
          "authority": "Queensland Government MINOCC",
          "publication": "Mining Resources register",
          "date": null,
          "page": null,
          "record_id": "487022",
          "url": "https://spatial-gis.information.qld.gov.au/arcgis/rest/services/GeoscientificInformation/MiningResources/MapServer",
          "extraction_method": "automated_inventory",
          "ocr_status": "not_required",
          "location_method": "GPS OBSERVATION (AMG-84)"
        },
        "map_display": true,
        "public_display": true,
        "recovery": null,
        "related_record_ids": [
          "487022"
        ],
        "research_area": "mount-morgan-dee-river",
        "limitations": "Government occurrence \u2014 not proof of remaining gold",
        "label": "Historical evidence"
      },
      "geometry": {
        "type": "Point",
        "coordinates": [
          150.38988544448628,
          -23.679823665612396
        ]
      }
    },
    {
      "type": "Feature",
      "properties": {
        "record_id": "minocc-gold-524727",
        "historical_event_id": "a58d76c0a718806f",
        "name": "HARD HILL LEAD",
        "evidence_type": "ALLUVIAL_WORKING",
        "commodity": "gold",
        "commodity_group": "gold",
        "spatial_precision": "APPROXIMATE_POINT",
        "location_uncertainty_m": 300.0,
        "source_confidence": "high",
        "location_confidence": "APPROXIMATE",
        "historical_locality": "6 KM S OF CLERMONT",
        "modern_locality": "6 KM S OF CLERMONT",
        "year": null,
        "description": "350M LONG; ALLUVIAL WORKINGS; ABANDONED MINE",
        "provenance": {
          "authority": "Queensland Government MINOCC",
          "publication": "Mining Resources register",
          "date": null,
          "page": null,
          "record_id": "524727",
          "url": "https://spatial-gis.information.qld.gov.au/arcgis/rest/services/GeoscientificInformation/MiningResources/MapServer",
          "extraction_method": "automated_inventory",
          "ocr_status": "not_required",
          "location_method": "REPORT (PUBLISHED)"
        },
        "map_display": true,
        "public_display": true,
        "recovery": null,
        "related_record_ids": [
          "524727"
        ],
        "research_area": "clermont-blair-athol",
        "limitations": "Government occurrence \u2014 not proof of remaining gold",
        "label": "Historical evidence"
      },
      "geometry": {
        "type": "Point",
        "coordinates": [
          147.64829933317606,
          -22.881873666179825
        ]
      }
    },
    {
      "type": "Feature",
      "properties": {
        "record_id": "minocc-gold-525948",
        "historical_event_id": "5ad64e35dcc3e1fb",
        "name": "HARDHILL LEAD",
        "evidence_type": "ALLUVIAL_WORKING",
        "commodity": "gold",
        "commodity_group": "gold",
        "spatial_precision": "APPROXIMATE_POINT",
        "location_uncertainty_m": 200.0,
        "source_confidence": "high",
        "location_confidence": "APPROXIMATE",
        "historical_locality": "21 KM NNW OF CLERMONT",
        "modern_locality": "21 KM NNW OF CLERMONT",
        "year": null,
        "description": "ALLUVIAL WORKINGS; ABANDONED MINE",
        "provenance": {
          "authority": "Queensland Government MINOCC",
          "publication": "Mining Resources register",
          "date": null,
          "page": null,
          "record_id": "525948",
          "url": "https://spatial-gis.information.qld.gov.au/arcgis/rest/services/GeoscientificInformation/MiningResources/MapServer",
          "extraction_method": "automated_inventory",
          "ocr_status": "not_required",
          "location_method": "REPORT (PUBLISHED)"
        },
        "map_display": true,
        "public_display": true,
        "recovery": null,
        "related_record_ids": [
          "525948"
        ],
        "research_area": "clermont-blair-athol",
        "limitations": "Government occurrence \u2014 not proof of remaining gold",
        "label": "Historical evidence"
      },
      "geometry": {
        "type": "Point",
        "coordinates": [
          147.5826570001891,
          -22.65014444424064
        ]
      }
    },
    {
      "type": "Feature",
      "properties": {
        "record_id": "minocc-gold-525963",
        "historical_event_id": "814edfb9f3417154",
        "name": "HARVEYS LEAD",
        "evidence_type": "ALLUVIAL_WORKING",
        "commodity": "gold",
        "commodity_group": "gold",
        "spatial_precision": "APPROXIMATE_POINT",
        "location_uncertainty_m": 200.0,
        "source_confidence": "high",
        "location_confidence": "APPROXIMATE",
        "historical_locality": "21 KM NNW OF CLERMONT",
        "modern_locality": "21 KM NNW OF CLERMONT",
        "year": null,
        "description": "ALLUVIAL WORKINGS; ABANDONED MINE",
        "provenance": {
          "authority": "Queensland Government MINOCC",
          "publication": "Mining Resources register",
          "date": null,
          "page": null,
          "record_id": "525963",
          "url": "https://spatial-gis.information.qld.gov.au/arcgis/rest/services/GeoscientificInformation/MiningResources/MapServer",
          "extraction_method": "automated_inventory",
          "ocr_status": "not_required",
          "location_method": "REPORT (PUBLISHED)"
        },
        "map_display": true,
        "public_display": true,
        "recovery": null,
        "related_record_ids": [
          "525963"
        ],
        "research_area": "clermont-blair-athol",
        "limitations": "Government occurrence \u2014 not proof of remaining gold",
        "label": "Historical evidence"
      },
      "geometry": {
        "type": "Point",
        "coordinates": [
          147.5875437781811,
          -22.645318776897277
        ]
      }
    },
    {
      "type": "Feature",
      "properties": {
        "record_id": "minocc-gold-489183",
        "historical_event_id": "7795d16bbdd6812d",
        "name": "HIBERNIA",
        "evidence_type": "ALLUVIAL_WORKING",
        "commodity": "gold",
        "commodity_group": "gold",
        "spatial_precision": "APPROXIMATE_POINT",
        "location_uncertainty_m": 50.0,
        "source_confidence": "high",
        "location_confidence": "APPROXIMATE",
        "historical_locality": "PORTION 40, PARISH OF CAWARRAL.",
        "modern_locality": "PORTION 40, PARISH OF CAWARRAL.",
        "year": null,
        "description": "~300M LONG; WORKINGS ON A SOUTH SOUTH EAST SLOPE OF A RIDGE AT THE HEAD OF A GULLY; STONE PITCHED ROAD LEADS DOWN THE SIDE OF THE GULLY.; MINE; ABANDONED MINE",
        "provenance": {
          "authority": "Queensland Government MINOCC",
          "publication": "Mining Resources register",
          "date": null,
          "page": null,
          "record_id": "489183",
          "url": "https://spatial-gis.information.qld.gov.au/arcgis/rest/services/GeoscientificInformation/MiningResources/MapServer",
          "extraction_method": "automated_inventory",
          "ocr_status": "not_required",
          "location_method": "GPS OBSERVATION (AMG-84)"
        },
        "map_display": true,
        "public_display": true,
        "recovery": null,
        "related_record_ids": [
          "489183"
        ],
        "research_area": "mount-morgan-dee-river",
        "limitations": "Government occurrence \u2014 not proof of remaining gold",
        "label": "Historical evidence"
      },
      "geometry": {
        "type": "Point",
        "coordinates": [
          150.67010700028945,
          -23.242421554914053
        ]
      }
    },
    {
      "type": "Feature",
      "properties": {
        "record_id": "minocc-gold-489049",
        "historical_event_id": "d043b38a7febe3fa",
        "name": "HIBERNIA EXTENDED",
        "evidence_type": "ALLUVIAL_WORKING",
        "commodity": "gold",
        "commodity_group": "gold",
        "spatial_precision": "APPROXIMATE_POINT",
        "location_uncertainty_m": 50.0,
        "source_confidence": "high",
        "location_confidence": "APPROXIMATE",
        "historical_locality": "NORTH WEST OF CONSTITUTION HILL.",
        "modern_locality": "NORTH WEST OF CONSTITUTION HILL.",
        "year": null,
        "description": "100M LONG X 10M WIDE X >10M DEEP.; ADIT IS IN THE SIDE OF A GULLY, MULLOCK IN GULLY FLOOR, SEVERAL WORKINGS (PITS & SHAFTS) WITHIN 50M OF ADIT AT 100 DEGREES. WORKINGS EXTEND FROM SOUTHWEST SIDE OF RIDGE, UP OVER RIDGE TOP AND THEN TO THE NORTHEAST DOWN THE SLOPE.; MINE; ABANDONED MINE",
        "provenance": {
          "authority": "Queensland Government MINOCC",
          "publication": "Mining Resources register",
          "date": null,
          "page": null,
          "record_id": "489049",
          "url": "https://spatial-gis.information.qld.gov.au/arcgis/rest/services/GeoscientificInformation/MiningResources/MapServer",
          "extraction_method": "automated_inventory",
          "ocr_status": "not_required",
          "location_method": "GPS OBSERVATION (AMG-84)"
        },
        "map_display": true,
        "public_display": true,
        "recovery": null,
        "related_record_ids": [
          "489049"
        ],
        "research_area": "mount-morgan-dee-river",
        "limitations": "Government occurrence \u2014 not proof of remaining gold",
        "label": "Historical evidence"
      },
      "geometry": {
        "type": "Point",
        "coordinates": [
          150.67339866645946,
          -23.241268776624345
        ]
      }
    },
    {
      "type": "Feature",
      "properties": {
        "record_id": "minocc-gold-489047",
        "historical_event_id": "1a9bf1a501d64c9b",
        "name": "HIDDEN KING",
        "evidence_type": "ALLUVIAL_WORKING",
        "commodity": "gold",
        "commodity_group": "gold",
        "spatial_precision": "APPROXIMATE_POINT",
        "location_uncertainty_m": 50.0,
        "source_confidence": "high",
        "location_confidence": "APPROXIMATE",
        "historical_locality": "IN NEW ZEALAND GULLY AREA BETWEEN THE ACTUAL NEW ZEALAND GULLY CREEK AND A TRACK WHICH LEADS UP TO THE FIDDLER-KEPPLE BAY VIEW AREA.",
        "modern_locality": "IN NEW ZEALAND GULLY AREA BETWEEN THE ACTUAL NEW ZEALAND GULLY CREEK AND A TRACK WHICH LEADS UP TO THE FIDDLER-KEPPLE BAY VIEW AREA.",
        "year": null,
        "description": "330M LONG X 150M WIDE X >20M DEEP.; THESE WORKINGS COVER AN EXTENSIVE AREA UP STEEP SLOPES TOWARDS THE KEPPEL BAY VIEW WORKINGS. A LARGE PALM TREE GROWING IN A SHAFT REPRESENTS THE SOUTHERN EXTENT OF THESE WORKINGS.; MINE; ABANDONED MINE",
        "provenance": {
          "authority": "Queensland Government MINOCC",
          "publication": "Mining Resources register",
          "date": null,
          "page": null,
          "record_id": "489047",
          "url": "https://spatial-gis.information.qld.gov.au/arcgis/rest/services/GeoscientificInformation/MiningResources/MapServer",
          "extraction_method": "automated_inventory",
          "ocr_status": "not_required",
          "location_method": "GPS OBSERVATION (AMG-66)"
        },
        "map_display": true,
        "public_display": true,
        "recovery": null,
        "related_record_ids": [
          "489047"
        ],
        "research_area": "mount-morgan-dee-river",
        "limitations": "Government occurrence \u2014 not proof of remaining gold",
        "label": "Historical evidence"
      },
      "geometry": {
        "type": "Point",
        "coordinates": [
          150.63395766683618,
          -23.334199332435883
        ]
      }
    },
    {
      "type": "Feature",
      "properties": {
        "record_id": "minocc-gold-489489",
        "historical_event_id": "3d49419e3f8ee44e",
        "name": "HOMEWARD BOUND",
        "evidence_type": "ALLUVIAL_WORKING",
        "commodity": "gold",
        "commodity_group": "gold",
        "spatial_precision": "APPROXIMATE_POINT",
        "location_uncertainty_m": 50.0,
        "source_confidence": "high",
        "location_confidence": "APPROXIMATE",
        "historical_locality": "20.5KM WNW OF RIDGELANDS.",
        "modern_locality": "20.5KM WNW OF RIDGELANDS.",
        "year": null,
        "description": "125M LONG  X 140M WIDE X 79M DEEP.; THE TWO MAIN ADITS ARE IN A STEEP SOUTHEAST TRENDING GULLY WITH THE SHAFTS SCATTERED ON BOTH SIDESLOPES. SHAFTS 24.4M DEEP. ADITS (7) DRIVEN INTO HILLSIDE ONE BELOW THE OTHER ~30M APART WITH THE INTERVENING GROUND STOPED OUT.; MINE; ABANDONED MINE",
        "provenance": {
          "authority": "Queensland Government MINOCC",
          "publication": "Mining Resources register",
          "date": null,
          "page": null,
          "record_id": "489489",
          "url": "https://spatial-gis.information.qld.gov.au/arcgis/rest/services/GeoscientificInformation/MiningResources/MapServer",
          "extraction_method": "automated_inventory",
          "ocr_status": "not_required",
          "location_method": "GPS OBSERVATION (AMG-84)"
        },
        "map_display": true,
        "public_display": true,
        "recovery": null,
        "related_record_ids": [
          "489489"
        ],
        "research_area": "mount-morgan-dee-river",
        "limitations": "Government occurrence \u2014 not proof of remaining gold",
        "label": "Historical evidence"
      },
      "geometry": {
        "type": "Point",
        "coordinates": [
          150.0930354442595,
          -23.178984777235254
        ]
      }
    },
    {
      "type": "Feature",
      "properties": {
        "record_id": "minocc-gold-489046",
        "historical_event_id": "8bfeb827a0d7da14",
        "name": "HONEST BOB",
        "evidence_type": "ALLUVIAL_WORKING",
        "commodity": "gold",
        "commodity_group": "gold",
        "spatial_precision": "APPROXIMATE_POINT",
        "location_uncertainty_m": 50.0,
        "source_confidence": "high",
        "location_confidence": "APPROXIMATE",
        "historical_locality": "IN SLAUGHTER YARD GULLY OFF NEW ZEALAND GULLY.",
        "modern_locality": "IN SLAUGHTER YARD GULLY OFF NEW ZEALAND GULLY.",
        "year": null,
        "description": "30M LONG X 20M WIDE X >5M DEEP.; IN HEADWATERS OF WESTERN BRANCH OF SLAUGHTER YARD GULLY; WORKINGS EXTEND DOWN NORTH FACING SLOPE.; MINE; ABANDONED MINE",
        "provenance": {
          "authority": "Queensland Government MINOCC",
          "publication": "Mining Resources register",
          "date": null,
          "page": null,
          "record_id": "489046",
          "url": "https://spatial-gis.information.qld.gov.au/arcgis/rest/services/GeoscientificInformation/MiningResources/MapServer",
          "extraction_method": "automated_inventory",
          "ocr_status": "not_required",
          "location_method": "GPS OBSERVATION (AMG-66)"
        },
        "map_display": true,
        "public_display": true,
        "recovery": null,
        "related_record_ids": [
          "489046"
        ],
        "research_area": "mount-morgan-dee-river",
        "limitations": "Government occurrence \u2014 not proof of remaining gold",
        "label": "Historical evidence"
      },
      "geometry": {
        "type": "Point",
        "coordinates": [
          150.63882988860573,
          -23.327943110045503
        ]
      }
    },
    {
      "type": "Feature",
      "properties": {
        "record_id": "minocc-gold-524722",
        "historical_event_id": "25eb39ead5045f63",
        "name": "HONEYCOMB LEAD",
        "evidence_type": "ALLUVIAL_WORKING",
        "commodity": "gold",
        "commodity_group": "gold",
        "spatial_precision": "APPROXIMATE_POINT",
        "location_uncertainty_m": 50.0,
        "source_confidence": "high",
        "location_confidence": "APPROXIMATE",
        "historical_locality": "5 KM S OF CLERMONT",
        "modern_locality": "5 KM S OF CLERMONT",
        "year": null,
        "description": "ALLUVIAL WORKINGS; ABANDONED MINE",
        "provenance": {
          "authority": "Queensland Government MINOCC",
          "publication": "Mining Resources register",
          "date": null,
          "page": null,
          "record_id": "524722",
          "url": "https://spatial-gis.information.qld.gov.au/arcgis/rest/services/GeoscientificInformation/MiningResources/MapServer",
          "extraction_method": "automated_inventory",
          "ocr_status": "not_required",
          "location_method": "DIGITISED FROM AIRPHOTO COMPILATION SHEET"
        },
        "map_display": true,
        "public_display": true,
        "recovery": null,
        "related_record_ids": [
          "524722"
        ],
        "research_area": "clermont-blair-athol",
        "limitations": "Government occurrence \u2014 not proof of remaining gold",
        "label": "Historical evidence"
      },
      "geometry": {
        "type": "Point",
        "coordinates": [
          147.64006877742833,
          -22.881734776828324
        ]
      }
    },
    {
      "type": "Feature",
      "properties": {
        "record_id": "minocc-gold-487023",
        "historical_event_id": "389be2279c6d87ca",
        "name": "HORSE CREEK GOLD PROSPECT",
        "evidence_type": "ALLUVIAL_WORKING",
        "commodity": "gold",
        "commodity_group": "gold",
        "spatial_precision": "APPROXIMATE_POINT",
        "location_uncertainty_m": 100.0,
        "source_confidence": "high",
        "location_confidence": "APPROXIMATE",
        "historical_locality": "2 KM SSE OF MOUNT MORGAN P.O.",
        "modern_locality": "2 KM SSE OF MOUNT MORGAN P.O.",
        "year": null,
        "description": "PROSPECT; MINERAL OCCURRENCE",
        "provenance": {
          "authority": "Queensland Government MINOCC",
          "publication": "Mining Resources register",
          "date": null,
          "page": null,
          "record_id": "487023",
          "url": "https://spatial-gis.information.qld.gov.au/arcgis/rest/services/GeoscientificInformation/MiningResources/MapServer",
          "extraction_method": "automated_inventory",
          "ocr_status": "not_required",
          "location_method": "TOPOGRAPHIC MAP (1:100 000 SCALE) (100M ACCURACY)"
        },
        "map_display": true,
        "public_display": true,
        "recovery": null,
        "related_record_ids": [
          "487023"
        ],
        "research_area": "mount-morgan-dee-river",
        "limitations": "Government occurrence \u2014 not proof of remaining gold",
        "label": "Historical evidence"
      },
      "geometry": {
        "type": "Point",
        "coordinates": [
          150.39613822206084,
          -23.660974999206413
        ]
      }
    },
    {
      "type": "Feature",
      "properties": {
        "record_id": "minocc-gold-43508",
        "historical_event_id": "144fde1053585d6b",
        "name": "HUNTER'S GULLY",
        "evidence_type": "ALLUVIAL_WORKING",
        "commodity": "gold",
        "commodity_group": "gold",
        "spatial_precision": "APPROXIMATE_POINT",
        "location_uncertainty_m": 50.0,
        "source_confidence": "high",
        "location_confidence": "APPROXIMATE",
        "historical_locality": "HUNTERS GULLY AREA, RIDGELANDS",
        "modern_locality": "HUNTERS GULLY AREA, RIDGELANDS",
        "year": null,
        "description": "MINE; ABANDONED MINE",
        "provenance": {
          "authority": "Queensland Government MINOCC",
          "publication": "Mining Resources register",
          "date": null,
          "page": null,
          "record_id": "43508",
          "url": "https://spatial-gis.information.qld.gov.au/arcgis/rest/services/GeoscientificInformation/MiningResources/MapServer",
          "extraction_method": "automated_inventory",
          "ocr_status": "not_required",
          "location_method": "BASED ON DEPARTMENTAL TENURE LOCATION SYSTEM"
        },
        "map_display": true,
        "public_display": true,
        "recovery": null,
        "related_record_ids": [
          "43508"
        ],
        "research_area": "mount-morgan-dee-river",
        "limitations": "Government occurrence \u2014 not proof of remaining gold",
        "label": "Historical evidence"
      },
      "geometry": {
        "type": "Point",
        "coordinates": [
          150.18024033293366,
          -23.26454722178462
        ]
      }
    },
    {
      "type": "Feature",
      "properties": {
        "record_id": "minocc-gold-13724",
        "historical_event_id": "cc99cfc4969d63f1",
        "name": "HURLEY'S",
        "evidence_type": "ALLUVIAL_WORKING",
        "commodity": "gold",
        "commodity_group": "gold",
        "spatial_precision": "APPROXIMATE_POINT",
        "location_uncertainty_m": 50.0,
        "source_confidence": "high",
        "location_confidence": "APPROXIMATE",
        "historical_locality": "ABD ALLUVIAL WORKINGS W OF BLAIR ATHOL",
        "modern_locality": "ABD ALLUVIAL WORKINGS W OF BLAIR ATHOL",
        "year": null,
        "description": "MINE; ABANDONED MINE",
        "provenance": {
          "authority": "Queensland Government MINOCC",
          "publication": "Mining Resources register",
          "date": null,
          "page": null,
          "record_id": "13724",
          "url": "https://spatial-gis.information.qld.gov.au/arcgis/rest/services/GeoscientificInformation/MiningResources/MapServer",
          "extraction_method": "automated_inventory",
          "ocr_status": "not_required",
          "location_method": "DIGITISED FROM AIRPHOTO COMPILATION SHEET"
        },
        "map_display": true,
        "public_display": true,
        "recovery": null,
        "related_record_ids": [
          "13724"
        ],
        "research_area": "clermont-blair-athol",
        "limitations": "Government occurrence \u2014 not proof of remaining gold",
        "label": "Historical evidence"
      },
      "geometry": {
        "type": "Point",
        "coordinates": [
          147.50027500012905,
          -22.696610443302532
        ]
      }
    },
    {
      "type": "Feature",
      "properties": {
        "record_id": "minocc-gold-13723",
        "historical_event_id": "125261fdcf9e9a80",
        "name": "HURLEY'S 2",
        "evidence_type": "ALLUVIAL_WORKING",
        "commodity": "gold",
        "commodity_group": "gold",
        "spatial_precision": "APPROXIMATE_POINT",
        "location_uncertainty_m": 50.0,
        "source_confidence": "high",
        "location_confidence": "APPROXIMATE",
        "historical_locality": "ABD ALLUVIAL WORKINGS W OF BLAIR ATHOL",
        "modern_locality": "ABD ALLUVIAL WORKINGS W OF BLAIR ATHOL",
        "year": null,
        "description": "MINE; ABANDONED MINE",
        "provenance": {
          "authority": "Queensland Government MINOCC",
          "publication": "Mining Resources register",
          "date": null,
          "page": null,
          "record_id": "13723",
          "url": "https://spatial-gis.information.qld.gov.au/arcgis/rest/services/GeoscientificInformation/MiningResources/MapServer",
          "extraction_method": "automated_inventory",
          "ocr_status": "not_required",
          "location_method": "DIGITISED FROM AIRPHOTO COMPILATION SHEET"
        },
        "map_display": true,
        "public_display": true,
        "recovery": null,
        "related_record_ids": [
          "13723"
        ],
        "research_area": "clermont-blair-athol",
        "limitations": "Government occurrence \u2014 not proof of remaining gold",
        "label": "Historical evidence"
      },
      "geometry": {
        "type": "Point",
        "coordinates": [
          147.49965488916612,
          -22.697624332342624
        ]
      }
    },
    {
      "type": "Feature",
      "properties": {
        "record_id": "minocc-gold-518526",
        "historical_event_id": "a7661de592fea04b",
        "name": "IRONSTONE LEAD",
        "evidence_type": "ALLUVIAL_WORKING",
        "commodity": "gold",
        "commodity_group": "gold",
        "spatial_precision": "APPROXIMATE_POINT",
        "location_uncertainty_m": 300.0,
        "source_confidence": "high",
        "location_confidence": "APPROXIMATE",
        "historical_locality": "2 KM SW OF CLERMONT",
        "modern_locality": "2 KM SW OF CLERMONT",
        "year": null,
        "description": "ALLUVIAL WORKINGS; ABANDONED MINE",
        "provenance": {
          "authority": "Queensland Government MINOCC",
          "publication": "Mining Resources register",
          "date": null,
          "page": null,
          "record_id": "518526",
          "url": "https://spatial-gis.information.qld.gov.au/arcgis/rest/services/GeoscientificInformation/MiningResources/MapServer",
          "extraction_method": "automated_inventory",
          "ocr_status": "not_required",
          "location_method": "REPORT (UNPUBLISHED)"
        },
        "map_display": true,
        "public_display": true,
        "recovery": null,
        "related_record_ids": [
          "518526"
        ],
        "research_area": "clermont-blair-athol",
        "limitations": "Government occurrence \u2014 not proof of remaining gold",
        "label": "Historical evidence"
      },
      "geometry": {
        "type": "Point",
        "coordinates": [
          147.62487366705471,
          -22.837832666383513
        ]
      }
    },
    {
      "type": "Feature",
      "properties": {
        "record_id": "minocc-gold-45513",
        "historical_event_id": "24462e9c5ba709eb",
        "name": "IXL",
        "evidence_type": "ALLUVIAL_WORKING",
        "commodity": "gold",
        "commodity_group": "gold",
        "spatial_precision": "APPROXIMATE_POINT",
        "location_uncertainty_m": 100.0,
        "source_confidence": "high",
        "location_confidence": "APPROXIMATE",
        "historical_locality": "35 KM ENE OF MONTEAGLE HOMESTEAD",
        "modern_locality": "35 KM ENE OF MONTEAGLE HOMESTEAD",
        "year": null,
        "description": "STREAM/CREEK/RIVER; MINERAL OCCURRENCE",
        "provenance": {
          "authority": "Queensland Government MINOCC",
          "publication": "Mining Resources register",
          "date": null,
          "page": null,
          "record_id": "45513",
          "url": "https://spatial-gis.information.qld.gov.au/arcgis/rest/services/GeoscientificInformation/MiningResources/MapServer",
          "extraction_method": "automated_inventory",
          "ocr_status": "not_required",
          "location_method": "BASED ON DEPARTMENTAL TENURE LOCATION SYSTEM"
        },
        "map_display": true,
        "public_display": true,
        "recovery": null,
        "related_record_ids": [
          "45513"
        ],
        "research_area": "clermont-blair-athol",
        "limitations": "Government occurrence \u2014 not proof of remaining gold",
        "label": "Historical evidence"
      },
      "geometry": {
        "type": "Point",
        "coordinates": [
          147.39395211121945,
          -22.513405555086216
        ]
      }
    },
    {
      "type": "Feature",
      "properties": {
        "record_id": "minocc-gold-42092",
        "historical_event_id": "274bf49286a39d1e",
        "name": "JACK GOODY",
        "evidence_type": "ALLUVIAL_WORKING",
        "commodity": "gold",
        "commodity_group": "gold",
        "spatial_precision": "APPROXIMATE_POINT",
        "location_uncertainty_m": 100.0,
        "source_confidence": "high",
        "location_confidence": "APPROXIMATE",
        "historical_locality": "20KM SE OF MONTO, 110KM SOUTH OF GLADSTONE.",
        "modern_locality": "20KM SE OF MONTO, 110KM SOUTH OF GLADSTONE.",
        "year": null,
        "description": "STREAM/CREEK/RIVER; MINERAL OCCURRENCE",
        "provenance": {
          "authority": "Queensland Government MINOCC",
          "publication": "Mining Resources register",
          "date": null,
          "page": null,
          "record_id": "42092",
          "url": "https://spatial-gis.information.qld.gov.au/arcgis/rest/services/GeoscientificInformation/MiningResources/MapServer",
          "extraction_method": "automated_inventory",
          "ocr_status": "not_required",
          "location_method": "BASED ON DEPARTMENTAL TENURE LOCATION SYSTEM"
        },
        "map_display": true,
        "public_display": true,
        "recovery": null,
        "related_record_ids": [
          "42092"
        ],
        "research_area": "calliope-gladstone",
        "limitations": "Government occurrence \u2014 not proof of remaining gold",
        "label": "Historical evidence"
      },
      "geometry": {
        "type": "Point",
        "coordinates": [
          151.41959866672596,
          -24.91997922181201
        ]
      }
    },
    {
      "type": "Feature",
      "properties": {
        "record_id": "minocc-gold-518528",
        "historical_event_id": "7c83d6d143594d5a",
        "name": "JAMES LEAD",
        "evidence_type": "ALLUVIAL_WORKING",
        "commodity": "gold",
        "commodity_group": "gold",
        "spatial_precision": "APPROXIMATE_POINT",
        "location_uncertainty_m": 300.0,
        "source_confidence": "high",
        "location_confidence": "APPROXIMATE",
        "historical_locality": "2 KM S OF CLERMONT",
        "modern_locality": "2 KM S OF CLERMONT",
        "year": null,
        "description": "350M LONG; ALLUVIAL WORKINGS; ABANDONED MINE",
        "provenance": {
          "authority": "Queensland Government MINOCC",
          "publication": "Mining Resources register",
          "date": null,
          "page": null,
          "record_id": "518528",
          "url": "https://spatial-gis.information.qld.gov.au/arcgis/rest/services/GeoscientificInformation/MiningResources/MapServer",
          "extraction_method": "automated_inventory",
          "ocr_status": "not_required",
          "location_method": "REPORT (UNPUBLISHED)"
        },
        "map_display": true,
        "public_display": true,
        "recovery": null,
        "related_record_ids": [
          "518528"
        ],
        "research_area": "clermont-blair-athol",
        "limitations": "Government occurrence \u2014 not proof of remaining gold",
        "label": "Historical evidence"
      },
      "geometry": {
        "type": "Point",
        "coordinates": [
          147.62877088874504,
          -22.841582666046406
        ]
      }
    },
    {
      "type": "Feature",
      "properties": {
        "record_id": "minocc-gold-487852",
        "historical_event_id": "0bbe021924a76826",
        "name": "JOHN BULL",
        "evidence_type": "ALLUVIAL_WORKING",
        "commodity": "gold",
        "commodity_group": "gold",
        "spatial_precision": "APPROXIMATE_POINT",
        "location_uncertainty_m": 50.0,
        "source_confidence": "high",
        "location_confidence": "APPROXIMATE",
        "historical_locality": "PANCAKE GULLY, 6.7 KM SE OF CALLIOPE",
        "modern_locality": "PANCAKE GULLY, 6.7 KM SE OF CALLIOPE",
        "year": null,
        "description": "150M LONG X 4M WIDE X >30M DEEP; ALL WORKINGS FILLED IN.; MINE; ABANDONED MINE",
        "provenance": {
          "authority": "Queensland Government MINOCC",
          "publication": "Mining Resources register",
          "date": null,
          "page": null,
          "record_id": "487852",
          "url": "https://spatial-gis.information.qld.gov.au/arcgis/rest/services/GeoscientificInformation/MiningResources/MapServer",
          "extraction_method": "automated_inventory",
          "ocr_status": "not_required",
          "location_method": "GLOBAL POSITIONING SYSTEM"
        },
        "map_display": true,
        "public_display": true,
        "recovery": null,
        "related_record_ids": [
          "487852"
        ],
        "research_area": "calliope-gladstone",
        "limitations": "Government occurrence \u2014 not proof of remaining gold",
        "label": "Historical evidence"
      },
      "geometry": {
        "type": "Point",
        "coordinates": [
          151.24702988839172,
          -24.051647221091265
        ]
      }
    },
    {
      "type": "Feature",
      "properties": {
        "record_id": "minocc-gold-489171",
        "historical_event_id": "ee87f37afe226cf3",
        "name": "JOHN BULL",
        "evidence_type": "ALLUVIAL_WORKING",
        "commodity": "gold",
        "commodity_group": "gold",
        "spatial_precision": "APPROXIMATE_POINT",
        "location_uncertainty_m": 50.0,
        "source_confidence": "high",
        "location_confidence": "APPROXIMATE",
        "historical_locality": "100M OFF SW WALL OF MT WHEELER ON NORTHERN SIDE OF GULLY.",
        "modern_locality": "100M OFF SW WALL OF MT WHEELER ON NORTHERN SIDE OF GULLY.",
        "year": null,
        "description": "80M LONG X 35-40M WIDE X >6M DEEP; WORKINGS ~100M FROM FACE OF MT WHEELER.; MINE; ABANDONED MINE",
        "provenance": {
          "authority": "Queensland Government MINOCC",
          "publication": "Mining Resources register",
          "date": null,
          "page": null,
          "record_id": "489171",
          "url": "https://spatial-gis.information.qld.gov.au/arcgis/rest/services/GeoscientificInformation/MiningResources/MapServer",
          "extraction_method": "automated_inventory",
          "ocr_status": "not_required",
          "location_method": "GPS OBSERVATION (AMG-66)"
        },
        "map_display": true,
        "public_display": true,
        "recovery": null,
        "related_record_ids": [
          "489171"
        ],
        "research_area": "mount-morgan-dee-river",
        "limitations": "Government occurrence \u2014 not proof of remaining gold",
        "label": "Historical evidence"
      },
      "geometry": {
        "type": "Point",
        "coordinates": [
          150.67791255555105,
          -23.228968110316078
        ]
      }
    },
    {
      "type": "Feature",
      "properties": {
        "record_id": "minocc-gold-487861",
        "historical_event_id": "049176d2967d0760",
        "name": "JOHNSON'S",
        "evidence_type": "ALLUVIAL_WORKING",
        "commodity": "gold",
        "commodity_group": "gold",
        "spatial_precision": "APPROXIMATE_POINT",
        "location_uncertainty_m": 100.0,
        "source_confidence": "high",
        "location_confidence": "APPROXIMATE",
        "historical_locality": "ON SPUR NORTH OF JUNCTION OF LEWIS & JOHNSON CREEKS, 12.5 KM W OF LITTLEMORE",
        "modern_locality": "ON SPUR NORTH OF JUNCTION OF LEWIS & JOHNSON CREEKS, 12.5 KM W OF LITTLEMORE",
        "year": null,
        "description": "1.3M DEEP; MINE; ABANDONED MINE",
        "provenance": {
          "authority": "Queensland Government MINOCC",
          "publication": "Mining Resources register",
          "date": null,
          "page": null,
          "record_id": "487861",
          "url": "https://spatial-gis.information.qld.gov.au/arcgis/rest/services/GeoscientificInformation/MiningResources/MapServer",
          "extraction_method": "automated_inventory",
          "ocr_status": "not_required",
          "location_method": "TOPOGRAPHIC MAP (1:100 000 SCALE) (100M ACCURACY)"
        },
        "map_display": true,
        "public_display": true,
        "recovery": null,
        "related_record_ids": [
          "487861"
        ],
        "research_area": "calliope-gladstone",
        "limitations": "Government occurrence \u2014 not proof of remaining gold",
        "label": "Historical evidence"
      },
      "geometry": {
        "type": "Point",
        "coordinates": [
          151.22122088906113,
          -24.4581944441521
        ]
      }
    },
    {
      "type": "Feature",
      "properties": {
        "record_id": "minocc-gold-489549",
        "historical_event_id": "c47cc7dc86cb8807",
        "name": "JOHNSON'S",
        "evidence_type": "ALLUVIAL_WORKING",
        "commodity": "gold",
        "commodity_group": "gold",
        "spatial_precision": "APPROXIMATE_POINT",
        "location_uncertainty_m": 50.0,
        "source_confidence": "high",
        "location_confidence": "APPROXIMATE",
        "historical_locality": "ON THE WATERSHED DIVIDED BETWEEN WEALE CREEK AND HUNTERS GULLY.",
        "modern_locality": "ON THE WATERSHED DIVIDED BETWEEN WEALE CREEK AND HUNTERS GULLY.",
        "year": null,
        "description": "65.5M DEEP.; MINE; ABANDONED MINE",
        "provenance": {
          "authority": "Queensland Government MINOCC",
          "publication": "Mining Resources register",
          "date": null,
          "page": null,
          "record_id": "489549",
          "url": "https://spatial-gis.information.qld.gov.au/arcgis/rest/services/GeoscientificInformation/MiningResources/MapServer",
          "extraction_method": "automated_inventory",
          "ocr_status": "not_required",
          "location_method": "GPS OBSERVATION (AMG-84)"
        },
        "map_display": true,
        "public_display": true,
        "recovery": null,
        "related_record_ids": [
          "489549"
        ],
        "research_area": "mount-morgan-dee-river",
        "limitations": "Government occurrence \u2014 not proof of remaining gold",
        "label": "Historical evidence"
      },
      "geometry": {
        "type": "Point",
        "coordinates": [
          150.18575766616829,
          -23.271659777234902
        ]
      }
    },
    {
      "type": "Feature",
      "properties": {
        "record_id": "minocc-gold-490823",
        "historical_event_id": "778a2056efd85500",
        "name": "JUICY FRUIT",
        "evidence_type": "ALLUVIAL_WORKING",
        "commodity": "gold",
        "commodity_group": "gold",
        "spatial_precision": "APPROXIMATE_POINT",
        "location_uncertainty_m": 50.0,
        "source_confidence": "high",
        "location_confidence": "APPROXIMATE",
        "historical_locality": "ADJACENT TO BROKEN DAM CREEK SOUTH OF COOMINGLAH.",
        "modern_locality": "ADJACENT TO BROKEN DAM CREEK SOUTH OF COOMINGLAH.",
        "year": null,
        "description": "PITS; MINERAL OCCURRENCE",
        "provenance": {
          "authority": "Queensland Government MINOCC",
          "publication": "Mining Resources register",
          "date": null,
          "page": null,
          "record_id": "490823",
          "url": "https://spatial-gis.information.qld.gov.au/arcgis/rest/services/GeoscientificInformation/MiningResources/MapServer",
          "extraction_method": "automated_inventory",
          "ocr_status": "not_required",
          "location_method": "GPS OBSERVATION (AMG-66)"
        },
        "map_display": true,
        "public_display": true,
        "recovery": null,
        "related_record_ids": [
          "490823"
        ],
        "research_area": "calliope-gladstone",
        "limitations": "Government occurrence \u2014 not proof of remaining gold",
        "label": "Historical evidence"
      },
      "geometry": {
        "type": "Point",
        "coordinates": [
          150.85309722210607,
          -24.78449377750759
        ]
      }
    },
    {
      "type": "Feature",
      "properties": {
        "record_id": "minocc-gold-489552",
        "historical_event_id": "1e1e48eced560c5a",
        "name": "JUST IN TIME",
        "evidence_type": "ALLUVIAL_WORKING",
        "commodity": "gold",
        "commodity_group": "gold",
        "spatial_precision": "APPROXIMATE_POINT",
        "location_uncertainty_m": 50.0,
        "source_confidence": "high",
        "location_confidence": "APPROXIMATE",
        "historical_locality": "3KM WEST NORTH WEST OF GLEN GEDDES RAILWAY STATION, IN THE HEADWATERS OF NATIVE BEAR CREEK.",
        "modern_locality": "3KM WEST NORTH WEST OF GLEN GEDDES RAILWAY STATION, IN THE HEADWATERS OF NATIVE BEAR CREEK.",
        "year": null,
        "description": "70M LONG X 50M WIDE X 16.5M DEEP.; ON THE SOUTH WESTERN SIDE OF A SADDLE ON A HILL TOP IN TIMBERED COUNTRY. APPEARS TO BE 2 LINES OF  WORKINGS.; MINE; ABANDONED MINE",
        "provenance": {
          "authority": "Queensland Government MINOCC",
          "publication": "Mining Resources register",
          "date": null,
          "page": null,
          "record_id": "489552",
          "url": "https://spatial-gis.information.qld.gov.au/arcgis/rest/services/GeoscientificInformation/MiningResources/MapServer",
          "extraction_method": "automated_inventory",
          "ocr_status": "not_required",
          "location_method": "GPS OBSERVATION (AMG-84)"
        },
        "map_display": true,
        "public_display": true,
        "recovery": null,
        "related_record_ids": [
          "489552"
        ],
        "research_area": "mount-morgan-dee-river",
        "limitations": "Government occurrence \u2014 not proof of remaining gold",
        "label": "Historical evidence"
      },
      "geometry": {
        "type": "Point",
        "coordinates": [
          150.22927088870856,
          -23.018865332458038
        ]
      }
    },
    {
      "type": "Feature",
      "properties": {
        "record_id": "minocc-gold-486398",
        "historical_event_id": "7f5fa78ec9b16158",
        "name": "KELLY'S GULLY REEF",
        "evidence_type": "ALLUVIAL_WORKING",
        "commodity": "gold",
        "commodity_group": "gold",
        "spatial_precision": "APPROXIMATE_POINT",
        "location_uncertainty_m": 100.0,
        "source_confidence": "high",
        "location_confidence": "APPROXIMATE",
        "historical_locality": "2.5 KM NW OF CALLIOPE",
        "modern_locality": "2.5 KM NW OF CALLIOPE",
        "year": null,
        "description": "HIDDEN BY GRASS AND PASTURAL DEVELOPMENT.; MINE; ABANDONED MINE",
        "provenance": {
          "authority": "Queensland Government MINOCC",
          "publication": "Mining Resources register",
          "date": null,
          "page": null,
          "record_id": "486398",
          "url": "https://spatial-gis.information.qld.gov.au/arcgis/rest/services/GeoscientificInformation/MiningResources/MapServer",
          "extraction_method": "automated_inventory",
          "ocr_status": "not_required",
          "location_method": "TOPOGRAPHIC MAP (1:100 000 SCALE) (100M ACCURACY)"
        },
        "map_display": true,
        "public_display": true,
        "recovery": null,
        "related_record_ids": [
          "486398"
        ],
        "research_area": "calliope-gladstone",
        "limitations": "Government occurrence \u2014 not proof of remaining gold",
        "label": "Historical evidence"
      },
      "geometry": {
        "type": "Point",
        "coordinates": [
          151.19057433380408,
          -23.975687554975902
        ]
      }
    },
    {
      "type": "Feature",
      "properties": {
        "record_id": "minocc-gold-489090",
        "historical_event_id": "c380f5a735f11769",
        "name": "KEPPEL BAY VIEW",
        "evidence_type": "ALLUVIAL_WORKING",
        "commodity": "gold",
        "commodity_group": "gold",
        "spatial_precision": "APPROXIMATE_POINT",
        "location_uncertainty_m": 50.0,
        "source_confidence": "high",
        "location_confidence": "APPROXIMATE",
        "historical_locality": "IN THE HEADWATERS OF NEW ZEALAND GULLY.",
        "modern_locality": "IN THE HEADWATERS OF NEW ZEALAND GULLY.",
        "year": null,
        "description": "55M LONG X 10M WIDE X >8M DEEP.; MINE; ABANDONED MINE",
        "provenance": {
          "authority": "Queensland Government MINOCC",
          "publication": "Mining Resources register",
          "date": null,
          "page": null,
          "record_id": "489090",
          "url": "https://spatial-gis.information.qld.gov.au/arcgis/rest/services/GeoscientificInformation/MiningResources/MapServer",
          "extraction_method": "automated_inventory",
          "ocr_status": "not_required",
          "location_method": "GPS OBSERVATION (AMG-66)"
        },
        "map_display": true,
        "public_display": true,
        "recovery": null,
        "related_record_ids": [
          "489090"
        ],
        "research_area": "mount-morgan-dee-river",
        "limitations": "Government occurrence \u2014 not proof of remaining gold",
        "label": "Historical evidence"
      },
      "geometry": {
        "type": "Point",
        "coordinates": [
          150.636682666681,
          -23.33984655514172
        ]
      }
    },
    {
      "type": "Feature",
      "properties": {
        "record_id": "minocc-gold-489104",
        "historical_event_id": "07cff32a9770ac81",
        "name": "KING SOLOMON",
        "evidence_type": "ALLUVIAL_WORKING",
        "commodity": "gold",
        "commodity_group": "gold",
        "spatial_precision": "APPROXIMATE_POINT",
        "location_uncertainty_m": 50.0,
        "source_confidence": "high",
        "location_confidence": "APPROXIMATE",
        "historical_locality": "IN SLAUGHTERYARD GULLY OFF NEW ZEALAND GULLY.",
        "modern_locality": "IN SLAUGHTERYARD GULLY OFF NEW ZEALAND GULLY.",
        "year": null,
        "description": "60M LONG X 5M WIDE X 5M DEEP; WORKINGS TREND UPHILL IN A SOUTH SOUTH EASTERLY DIRECTION AROUND THE SLOPE.; MINE; ABANDONED MINE",
        "provenance": {
          "authority": "Queensland Government MINOCC",
          "publication": "Mining Resources register",
          "date": null,
          "page": null,
          "record_id": "489104",
          "url": "https://spatial-gis.information.qld.gov.au/arcgis/rest/services/GeoscientificInformation/MiningResources/MapServer",
          "extraction_method": "automated_inventory",
          "ocr_status": "not_required",
          "location_method": "GPS OBSERVATION (AMG-66)"
        },
        "map_display": true,
        "public_display": true,
        "recovery": null,
        "related_record_ids": [
          "489104"
        ],
        "research_area": "mount-morgan-dee-river",
        "limitations": "Government occurrence \u2014 not proof of remaining gold",
        "label": "Historical evidence"
      },
      "geometry": {
        "type": "Point",
        "coordinates": [
          150.63822711066032,
          -23.32896255509177
        ]
      }
    },
    {
      "type": "Feature",
      "properties": {
        "record_id": "minocc-gold-488336",
        "historical_event_id": "06171ef58509fd5c",
        "name": "KINGSLEY'S",
        "evidence_type": "ALLUVIAL_WORKING",
        "commodity": "gold",
        "commodity_group": "gold",
        "spatial_precision": "APPROXIMATE_POINT",
        "location_uncertainty_m": 50.0,
        "source_confidence": "high",
        "location_confidence": "APPROXIMATE",
        "historical_locality": "ON MONAL CK 1 KM S OF JUNC WITH BROAD CREEK",
        "modern_locality": "ON MONAL CK 1 KM S OF JUNC WITH BROAD CREEK",
        "year": null,
        "description": "~1000M LONG X 100M WIDE X ~2M DEEP.; ALLUVIAL WORKINGS ON MONAL CREEK.; MINE; ABANDONED MINE",
        "provenance": {
          "authority": "Queensland Government MINOCC",
          "publication": "Mining Resources register",
          "date": null,
          "page": null,
          "record_id": "488336",
          "url": "https://spatial-gis.information.qld.gov.au/arcgis/rest/services/GeoscientificInformation/MiningResources/MapServer",
          "extraction_method": "automated_inventory",
          "ocr_status": "not_required",
          "location_method": "TOPOGRAPHIC MAP (1:100 000 SCALE) (100M ACCURACY)"
        },
        "map_display": true,
        "public_display": true,
        "recovery": null,
        "related_record_ids": [
          "488336"
        ],
        "research_area": "calliope-gladstone",
        "limitations": "Government occurrence \u2014 not proof of remaining gold",
        "label": "Historical evidence"
      },
      "geometry": {
        "type": "Point",
        "coordinates": [
          151.10798888852716,
          -24.57689311070217
        ]
      }
    },
    {
      "type": "Feature",
      "properties": {
        "record_id": "minocc-gold-520446",
        "historical_event_id": "48e987e8dadb2700",
        "name": "KOALA DIGGINGS",
        "evidence_type": "ALLUVIAL_WORKING",
        "commodity": "gold",
        "commodity_group": "gold",
        "spatial_precision": "APPROXIMATE_POINT",
        "location_uncertainty_m": 300.0,
        "source_confidence": "high",
        "location_confidence": "APPROXIMATE",
        "historical_locality": "31 KM NNW OF CLERMONT",
        "modern_locality": "31 KM NNW OF CLERMONT",
        "year": null,
        "description": "MINE; ABANDONED MINE",
        "provenance": {
          "authority": "Queensland Government MINOCC",
          "publication": "Mining Resources register",
          "date": null,
          "page": null,
          "record_id": "520446",
          "url": "https://spatial-gis.information.qld.gov.au/arcgis/rest/services/GeoscientificInformation/MiningResources/MapServer",
          "extraction_method": "automated_inventory",
          "ocr_status": "not_required",
          "location_method": "REPORT (UNPUBLISHED)"
        },
        "map_display": true,
        "public_display": true,
        "recovery": null,
        "related_record_ids": [
          "520446"
        ],
        "research_area": "clermont-blair-athol",
        "limitations": "Government occurrence \u2014 not proof of remaining gold",
        "label": "Historical evidence"
      },
      "geometry": {
        "type": "Point",
        "coordinates": [
          147.56518888930822,
          -22.547332666456246
        ]
      }
    },
    {
      "type": "Feature",
      "properties": {
        "record_id": "minocc-gold-489125",
        "historical_event_id": "4768ac9935b500f0",
        "name": "KUALA LUMPUR",
        "evidence_type": "ALLUVIAL_WORKING",
        "commodity": "gold",
        "commodity_group": "gold",
        "spatial_precision": "APPROXIMATE_POINT",
        "location_uncertainty_m": 50.0,
        "source_confidence": "high",
        "location_confidence": "APPROXIMATE",
        "historical_locality": "SOUTH WEST OF MT CHALMERS TOWNSHIP.",
        "modern_locality": "SOUTH WEST OF MT CHALMERS TOWNSHIP.",
        "year": null,
        "description": "80M LONG X 8M WIDE X 26.2M DEEP.; PROSPECTING PIT 70M TO THE NORTH EAST ON OTHER SIDE OF GULLY TO MAIN WORKINGS.; MINE; ABANDONED MINE",
        "provenance": {
          "authority": "Queensland Government MINOCC",
          "publication": "Mining Resources register",
          "date": null,
          "page": null,
          "record_id": "489125",
          "url": "https://spatial-gis.information.qld.gov.au/arcgis/rest/services/GeoscientificInformation/MiningResources/MapServer",
          "extraction_method": "automated_inventory",
          "ocr_status": "not_required",
          "location_method": "GPS OBSERVATION (AMG-84)"
        },
        "map_display": true,
        "public_display": true,
        "recovery": null,
        "related_record_ids": [
          "489125"
        ],
        "research_area": "mount-morgan-dee-river",
        "limitations": "Government occurrence \u2014 not proof of remaining gold",
        "label": "Historical evidence"
      },
      "geometry": {
        "type": "Point",
        "coordinates": [
          150.62402088933663,
          -23.30965555454133
        ]
      }
    },
    {
      "type": "Feature",
      "properties": {
        "record_id": "minocc-gold-487844",
        "historical_event_id": "9b7f053cb5daa726",
        "name": "LADY GRIFFITHS",
        "evidence_type": "ALLUVIAL_WORKING",
        "commodity": "gold",
        "commodity_group": "gold",
        "spatial_precision": "APPROXIMATE_POINT",
        "location_uncertainty_m": 50.0,
        "source_confidence": "high",
        "location_confidence": "APPROXIMATE",
        "historical_locality": "800 M NE OF JUNC RASBERRY AND MONAL CREEKS",
        "modern_locality": "800 M NE OF JUNC RASBERRY AND MONAL CREEKS",
        "year": null,
        "description": "150M LONG X 100M WIDE X >25M DEEP; EASTERN WORKINGS ADIT IS LOCATED IN A STEEP GULLY EAST OF MAIN UNDERLIE.; MINE; ABANDONED MINE",
        "provenance": {
          "authority": "Queensland Government MINOCC",
          "publication": "Mining Resources register",
          "date": null,
          "page": null,
          "record_id": "487844",
          "url": "https://spatial-gis.information.qld.gov.au/arcgis/rest/services/GeoscientificInformation/MiningResources/MapServer",
          "extraction_method": "automated_inventory",
          "ocr_status": "not_required",
          "location_method": "GLOBAL POSITIONING SYSTEM"
        },
        "map_display": true,
        "public_display": true,
        "recovery": null,
        "related_record_ids": [
          "487844"
        ],
        "research_area": "calliope-gladstone",
        "limitations": "Government occurrence \u2014 not proof of remaining gold",
        "label": "Historical evidence"
      },
      "geometry": {
        "type": "Point",
        "coordinates": [
          151.14559377821163,
          -24.496827110869166
        ]
      }
    },
    {
      "type": "Feature",
      "properties": {
        "record_id": "minocc-gold-489140",
        "historical_event_id": "a71b7bc1a48ebcac",
        "name": "LAMBERT'S",
        "evidence_type": "ALLUVIAL_WORKING",
        "commodity": "gold",
        "commodity_group": "gold",
        "spatial_precision": "APPROXIMATE_POINT",
        "location_uncertainty_m": 50.0,
        "source_confidence": "high",
        "location_confidence": "APPROXIMATE",
        "historical_locality": "ON EASTERN SIDE OF LIMESTONE CREEK, WSW OF MT WHEELER.",
        "modern_locality": "ON EASTERN SIDE OF LIMESTONE CREEK, WSW OF MT WHEELER.",
        "year": null,
        "description": "100M LONG X 10M WIDE X >5M DEEP; ALL SHAFTS COLLAPSED IN TO 2-2.5M; WORKINGS RUN DOWN SLOPE.; MINE; ABANDONED MINE",
        "provenance": {
          "authority": "Queensland Government MINOCC",
          "publication": "Mining Resources register",
          "date": null,
          "page": null,
          "record_id": "489140",
          "url": "https://spatial-gis.information.qld.gov.au/arcgis/rest/services/GeoscientificInformation/MiningResources/MapServer",
          "extraction_method": "automated_inventory",
          "ocr_status": "not_required",
          "location_method": "GPS OBSERVATION (AMG-84)"
        },
        "map_display": true,
        "public_display": true,
        "recovery": null,
        "related_record_ids": [
          "489140"
        ],
        "research_area": "mount-morgan-dee-river",
        "limitations": "Government occurrence \u2014 not proof of remaining gold",
        "label": "Historical evidence"
      },
      "geometry": {
        "type": "Point",
        "coordinates": [
          150.67660977827435,
          -23.227456999447107
        ]
      }
    },
    {
      "type": "Feature",
      "properties": {
        "record_id": "minocc-gold-509413",
        "historical_event_id": "a91b6f81a4536133",
        "name": "LAMBING GULLY",
        "evidence_type": "ALLUVIAL_WORKING",
        "commodity": "gold",
        "commodity_group": "gold",
        "spatial_precision": "APPROXIMATE_POINT",
        "location_uncertainty_m": 50.0,
        "source_confidence": "high",
        "location_confidence": "APPROXIMATE",
        "historical_locality": "7.77 KM NW OF EIDSVOLD, 290.26 KM NW OF BRISBANE.",
        "modern_locality": "7.77 KM NW OF EIDSVOLD, 290.26 KM NW OF BRISBANE.",
        "year": null,
        "description": "MINE; ABANDONED MINE",
        "provenance": {
          "authority": "Queensland Government MINOCC",
          "publication": "Mining Resources register",
          "date": null,
          "page": null,
          "record_id": "509413",
          "url": "https://spatial-gis.information.qld.gov.au/arcgis/rest/services/GeoscientificInformation/MiningResources/MapServer",
          "extraction_method": "automated_inventory",
          "ocr_status": "not_required",
          "location_method": "GLOBAL POSITIONING SYSTEM"
        },
        "map_display": true,
        "public_display": true,
        "recovery": null,
        "related_record_ids": [
          "509413"
        ],
        "research_area": "many-peaks-boyne-valley",
        "limitations": "Government occurrence \u2014 not proof of remaining gold",
        "label": "Historical evidence"
      },
      "geometry": {
        "type": "Point",
        "coordinates": [
          151.0556222220457,
          -25.335902110367304
        ]
      }
    },
    {
      "type": "Feature",
      "properties": {
        "record_id": "minocc-gold-491438",
        "historical_event_id": "7532a3629350c2f1",
        "name": "LANGTRY CREEK",
        "evidence_type": "ALLUVIAL_WORKING",
        "commodity": "gold",
        "commodity_group": "gold",
        "spatial_precision": "APPROXIMATE_POINT",
        "location_uncertainty_m": 50.0,
        "source_confidence": "high",
        "location_confidence": "APPROXIMATE",
        "historical_locality": "CANIA GOLD FIELD",
        "modern_locality": "CANIA GOLD FIELD",
        "year": null,
        "description": ">600M LONG X ~50M WIDE X >3M DEEP.; ALLUVIAL WORKINGS; ABANDONED MINE",
        "provenance": {
          "authority": "Queensland Government MINOCC",
          "publication": "Mining Resources register",
          "date": null,
          "page": null,
          "record_id": "491438",
          "url": "https://spatial-gis.information.qld.gov.au/arcgis/rest/services/GeoscientificInformation/MiningResources/MapServer",
          "extraction_method": "automated_inventory",
          "ocr_status": "not_required",
          "location_method": "GPS OBSERVATION (AMG-66)"
        },
        "map_display": true,
        "public_display": true,
        "recovery": null,
        "related_record_ids": [
          "491438"
        ],
        "research_area": "calliope-gladstone",
        "limitations": "Government occurrence \u2014 not proof of remaining gold",
        "label": "Historical evidence"
      },
      "geometry": {
        "type": "Point",
        "coordinates": [
          150.960188889249,
          -24.620101444007698
        ]
      }
    },
    {
      "type": "Feature",
      "properties": {
        "record_id": "minocc-gold-489165",
        "historical_event_id": "77f91cdb60e6adbe",
        "name": "LAST CHANCE",
        "evidence_type": "ALLUVIAL_WORKING",
        "commodity": "gold",
        "commodity_group": "gold",
        "spatial_precision": "APPROXIMATE_POINT",
        "location_uncertainty_m": 50.0,
        "source_confidence": "high",
        "location_confidence": "APPROXIMATE",
        "historical_locality": "ON THE WESTERN SIDE OF NEW ZEALAND GULLY, SOUTH OF GOLDEN CREST WORKINGS, TIMBER RESERVE R46.",
        "modern_locality": "ON THE WESTERN SIDE OF NEW ZEALAND GULLY, SOUTH OF GOLDEN CREST WORKINGS, TIMBER RESERVE R46.",
        "year": null,
        "description": "204M LONG X 50M WIDE X 18.3M DEEP.; WORKINGS IN 3 GROUPS -2 SHAFTS AND A  TRENCH AT GR257747 7417364, ?MAIN SHAFT, TRENCH & EXTENSIVE PITTING AT GR 257794 7417288 & AN ADIT & OPEN SHAFT AT GR 257770 7417160.; MINE; ABANDONED MINE",
        "provenance": {
          "authority": "Queensland Government MINOCC",
          "publication": "Mining Resources register",
          "date": null,
          "page": null,
          "record_id": "489165",
          "url": "https://spatial-gis.information.qld.gov.au/arcgis/rest/services/GeoscientificInformation/MiningResources/MapServer",
          "extraction_method": "automated_inventory",
          "ocr_status": "not_required",
          "location_method": "GPS OBSERVATION (AMG-66)"
        },
        "map_display": true,
        "public_display": true,
        "recovery": null,
        "related_record_ids": [
          "489165"
        ],
        "research_area": "mount-morgan-dee-river",
        "limitations": "Government occurrence \u2014 not proof of remaining gold",
        "label": "Historical evidence"
      },
      "geometry": {
        "type": "Point",
        "coordinates": [
          150.63222366670976,
          -23.33446877659107
        ]
      }
    },
    {
      "type": "Feature",
      "properties": {
        "record_id": "minocc-gold-489563",
        "historical_event_id": "1abf191e36cc5dce",
        "name": "LAST CHANCE?",
        "evidence_type": "ALLUVIAL_WORKING",
        "commodity": "gold",
        "commodity_group": "gold",
        "spatial_precision": "APPROXIMATE_POINT",
        "location_uncertainty_m": 50.0,
        "source_confidence": "high",
        "location_confidence": "APPROXIMATE",
        "historical_locality": "UP A SIDE GULLY IN THE HEADWATERS OF CHINAMAN CREEK, GULLY FLOWS ~170 DEGREES",
        "modern_locality": "UP A SIDE GULLY IN THE HEADWATERS OF CHINAMAN CREEK, GULLY FLOWS ~170 DEGREES",
        "year": null,
        "description": "MINE; ABANDONED MINE",
        "provenance": {
          "authority": "Queensland Government MINOCC",
          "publication": "Mining Resources register",
          "date": null,
          "page": null,
          "record_id": "489563",
          "url": "https://spatial-gis.information.qld.gov.au/arcgis/rest/services/GeoscientificInformation/MiningResources/MapServer",
          "extraction_method": "automated_inventory",
          "ocr_status": "not_required",
          "location_method": "GPS OBSERVATION (AMG-84)"
        },
        "map_display": true,
        "public_display": true,
        "recovery": null,
        "related_record_ids": [
          "489563"
        ],
        "research_area": "mount-morgan-dee-river",
        "limitations": "Government occurrence \u2014 not proof of remaining gold",
        "label": "Historical evidence"
      },
      "geometry": {
        "type": "Point",
        "coordinates": [
          150.13512988866768,
          -23.24307988797094
        ]
      }
    },
    {
      "type": "Feature",
      "properties": {
        "record_id": "minocc-gold-524740",
        "historical_event_id": "d95c6252ced5c741",
        "name": "LEOS FLAT SURFACE LEAD",
        "evidence_type": "ALLUVIAL_WORKING",
        "commodity": "gold",
        "commodity_group": "gold",
        "spatial_precision": "APPROXIMATE_POINT",
        "location_uncertainty_m": 300.0,
        "source_confidence": "high",
        "location_confidence": "APPROXIMATE",
        "historical_locality": "4 KM NW OF CLERMONT",
        "modern_locality": "4 KM NW OF CLERMONT",
        "year": null,
        "description": "700M LONG X 300M WIDE X 54.86M DEEP; ALLUVIAL WORKINGS; ABANDONED MINE",
        "provenance": {
          "authority": "Queensland Government MINOCC",
          "publication": "Mining Resources register",
          "date": null,
          "page": null,
          "record_id": "524740",
          "url": "https://spatial-gis.information.qld.gov.au/arcgis/rest/services/GeoscientificInformation/MiningResources/MapServer",
          "extraction_method": "automated_inventory",
          "ocr_status": "not_required",
          "location_method": "REPORT (PUBLISHED)"
        },
        "map_display": true,
        "public_display": true,
        "recovery": null,
        "related_record_ids": [
          "524740"
        ],
        "research_area": "clermont-blair-athol",
        "limitations": "Government occurrence \u2014 not proof of remaining gold",
        "label": "Historical evidence"
      },
      "geometry": {
        "type": "Point",
        "coordinates": [
          147.59834655577103,
          -22.77298477699937
        ]
      }
    },
    {
      "type": "Feature",
      "properties": {
        "record_id": "minocc-gold-527587",
        "historical_event_id": "32986e8b9b01733f",
        "name": "LIMESTONE HILL",
        "evidence_type": "ALLUVIAL_WORKING",
        "commodity": "gold",
        "commodity_group": "gold",
        "spatial_precision": "APPROXIMATE_POINT",
        "location_uncertainty_m": 200.0,
        "source_confidence": "high",
        "location_confidence": "APPROXIMATE",
        "historical_locality": "17 KM NNW OF CLERMONT",
        "modern_locality": "17 KM NNW OF CLERMONT",
        "year": null,
        "description": "ALLUVIAL WORKINGS; ABANDONED MINE",
        "provenance": {
          "authority": "Queensland Government MINOCC",
          "publication": "Mining Resources register",
          "date": null,
          "page": null,
          "record_id": "527587",
          "url": "https://spatial-gis.information.qld.gov.au/arcgis/rest/services/GeoscientificInformation/MiningResources/MapServer",
          "extraction_method": "automated_inventory",
          "ocr_status": "not_required",
          "location_method": "REPORT (PUBLISHED)"
        },
        "map_display": true,
        "public_display": true,
        "recovery": null,
        "related_record_ids": [
          "527587"
        ],
        "research_area": "clermont-blair-athol",
        "limitations": "Government occurrence \u2014 not proof of remaining gold",
        "label": "Historical evidence"
      },
      "geometry": {
        "type": "Point",
        "coordinates": [
          147.60339444471302,
          -22.657763888551344
        ]
      }
    },
    {
      "type": "Feature",
      "properties": {
        "record_id": "minocc-gold-518524",
        "historical_event_id": "c996c6ca86a3c199",
        "name": "LINCOLN LEADERS",
        "evidence_type": "ALLUVIAL_WORKING",
        "commodity": "gold",
        "commodity_group": "gold",
        "spatial_precision": "APPROXIMATE_POINT",
        "location_uncertainty_m": 300.0,
        "source_confidence": "high",
        "location_confidence": "APPROXIMATE",
        "historical_locality": "3.5 KM SW OF CLERMONT",
        "modern_locality": "3.5 KM SW OF CLERMONT",
        "year": null,
        "description": "12.2M DEEP; ALLUVIAL WORKINGS; ABANDONED MINE",
        "provenance": {
          "authority": "Queensland Government MINOCC",
          "publication": "Mining Resources register",
          "date": null,
          "page": null,
          "record_id": "518524",
          "url": "https://spatial-gis.information.qld.gov.au/arcgis/rest/services/GeoscientificInformation/MiningResources/MapServer",
          "extraction_method": "automated_inventory",
          "ocr_status": "not_required",
          "location_method": "REPORT (UNPUBLISHED)"
        },
        "map_display": true,
        "public_display": true,
        "recovery": null,
        "related_record_ids": [
          "518524"
        ],
        "research_area": "clermont-blair-athol",
        "limitations": "Government occurrence \u2014 not proof of remaining gold",
        "label": "Historical evidence"
      },
      "geometry": {
        "type": "Point",
        "coordinates": [
          147.60824444448016,
          -22.84776044360795
        ]
      }
    },
    {
      "type": "Feature",
      "properties": {
        "record_id": "minocc-gold-520225",
        "historical_event_id": "4b82391208366faa",
        "name": "LINKLATERS LEAD",
        "evidence_type": "ALLUVIAL_WORKING",
        "commodity": "gold",
        "commodity_group": "gold",
        "spatial_precision": "APPROXIMATE_POINT",
        "location_uncertainty_m": 300.0,
        "source_confidence": "high",
        "location_confidence": "APPROXIMATE",
        "historical_locality": "17 KM N OF CLERMONT",
        "modern_locality": "17 KM N OF CLERMONT",
        "year": null,
        "description": "ALLUVIAL WORKINGS; ABANDONED MINE",
        "provenance": {
          "authority": "Queensland Government MINOCC",
          "publication": "Mining Resources register",
          "date": null,
          "page": null,
          "record_id": "520225",
          "url": "https://spatial-gis.information.qld.gov.au/arcgis/rest/services/GeoscientificInformation/MiningResources/MapServer",
          "extraction_method": "automated_inventory",
          "ocr_status": "not_required",
          "location_method": "REPORT (UNPUBLISHED)"
        },
        "map_display": true,
        "public_display": true,
        "recovery": null,
        "related_record_ids": [
          "520225"
        ],
        "research_area": "clermont-blair-athol",
        "limitations": "Government occurrence \u2014 not proof of remaining gold",
        "label": "Historical evidence"
      },
      "geometry": {
        "type": "Point",
        "coordinates": [
          147.60925833355196,
          -22.66129166606209
        ]
      }
    },
    {
      "type": "Feature",
      "properties": {
        "record_id": "minocc-gold-486475",
        "historical_event_id": "6c79a19e772342e4",
        "name": "LONG GULLY",
        "evidence_type": "ALLUVIAL_WORKING",
        "commodity": "gold",
        "commodity_group": "gold",
        "spatial_precision": "APPROXIMATE_POINT",
        "location_uncertainty_m": 200.0,
        "source_confidence": "high",
        "location_confidence": "APPROXIMATE",
        "historical_locality": "4 KM NE OF BOULDERCOMBE",
        "modern_locality": "4 KM NE OF BOULDERCOMBE",
        "year": null,
        "description": "400M LONG X 5M WIDE X 1.4M DEEP; ALLUVIAL WORKINGS; ABANDONED MINE",
        "provenance": {
          "authority": "Queensland Government MINOCC",
          "publication": "Mining Resources register",
          "date": null,
          "page": null,
          "record_id": "486475",
          "url": "https://spatial-gis.information.qld.gov.au/arcgis/rest/services/GeoscientificInformation/MiningResources/MapServer",
          "extraction_method": "automated_inventory",
          "ocr_status": "not_required",
          "location_method": "TOPOGRAPHIC MAP (SCALE UNSPECIFIED)"
        },
        "map_display": true,
        "public_display": true,
        "recovery": null,
        "related_record_ids": [
          "486475"
        ],
        "research_area": "mount-morgan-dee-river",
        "limitations": "Government occurrence \u2014 not proof of remaining gold",
        "label": "Historical evidence"
      },
      "geometry": {
        "type": "Point",
        "coordinates": [
          150.50585833315517,
          -23.55844999917358
        ]
      }
    },
    {
      "type": "Feature",
      "properties": {
        "record_id": "minocc-gold-524720",
        "historical_event_id": "2e24b090bb59e8f3",
        "name": "LONG GULLY",
        "evidence_type": "ALLUVIAL_WORKING",
        "commodity": "gold",
        "commodity_group": "gold",
        "spatial_precision": "APPROXIMATE_POINT",
        "location_uncertainty_m": 100.0,
        "source_confidence": "high",
        "location_confidence": "APPROXIMATE",
        "historical_locality": "6.1 KM SSE OF CLERMONT",
        "modern_locality": "6.1 KM SSE OF CLERMONT",
        "year": null,
        "description": "ALLUVIAL WORKINGS; ABANDONED MINE",
        "provenance": {
          "authority": "Queensland Government MINOCC",
          "publication": "Mining Resources register",
          "date": null,
          "page": null,
          "record_id": "524720",
          "url": "https://spatial-gis.information.qld.gov.au/arcgis/rest/services/GeoscientificInformation/MiningResources/MapServer",
          "extraction_method": "automated_inventory",
          "ocr_status": "not_required",
          "location_method": "REPORT (PUBLISHED)"
        },
        "map_display": true,
        "public_display": true,
        "recovery": null,
        "related_record_ids": [
          "524720"
        ],
        "research_area": "clermont-blair-athol",
        "limitations": "Government occurrence \u2014 not proof of remaining gold",
        "label": "Historical evidence"
      },
      "geometry": {
        "type": "Point",
        "coordinates": [
          147.65270555562074,
          -22.87152088791817
        ]
      }
    },
    {
      "type": "Feature",
      "properties": {
        "record_id": "minocc-gold-524730",
        "historical_event_id": "567ab73ce26bf43f",
        "name": "LONG GULLY LEAD",
        "evidence_type": "ALLUVIAL_WORKING",
        "commodity": "gold",
        "commodity_group": "gold",
        "spatial_precision": "APPROXIMATE_POINT",
        "location_uncertainty_m": 200.0,
        "source_confidence": "high",
        "location_confidence": "APPROXIMATE",
        "historical_locality": "6 KM S OF CLERMONT",
        "modern_locality": "6 KM S OF CLERMONT",
        "year": null,
        "description": "1350M LONG; ALLUVIAL WORKINGS; ABANDONED MINE",
        "provenance": {
          "authority": "Queensland Government MINOCC",
          "publication": "Mining Resources register",
          "date": null,
          "page": null,
          "record_id": "524730",
          "url": "https://spatial-gis.information.qld.gov.au/arcgis/rest/services/GeoscientificInformation/MiningResources/MapServer",
          "extraction_method": "automated_inventory",
          "ocr_status": "not_required",
          "location_method": "DIGITISED FROM AIRPHOTO COMPILATION SHEET"
        },
        "map_display": true,
        "public_display": true,
        "recovery": null,
        "related_record_ids": [
          "524730"
        ],
        "research_area": "clermont-blair-athol",
        "limitations": "Government occurrence \u2014 not proof of remaining gold",
        "label": "Historical evidence"
      },
      "geometry": {
        "type": "Point",
        "coordinates": [
          147.6571694448254,
          -22.869406999584246
        ]
      }
    },
    {
      "type": "Feature",
      "properties": {
        "record_id": "minocc-gold-489131",
        "historical_event_id": "f5e76651ca80af02",
        "name": "LORD ALISA",
        "evidence_type": "ALLUVIAL_WORKING",
        "commodity": "gold",
        "commodity_group": "gold",
        "spatial_precision": "APPROXIMATE_POINT",
        "location_uncertainty_m": 50.0,
        "source_confidence": "high",
        "location_confidence": "APPROXIMATE",
        "historical_locality": "ON NORTHERN SLOPES OF CONSTITUTION HILL, CAWARRAL.",
        "modern_locality": "ON NORTHERN SLOPES OF CONSTITUTION HILL, CAWARRAL.",
        "year": null,
        "description": "250M LONG X 20M WIDE >5M DEEP.; ADIT PORTAL IS IN A NORTH EAST TRENDING GULLY ~60M NORTH OF THE MIDDLE SHAFT, ?ADIT CONNECTS TO THE SHAFT.; MINE; ABANDONED MINE",
        "provenance": {
          "authority": "Queensland Government MINOCC",
          "publication": "Mining Resources register",
          "date": null,
          "page": null,
          "record_id": "489131",
          "url": "https://spatial-gis.information.qld.gov.au/arcgis/rest/services/GeoscientificInformation/MiningResources/MapServer",
          "extraction_method": "automated_inventory",
          "ocr_status": "not_required",
          "location_method": "GPS OBSERVATION (AMG-84)"
        },
        "map_display": true,
        "public_display": true,
        "recovery": null,
        "related_record_ids": [
          "489131"
        ],
        "research_area": "mount-morgan-dee-river",
        "limitations": "Government occurrence \u2014 not proof of remaining gold",
        "label": "Historical evidence"
      },
      "geometry": {
        "type": "Point",
        "coordinates": [
          150.67915977824168,
          -23.243802110079347
        ]
      }
    },
    {
      "type": "Feature",
      "properties": {
        "record_id": "minocc-gold-528109",
        "historical_event_id": "e69427cc3b35eaed",
        "name": "LOWER CAMP",
        "evidence_type": "ALLUVIAL_WORKING",
        "commodity": "gold",
        "commodity_group": "gold",
        "spatial_precision": "APPROXIMATE_POINT",
        "location_uncertainty_m": 200.0,
        "source_confidence": "high",
        "location_confidence": "APPROXIMATE",
        "historical_locality": "31 KM NNW OF CLERMONT",
        "modern_locality": "31 KM NNW OF CLERMONT",
        "year": null,
        "description": "NOT KNOWN; ALLUVIAL WORKINGS; ABANDONED MINE",
        "provenance": {
          "authority": "Queensland Government MINOCC",
          "publication": "Mining Resources register",
          "date": null,
          "page": null,
          "record_id": "528109",
          "url": "https://spatial-gis.information.qld.gov.au/arcgis/rest/services/GeoscientificInformation/MiningResources/MapServer",
          "extraction_method": "automated_inventory",
          "ocr_status": "not_required",
          "location_method": "REPORT (PUBLISHED)"
        },
        "map_display": true,
        "public_display": true,
        "recovery": null,
        "related_record_ids": [
          "528109"
        ],
        "research_area": "clermont-blair-athol",
        "limitations": "Government occurrence \u2014 not proof of remaining gold",
        "label": "Historical evidence"
      },
      "geometry": {
        "type": "Point",
        "coordinates": [
          147.54941322180514,
          -22.557052776611105
        ]
      }
    },
    {
      "type": "Feature",
      "properties": {
        "record_id": "minocc-gold-485578",
        "historical_event_id": "fbceff0357576450",
        "name": "MADAM BESANT",
        "evidence_type": "ALLUVIAL_WORKING",
        "commodity": "gold",
        "commodity_group": "gold",
        "spatial_precision": "APPROXIMATE_POINT",
        "location_uncertainty_m": 100.0,
        "source_confidence": "high",
        "location_confidence": "APPROXIMATE",
        "historical_locality": "AT HEAD OF MAXWELLTON CREEK, 11.5 KM S OF DAWSON HIGHWAY",
        "modern_locality": "AT HEAD OF MAXWELLTON CREEK, 11.5 KM S OF DAWSON HIGHWAY",
        "year": null,
        "description": "110M LONG X 40M WIDE X 0.5M DEEP; PITS; MINERAL OCCURRENCE",
        "provenance": {
          "authority": "Queensland Government MINOCC",
          "publication": "Mining Resources register",
          "date": null,
          "page": null,
          "record_id": "485578",
          "url": "https://spatial-gis.information.qld.gov.au/arcgis/rest/services/GeoscientificInformation/MiningResources/MapServer",
          "extraction_method": "automated_inventory",
          "ocr_status": "not_required",
          "location_method": "GPS OBSERVATION (AMG-84)"
        },
        "map_display": true,
        "public_display": true,
        "recovery": null,
        "related_record_ids": [
          "485578"
        ],
        "research_area": "mount-morgan-dee-river",
        "limitations": "Government occurrence \u2014 not proof of remaining gold",
        "label": "Historical evidence"
      },
      "geometry": {
        "type": "Point",
        "coordinates": [
          150.8552277773377,
          -24.191115999171917
        ]
      }
    },
    {
      "type": "Feature",
      "properties": {
        "record_id": "minocc-gold-524725",
        "historical_event_id": "e3189bb1fb44d3b5",
        "name": "MADDENS GULLY",
        "evidence_type": "ALLUVIAL_WORKING",
        "commodity": "gold",
        "commodity_group": "gold",
        "spatial_precision": "APPROXIMATE_POINT",
        "location_uncertainty_m": 50.0,
        "source_confidence": "high",
        "location_confidence": "APPROXIMATE",
        "historical_locality": "4 KM S OF CLERMONT",
        "modern_locality": "4 KM S OF CLERMONT",
        "year": null,
        "description": "600M LONG; MINE; ABANDONED MINE",
        "provenance": {
          "authority": "Queensland Government MINOCC",
          "publication": "Mining Resources register",
          "date": null,
          "page": null,
          "record_id": "524725",
          "url": "https://spatial-gis.information.qld.gov.au/arcgis/rest/services/GeoscientificInformation/MiningResources/MapServer",
          "extraction_method": "automated_inventory",
          "ocr_status": "not_required",
          "location_method": "DIGITISED FROM AIRPHOTO COMPILATION SHEET"
        },
        "map_display": true,
        "public_display": true,
        "recovery": null,
        "related_record_ids": [
          "524725"
        ],
        "research_area": "clermont-blair-athol",
        "limitations": "Government occurrence \u2014 not proof of remaining gold",
        "label": "Historical evidence"
      },
      "geometry": {
        "type": "Point",
        "coordinates": [
          147.63722433349653,
          -22.863411110202513
        ]
      }
    },
    {
      "type": "Feature",
      "properties": {
        "record_id": "minocc-gold-524711",
        "historical_event_id": "9c03ed4859fb6bc1",
        "name": "MAGGOT LEAD",
        "evidence_type": "ALLUVIAL_WORKING",
        "commodity": "gold",
        "commodity_group": "gold",
        "spatial_precision": "PRECISE_POINT",
        "location_uncertainty_m": 20.0,
        "source_confidence": "high",
        "location_confidence": "HIGH_CONFIDENCE",
        "historical_locality": "4 KM S OF CLERMONT",
        "modern_locality": "4 KM S OF CLERMONT",
        "year": null,
        "description": "100M LONG X 30M WIDE X >1.5M DEEP; ALLUVIAL WORKINGS; ABANDONED MINE",
        "provenance": {
          "authority": "Queensland Government MINOCC",
          "publication": "Mining Resources register",
          "date": null,
          "page": null,
          "record_id": "524711",
          "url": "https://spatial-gis.information.qld.gov.au/arcgis/rest/services/GeoscientificInformation/MiningResources/MapServer",
          "extraction_method": "automated_inventory",
          "ocr_status": "not_required",
          "location_method": "GPS OBSERVATION (AMG-66)"
        },
        "map_display": true,
        "public_display": true,
        "recovery": null,
        "related_record_ids": [
          "524711"
        ],
        "research_area": "clermont-blair-athol",
        "limitations": "Government occurrence \u2014 not proof of remaining gold",
        "label": "Historical evidence"
      },
      "geometry": {
        "type": "Point",
        "coordinates": [
          147.63129311073274,
          -22.84992155477967
        ]
      }
    },
    {
      "type": "Feature",
      "properties": {
        "record_id": "minocc-gold-489196",
        "historical_event_id": "c8566d1594e9b83c",
        "name": "MCCONNELL'S LEADER",
        "evidence_type": "ALLUVIAL_WORKING",
        "commodity": "gold",
        "commodity_group": "gold",
        "spatial_precision": "APPROXIMATE_POINT",
        "location_uncertainty_m": 50.0,
        "source_confidence": "high",
        "location_confidence": "APPROXIMATE",
        "historical_locality": "ON THE SOUTH EASTERN SLOPES OF CONSTITUTION HILL.",
        "modern_locality": "ON THE SOUTH EASTERN SLOPES OF CONSTITUTION HILL.",
        "year": null,
        "description": "~40M LONG X 10M WIDE X >11M DEEP; ADIT IN EASTERLY STRIKING GULLY, MULLOCK DUMP ~8M ABOVE GULLY FLOOR.; MINE; ABANDONED MINE",
        "provenance": {
          "authority": "Queensland Government MINOCC",
          "publication": "Mining Resources register",
          "date": null,
          "page": null,
          "record_id": "489196",
          "url": "https://spatial-gis.information.qld.gov.au/arcgis/rest/services/GeoscientificInformation/MiningResources/MapServer",
          "extraction_method": "automated_inventory",
          "ocr_status": "not_required",
          "location_method": "GPS OBSERVATION (AMG-84)"
        },
        "map_display": true,
        "public_display": true,
        "recovery": null,
        "related_record_ids": [
          "489196"
        ],
        "research_area": "mount-morgan-dee-river",
        "limitations": "Government occurrence \u2014 not proof of remaining gold",
        "label": "Historical evidence"
      },
      "geometry": {
        "type": "Point",
        "coordinates": [
          150.68073755541226,
          -23.24408544393352
        ]
      }
    },
    {
      "type": "Feature",
      "properties": {
        "record_id": "minocc-gold-527519",
        "historical_event_id": "d33c8ffddf591d48",
        "name": "MCFAYDENS LEAD",
        "evidence_type": "ALLUVIAL_WORKING",
        "commodity": "gold",
        "commodity_group": "gold",
        "spatial_precision": "APPROXIMATE_POINT",
        "location_uncertainty_m": 200.0,
        "source_confidence": "high",
        "location_confidence": "APPROXIMATE",
        "historical_locality": "17 KM NNW OF CLERMONT",
        "modern_locality": "17 KM NNW OF CLERMONT",
        "year": null,
        "description": "ALLUVIAL WORKINGS; ABANDONED MINE",
        "provenance": {
          "authority": "Queensland Government MINOCC",
          "publication": "Mining Resources register",
          "date": null,
          "page": null,
          "record_id": "527519",
          "url": "https://spatial-gis.information.qld.gov.au/arcgis/rest/services/GeoscientificInformation/MiningResources/MapServer",
          "extraction_method": "automated_inventory",
          "ocr_status": "not_required",
          "location_method": "REPORT (UNPUBLISHED)"
        },
        "map_display": true,
        "public_display": true,
        "recovery": null,
        "related_record_ids": [
          "527519"
        ],
        "research_area": "clermont-blair-athol",
        "limitations": "Government occurrence \u2014 not proof of remaining gold",
        "label": "Historical evidence"
      },
      "geometry": {
        "type": "Point",
        "coordinates": [
          147.60029166646814,
          -22.658083332792216
        ]
      }
    },
    {
      "type": "Feature",
      "properties": {
        "record_id": "minocc-gold-524723",
        "historical_event_id": "635d123256f64980",
        "name": "MCGUINNESS GULLY",
        "evidence_type": "ALLUVIAL_WORKING",
        "commodity": "gold",
        "commodity_group": "gold",
        "spatial_precision": "APPROXIMATE_POINT",
        "location_uncertainty_m": 50.0,
        "source_confidence": "high",
        "location_confidence": "APPROXIMATE",
        "historical_locality": "5 KM S OF CLERMONT",
        "modern_locality": "5 KM S OF CLERMONT",
        "year": null,
        "description": "1000M LONG; ALLUVIAL WORKINGS; ABANDONED MINE",
        "provenance": {
          "authority": "Queensland Government MINOCC",
          "publication": "Mining Resources register",
          "date": null,
          "page": null,
          "record_id": "524723",
          "url": "https://spatial-gis.information.qld.gov.au/arcgis/rest/services/GeoscientificInformation/MiningResources/MapServer",
          "extraction_method": "automated_inventory",
          "ocr_status": "not_required",
          "location_method": "DIGITISED FROM AIRPHOTO COMPILATION SHEET"
        },
        "map_display": true,
        "public_display": true,
        "recovery": null,
        "related_record_ids": [
          "524723"
        ],
        "research_area": "clermont-blair-athol",
        "limitations": "Government occurrence \u2014 not proof of remaining gold",
        "label": "Historical evidence"
      },
      "geometry": {
        "type": "Point",
        "coordinates": [
          147.63605766660265,
          -22.876629221185656
        ]
      }
    },
    {
      "type": "Feature",
      "properties": {
        "record_id": "minocc-gold-493616",
        "historical_event_id": "a09d065cc69ecced",
        "name": "MIDAS",
        "evidence_type": "ALLUVIAL_WORKING",
        "commodity": "gold",
        "commodity_group": "gold",
        "spatial_precision": "APPROXIMATE_POINT",
        "location_uncertainty_m": 1000.0,
        "source_confidence": "high",
        "location_confidence": "APPROXIMATE",
        "historical_locality": "ADJACENT TO TEN MILE CREEK, NORMANBY RANGE, PRINCHESTER.",
        "modern_locality": "ADJACENT TO TEN MILE CREEK, NORMANBY RANGE, PRINCHESTER.",
        "year": null,
        "description": "25M DEEP.; Shaft and decline shaft collapsed and water filled.; MINE; ABANDONED MINE",
        "provenance": {
          "authority": "Queensland Government MINOCC",
          "publication": "Mining Resources register",
          "date": null,
          "page": null,
          "record_id": "493616",
          "url": "https://spatial-gis.information.qld.gov.au/arcgis/rest/services/GeoscientificInformation/MiningResources/MapServer",
          "extraction_method": "automated_inventory",
          "ocr_status": "not_required",
          "location_method": "REPORT (UNPUBLISHED)"
        },
        "map_display": true,
        "public_display": true,
        "recovery": null,
        "related_record_ids": [
          "493616"
        ],
        "research_area": "mount-morgan-dee-river",
        "limitations": "Government occurrence \u2014 not proof of remaining gold",
        "label": "Historical evidence"
      },
      "geometry": {
        "type": "Point",
        "coordinates": [
          150.28217922254203,
          -22.577870888412395
        ]
      }
    },
    {
      "type": "Feature",
      "properties": {
        "record_id": "minocc-gold-528087",
        "historical_event_id": "013c3a8bb7e60726",
        "name": "MIDDLE CAMP",
        "evidence_type": "ALLUVIAL_WORKING",
        "commodity": "gold",
        "commodity_group": "gold",
        "spatial_precision": "APPROXIMATE_POINT",
        "location_uncertainty_m": 200.0,
        "source_confidence": "high",
        "location_confidence": "APPROXIMATE",
        "historical_locality": "31 KM NNW OF CLERMONT",
        "modern_locality": "31 KM NNW OF CLERMONT",
        "year": null,
        "description": "1000M LONG; ALLUVIAL WORKINGS; ABANDONED MINE",
        "provenance": {
          "authority": "Queensland Government MINOCC",
          "publication": "Mining Resources register",
          "date": null,
          "page": null,
          "record_id": "528087",
          "url": "https://spatial-gis.information.qld.gov.au/arcgis/rest/services/GeoscientificInformation/MiningResources/MapServer",
          "extraction_method": "automated_inventory",
          "ocr_status": "not_required",
          "location_method": "REPORT (PUBLISHED)"
        },
        "map_display": true,
        "public_display": true,
        "recovery": null,
        "related_record_ids": [
          "528087"
        ],
        "research_area": "clermont-blair-athol",
        "limitations": "Government occurrence \u2014 not proof of remaining gold",
        "label": "Historical evidence"
      },
      "geometry": {
        "type": "Point",
        "coordinates": [
          147.5464021107421,
          -22.548246554919306
        ]
      }
    },
    {
      "type": "Feature",
      "properties": {
        "record_id": "minocc-gold-486547",
        "historical_event_id": "5a1d7245c37ee8b1",
        "name": "MIDGEE CREEK",
        "evidence_type": "ALLUVIAL_WORKING",
        "commodity": "gold",
        "commodity_group": "gold",
        "spatial_precision": "APPROXIMATE_POINT",
        "location_uncertainty_m": 100.0,
        "source_confidence": "high",
        "location_confidence": "APPROXIMATE",
        "historical_locality": "17 KM NW OF BAJOOL",
        "modern_locality": "17 KM NW OF BAJOOL",
        "year": null,
        "description": "~100M LONG X 30M WIDE X >5M DEEP; ALLUVIAL WORKINGS; ABANDONED MINE",
        "provenance": {
          "authority": "Queensland Government MINOCC",
          "publication": "Mining Resources register",
          "date": null,
          "page": null,
          "record_id": "486547",
          "url": "https://spatial-gis.information.qld.gov.au/arcgis/rest/services/GeoscientificInformation/MiningResources/MapServer",
          "extraction_method": "automated_inventory",
          "ocr_status": "not_required",
          "location_method": "GLOBAL POSITIONING SYSTEM"
        },
        "map_display": true,
        "public_display": true,
        "recovery": null,
        "related_record_ids": [
          "486547"
        ],
        "research_area": "mount-morgan-dee-river",
        "limitations": "Government occurrence \u2014 not proof of remaining gold",
        "label": "Historical evidence"
      },
      "geometry": {
        "type": "Point",
        "coordinates": [
          150.50842499975738,
          -23.561930554913076
        ]
      }
    },
    {
      "type": "Feature",
      "properties": {
        "record_id": "minocc-gold-489532",
        "historical_event_id": "50370ec69d3215cf",
        "name": "MILNER'S",
        "evidence_type": "ALLUVIAL_WORKING",
        "commodity": "gold",
        "commodity_group": "gold",
        "spatial_precision": "APPROXIMATE_POINT",
        "location_uncertainty_m": 100.0,
        "source_confidence": "high",
        "location_confidence": "APPROXIMATE",
        "historical_locality": "ABOUT 37M NORTHEAST OF THOMPSON'S GOLDEN LEAD DECLINE SHAFT.",
        "modern_locality": "ABOUT 37M NORTHEAST OF THOMPSON'S GOLDEN LEAD DECLINE SHAFT.",
        "year": null,
        "description": "5.49M DEEP.; MINE; ABANDONED MINE",
        "provenance": {
          "authority": "Queensland Government MINOCC",
          "publication": "Mining Resources register",
          "date": null,
          "page": null,
          "record_id": "489532",
          "url": "https://spatial-gis.information.qld.gov.au/arcgis/rest/services/GeoscientificInformation/MiningResources/MapServer",
          "extraction_method": "automated_inventory",
          "ocr_status": "not_required",
          "location_method": "REPORT (PUBLISHED)"
        },
        "map_display": true,
        "public_display": true,
        "recovery": null,
        "related_record_ids": [
          "489532"
        ],
        "research_area": "mount-morgan-dee-river",
        "limitations": "Government occurrence \u2014 not proof of remaining gold",
        "label": "Historical evidence"
      },
      "geometry": {
        "type": "Point",
        "coordinates": [
          150.1830431115706,
          -23.268254221504613
        ]
      }
    },
    {
      "type": "Feature",
      "properties": {
        "record_id": "minocc-gold-486864",
        "historical_event_id": "622383fdd7e17d1b",
        "name": "MISSING LINK",
        "evidence_type": "ALLUVIAL_WORKING",
        "commodity": "gold",
        "commodity_group": "gold",
        "spatial_precision": "APPROXIMATE_POINT",
        "location_uncertainty_m": 100.0,
        "source_confidence": "high",
        "location_confidence": "APPROXIMATE",
        "historical_locality": "ON MT USHER RANGE @ HEAD OF DUNN'S GULLY",
        "modern_locality": "ON MT USHER RANGE @ HEAD OF DUNN'S GULLY",
        "year": null,
        "description": "MINE; ABANDONED MINE",
        "provenance": {
          "authority": "Queensland Government MINOCC",
          "publication": "Mining Resources register",
          "date": null,
          "page": null,
          "record_id": "486864",
          "url": "https://spatial-gis.information.qld.gov.au/arcgis/rest/services/GeoscientificInformation/MiningResources/MapServer",
          "extraction_method": "automated_inventory",
          "ocr_status": "not_required",
          "location_method": "TOPOGRAPHIC MAP (1:100 000 SCALE) (100M ACCURACY)"
        },
        "map_display": true,
        "public_display": true,
        "recovery": null,
        "related_record_ids": [
          "486864"
        ],
        "research_area": "mount-morgan-dee-river",
        "limitations": "Government occurrence \u2014 not proof of remaining gold",
        "label": "Historical evidence"
      },
      "geometry": {
        "type": "Point",
        "coordinates": [
          150.4532361114682,
          -23.59693266559987
        ]
      }
    },
    {
      "type": "Feature",
      "properties": {
        "record_id": "minocc-gold-512652",
        "historical_event_id": "3ebbdd6fba017fb7",
        "name": "MISTAKE CREEK",
        "evidence_type": "ALLUVIAL_WORKING",
        "commodity": "gold",
        "commodity_group": "gold",
        "spatial_precision": "APPROXIMATE_POINT",
        "location_uncertainty_m": 200.0,
        "source_confidence": "high",
        "location_confidence": "APPROXIMATE",
        "historical_locality": "20.5 KM S OF FRANKFIELD HOMESTEAD",
        "modern_locality": "20.5 KM S OF FRANKFIELD HOMESTEAD",
        "year": null,
        "description": "SOIL; MINERAL OCCURRENCE",
        "provenance": {
          "authority": "Queensland Government MINOCC",
          "publication": "Mining Resources register",
          "date": null,
          "page": null,
          "record_id": "512652",
          "url": "https://spatial-gis.information.qld.gov.au/arcgis/rest/services/GeoscientificInformation/MiningResources/MapServer",
          "extraction_method": "automated_inventory",
          "ocr_status": "not_required",
          "location_method": "REPORT (UNPUBLISHED)"
        },
        "map_display": true,
        "public_display": true,
        "recovery": null,
        "related_record_ids": [
          "512652"
        ],
        "research_area": "clermont-blair-athol",
        "limitations": "Government occurrence \u2014 not proof of remaining gold",
        "label": "Historical evidence"
      },
      "geometry": {
        "type": "Point",
        "coordinates": [
          147.08566599956836,
          -22.461574999245116
        ]
      }
    },
    {
      "type": "Feature",
      "properties": {
        "record_id": "minocc-gold-491488",
        "historical_event_id": "ec08b375db05d206",
        "name": "MOONLIGHT GULLY",
        "evidence_type": "ALLUVIAL_WORKING",
        "commodity": "gold",
        "commodity_group": "gold",
        "spatial_precision": "APPROXIMATE_POINT",
        "location_uncertainty_m": 50.0,
        "source_confidence": "high",
        "location_confidence": "APPROXIMATE",
        "historical_locality": "GULLY FEEDING THREE MOON CREEK, CANIA GOLD FIELD",
        "modern_locality": "GULLY FEEDING THREE MOON CREEK, CANIA GOLD FIELD",
        "year": null,
        "description": ">150M LONG X 50M WIDE X >2M DEEP.; ALLUVIAL WORKINGS; ABANDONED MINE",
        "provenance": {
          "authority": "Queensland Government MINOCC",
          "publication": "Mining Resources register",
          "date": null,
          "page": null,
          "record_id": "491488",
          "url": "https://spatial-gis.information.qld.gov.au/arcgis/rest/services/GeoscientificInformation/MiningResources/MapServer",
          "extraction_method": "automated_inventory",
          "ocr_status": "not_required",
          "location_method": "GPS OBSERVATION (AMG-66)"
        },
        "map_display": true,
        "public_display": true,
        "recovery": null,
        "related_record_ids": [
          "491488"
        ],
        "research_area": "calliope-gladstone",
        "limitations": "Government occurrence \u2014 not proof of remaining gold",
        "label": "Historical evidence"
      },
      "geometry": {
        "type": "Point",
        "coordinates": [
          150.9677819997318,
          -24.645121555103433
        ]
      }
    },
    {
      "type": "Feature",
      "properties": {
        "record_id": "minocc-gold-489576",
        "historical_event_id": "22ba1ecea6999ddc",
        "name": "MORINISH ALLUVIALS",
        "evidence_type": "ALLUVIAL_WORKING",
        "commodity": "gold",
        "commodity_group": "gold",
        "spatial_precision": "APPROXIMATE_POINT",
        "location_uncertainty_m": 100.0,
        "source_confidence": "high",
        "location_confidence": "APPROXIMATE",
        "historical_locality": "RIDGELANDS AREA, NORTH OF ROCKHAMTON.",
        "modern_locality": "RIDGELANDS AREA, NORTH OF ROCKHAMTON.",
        "year": null,
        "description": "ALLUVIAL WORKINGS; ABANDONED MINE",
        "provenance": {
          "authority": "Queensland Government MINOCC",
          "publication": "Mining Resources register",
          "date": null,
          "page": null,
          "record_id": "489576",
          "url": "https://spatial-gis.information.qld.gov.au/arcgis/rest/services/GeoscientificInformation/MiningResources/MapServer",
          "extraction_method": "automated_inventory",
          "ocr_status": "not_required",
          "location_method": "REPORT (PUBLISHED)"
        },
        "map_display": true,
        "public_display": true,
        "recovery": null,
        "related_record_ids": [
          "489576"
        ],
        "research_area": "mount-morgan-dee-river",
        "limitations": "Government occurrence \u2014 not proof of remaining gold",
        "label": "Historical evidence"
      },
      "geometry": {
        "type": "Point",
        "coordinates": [
          150.1628250003152,
          -23.254352777417612
        ]
      }
    },
    {
      "type": "Feature",
      "properties": {
        "record_id": "minocc-gold-485584",
        "historical_event_id": "d6772de768d09849",
        "name": "MOUNT ALICE",
        "evidence_type": "ALLUVIAL_WORKING",
        "commodity": "gold",
        "commodity_group": "gold",
        "spatial_precision": "APPROXIMATE_POINT",
        "location_uncertainty_m": 100.0,
        "source_confidence": "high",
        "location_confidence": "APPROXIMATE",
        "historical_locality": "AT HEAD OF MAXWELLTON CREEK, 12 KM S OF DAWSON HIGHWAY",
        "modern_locality": "AT HEAD OF MAXWELLTON CREEK, 12 KM S OF DAWSON HIGHWAY",
        "year": null,
        "description": "15.2M DEEP; ALL INACCESSIBLE.; MINE; ABANDONED MINE",
        "provenance": {
          "authority": "Queensland Government MINOCC",
          "publication": "Mining Resources register",
          "date": null,
          "page": null,
          "record_id": "485584",
          "url": "https://spatial-gis.information.qld.gov.au/arcgis/rest/services/GeoscientificInformation/MiningResources/MapServer",
          "extraction_method": "automated_inventory",
          "ocr_status": "not_required",
          "location_method": "GPS OBSERVATION (AMG-84)"
        },
        "map_display": true,
        "public_display": true,
        "recovery": null,
        "related_record_ids": [
          "485584"
        ],
        "research_area": "mount-morgan-dee-river",
        "limitations": "Government occurrence \u2014 not proof of remaining gold",
        "label": "Historical evidence"
      },
      "geometry": {
        "type": "Point",
        "coordinates": [
          150.86076944468368,
          -24.198721554601224
        ]
      }
    },
    {
      "type": "Feature",
      "properties": {
        "record_id": "minocc-gold-485573",
        "historical_event_id": "6bb5e2edb11c4bc2",
        "name": "MOUNT COKER",
        "evidence_type": "ALLUVIAL_WORKING",
        "commodity": "gold",
        "commodity_group": "gold",
        "spatial_precision": "APPROXIMATE_POINT",
        "location_uncertainty_m": 100.0,
        "source_confidence": "high",
        "location_confidence": "APPROXIMATE",
        "historical_locality": "AT HEAD OF MAXWELLTON CREEK, 12.5 KM S OF DAWSON HIGHWAY",
        "modern_locality": "AT HEAD OF MAXWELLTON CREEK, 12.5 KM S OF DAWSON HIGHWAY",
        "year": null,
        "description": "10M LONG X 3M WIDE X >1M DEEP; MINE; ABANDONED MINE",
        "provenance": {
          "authority": "Queensland Government MINOCC",
          "publication": "Mining Resources register",
          "date": null,
          "page": null,
          "record_id": "485573",
          "url": "https://spatial-gis.information.qld.gov.au/arcgis/rest/services/GeoscientificInformation/MiningResources/MapServer",
          "extraction_method": "automated_inventory",
          "ocr_status": "not_required",
          "location_method": "GPS OBSERVATION (AMG-84)"
        },
        "map_display": true,
        "public_display": true,
        "recovery": null,
        "related_record_ids": [
          "485573"
        ],
        "research_area": "mount-morgan-dee-river",
        "limitations": "Government occurrence \u2014 not proof of remaining gold",
        "label": "Historical evidence"
      },
      "geometry": {
        "type": "Point",
        "coordinates": [
          150.8572611113184,
          -24.19837433292585
        ]
      }
    },
    {
      "type": "Feature",
      "properties": {
        "record_id": "minocc-gold-489195",
        "historical_event_id": "412f1dd7666b228f",
        "name": "MOUNT COLOSSUS",
        "evidence_type": "ALLUVIAL_WORKING",
        "commodity": "gold",
        "commodity_group": "gold",
        "spatial_precision": "APPROXIMATE_POINT",
        "location_uncertainty_m": 50.0,
        "source_confidence": "high",
        "location_confidence": "APPROXIMATE",
        "historical_locality": "IN NEW ZEALAND GULLY ON THE SOUTH BANK ABOVE ALLUVIAL WORKINGS.",
        "modern_locality": "IN NEW ZEALAND GULLY ON THE SOUTH BANK ABOVE ALLUVIAL WORKINGS.",
        "year": null,
        "description": "200M LONG X 100M WIDE X >3M DEEP.; AN AREA OF INTENSIVE WORKINGS (NEW & OLD) AND RECENT DRILLING.; MINE; ABANDONED MINE",
        "provenance": {
          "authority": "Queensland Government MINOCC",
          "publication": "Mining Resources register",
          "date": null,
          "page": null,
          "record_id": "489195",
          "url": "https://spatial-gis.information.qld.gov.au/arcgis/rest/services/GeoscientificInformation/MiningResources/MapServer",
          "extraction_method": "automated_inventory",
          "ocr_status": "not_required",
          "location_method": "GPS OBSERVATION (AMG-66)"
        },
        "map_display": true,
        "public_display": true,
        "recovery": null,
        "related_record_ids": [
          "489195"
        ],
        "research_area": "mount-morgan-dee-river",
        "limitations": "Government occurrence \u2014 not proof of remaining gold",
        "label": "Historical evidence"
      },
      "geometry": {
        "type": "Point",
        "coordinates": [
          150.63323477812244,
          -23.328101443552125
        ]
      }
    },
    {
      "type": "Feature",
      "properties": {
        "record_id": "minocc-gold-489609",
        "historical_event_id": "26c57fd96b050942",
        "name": "MOUNT EAGLE",
        "evidence_type": "ALLUVIAL_WORKING",
        "commodity": "gold",
        "commodity_group": "gold",
        "spatial_precision": "APPROXIMATE_POINT",
        "location_uncertainty_m": 50.0,
        "source_confidence": "high",
        "location_confidence": "APPROXIMATE",
        "historical_locality": "ON SOUTH EAST SLOPE OF MT EAGLE JUST BELOW THE TOP AT THE HEAD OF A GULLY.",
        "modern_locality": "ON SOUTH EAST SLOPE OF MT EAGLE JUST BELOW THE TOP AT THE HEAD OF A GULLY.",
        "year": null,
        "description": "80M LONG X 2M WIDE X 30.5M DEEP.; WORKINGS START JUST BELOW THE TOP AND RUN DOWN THE SLOPE TOWARD THE GULLY.; MINE; ABANDONED MINE",
        "provenance": {
          "authority": "Queensland Government MINOCC",
          "publication": "Mining Resources register",
          "date": null,
          "page": null,
          "record_id": "489609",
          "url": "https://spatial-gis.information.qld.gov.au/arcgis/rest/services/GeoscientificInformation/MiningResources/MapServer",
          "extraction_method": "automated_inventory",
          "ocr_status": "not_required",
          "location_method": "GPS OBSERVATION (AMG-84)"
        },
        "map_display": true,
        "public_display": true,
        "recovery": null,
        "related_record_ids": [
          "489609"
        ],
        "research_area": "mount-morgan-dee-river",
        "limitations": "Government occurrence \u2014 not proof of remaining gold",
        "label": "Historical evidence"
      },
      "geometry": {
        "type": "Point",
        "coordinates": [
          150.14018822240564,
          -23.226593110658523
        ]
      }
    },
    {
      "type": "Feature",
      "properties": {
        "record_id": "minocc-gold-487808",
        "historical_event_id": "30c8fa968209fe51",
        "name": "MOUNT FORREST",
        "evidence_type": "ALLUVIAL_WORKING",
        "commodity": "gold",
        "commodity_group": "gold",
        "spatial_precision": "APPROXIMATE_POINT",
        "location_uncertainty_m": 100.0,
        "source_confidence": "high",
        "location_confidence": "APPROXIMATE",
        "historical_locality": "4 KM NE JUNCTION OF CROOKED AND MONAL CREEKS.",
        "modern_locality": "4 KM NE JUNCTION OF CROOKED AND MONAL CREEKS.",
        "year": null,
        "description": "250M LONG X 80M WIDE X >30M DEEP.; MINE; ABANDONED MINE",
        "provenance": {
          "authority": "Queensland Government MINOCC",
          "publication": "Mining Resources register",
          "date": null,
          "page": null,
          "record_id": "487808",
          "url": "https://spatial-gis.information.qld.gov.au/arcgis/rest/services/GeoscientificInformation/MiningResources/MapServer",
          "extraction_method": "automated_inventory",
          "ocr_status": "not_required",
          "location_method": "GPS OBSERVATION (AMG-66)"
        },
        "map_display": true,
        "public_display": true,
        "recovery": null,
        "related_record_ids": [
          "487808"
        ],
        "research_area": "calliope-gladstone",
        "limitations": "Government occurrence \u2014 not proof of remaining gold",
        "label": "Historical evidence"
      },
      "geometry": {
        "type": "Point",
        "coordinates": [
          151.1621555557819,
          -24.478845888478155
        ]
      }
    },
    {
      "type": "Feature",
      "properties": {
        "record_id": "minocc-gold-491497",
        "historical_event_id": "1bcf59a99c698002",
        "name": "MOUNT HOPE",
        "evidence_type": "ALLUVIAL_WORKING",
        "commodity": "gold",
        "commodity_group": "gold",
        "spatial_precision": "APPROXIMATE_POINT",
        "location_uncertainty_m": 50.0,
        "source_confidence": "high",
        "location_confidence": "APPROXIMATE",
        "historical_locality": "AT THE HEAD OF MOONLIGHT GULLY, CANIA GOLD FIELD",
        "modern_locality": "AT THE HEAD OF MOONLIGHT GULLY, CANIA GOLD FIELD",
        "year": null,
        "description": "50M LONG X 3M WWIDE X >4M DEEP.; MINE; ABANDONED MINE",
        "provenance": {
          "authority": "Queensland Government MINOCC",
          "publication": "Mining Resources register",
          "date": null,
          "page": null,
          "record_id": "491497",
          "url": "https://spatial-gis.information.qld.gov.au/arcgis/rest/services/GeoscientificInformation/MiningResources/MapServer",
          "extraction_method": "automated_inventory",
          "ocr_status": "not_required",
          "location_method": "GPS OBSERVATION (AMG-84)"
        },
        "map_display": true,
        "public_display": true,
        "recovery": null,
        "related_record_ids": [
          "491497"
        ],
        "research_area": "calliope-gladstone",
        "limitations": "Government occurrence \u2014 not proof of remaining gold",
        "label": "Historical evidence"
      },
      "geometry": {
        "type": "Point",
        "coordinates": [
          150.97045977790262,
          -24.644354887862928
        ]
      }
    },
    {
      "type": "Feature",
      "properties": {
        "record_id": "minocc-gold-485579",
        "historical_event_id": "82d2df1d2525d242",
        "name": "MOUNT ROSE",
        "evidence_type": "ALLUVIAL_WORKING",
        "commodity": "gold",
        "commodity_group": "gold",
        "spatial_precision": "APPROXIMATE_POINT",
        "location_uncertainty_m": 100.0,
        "source_confidence": "high",
        "location_confidence": "APPROXIMATE",
        "historical_locality": "AT HEAD OF MAXWELLTON CREEK, 13 KM S OF DAWSON HIGHWAY",
        "modern_locality": "AT HEAD OF MAXWELLTON CREEK, 13 KM S OF DAWSON HIGHWAY",
        "year": null,
        "description": "MINE; ABANDONED MINE",
        "provenance": {
          "authority": "Queensland Government MINOCC",
          "publication": "Mining Resources register",
          "date": null,
          "page": null,
          "record_id": "485579",
          "url": "https://spatial-gis.information.qld.gov.au/arcgis/rest/services/GeoscientificInformation/MiningResources/MapServer",
          "extraction_method": "automated_inventory",
          "ocr_status": "not_required",
          "location_method": "GPS OBSERVATION (AMG-84)"
        },
        "map_display": true,
        "public_display": true,
        "recovery": null,
        "related_record_ids": [
          "485579"
        ],
        "research_area": "calliope-gladstone",
        "limitations": "Government occurrence \u2014 not proof of remaining gold",
        "label": "Historical evidence"
      },
      "geometry": {
        "type": "Point",
        "coordinates": [
          150.86460833356372,
          -24.203508332209825
        ]
      }
    },
    {
      "type": "Feature",
      "properties": {
        "record_id": "minocc-gold-486888",
        "historical_event_id": "f0bb5034f18adcf2",
        "name": "MOUNT ROW",
        "evidence_type": "ALLUVIAL_WORKING",
        "commodity": "gold",
        "commodity_group": "gold",
        "spatial_precision": "APPROXIMATE_POINT",
        "location_uncertainty_m": 50.0,
        "source_confidence": "high",
        "location_confidence": "APPROXIMATE",
        "historical_locality": "HEAD OF CEDAR CREEK (TRIBUTARY OF BOTTLE CREEK)",
        "modern_locality": "HEAD OF CEDAR CREEK (TRIBUTARY OF BOTTLE CREEK)",
        "year": null,
        "description": "145M LONG X 20M WIDE X >15M DEEP; MINE; ABANDONED MINE",
        "provenance": {
          "authority": "Queensland Government MINOCC",
          "publication": "Mining Resources register",
          "date": null,
          "page": null,
          "record_id": "486888",
          "url": "https://spatial-gis.information.qld.gov.au/arcgis/rest/services/GeoscientificInformation/MiningResources/MapServer",
          "extraction_method": "automated_inventory",
          "ocr_status": "not_required",
          "location_method": "GPS OBSERVATION (AMG-84)"
        },
        "map_display": true,
        "public_display": true,
        "recovery": null,
        "related_record_ids": [
          "486888"
        ],
        "research_area": "mount-morgan-dee-river",
        "limitations": "Government occurrence \u2014 not proof of remaining gold",
        "label": "Historical evidence"
      },
      "geometry": {
        "type": "Point",
        "coordinates": [
          150.0510611107834,
          -23.835424332529094
        ]
      }
    },
    {
      "type": "Feature",
      "properties": {
        "record_id": "minocc-gold-486882",
        "historical_event_id": "ddaf8c35fca241d6",
        "name": "MOUNT USHER",
        "evidence_type": "ALLUVIAL_WORKING",
        "commodity": "gold",
        "commodity_group": "gold",
        "spatial_precision": "PRECISE_POINT",
        "location_uncertainty_m": 10.0,
        "source_confidence": "high",
        "location_confidence": "HIGH_CONFIDENCE",
        "historical_locality": "LOCATED AT THE HEAD OF GAVIAL (CROCODILE) CREEK",
        "modern_locality": "LOCATED AT THE HEAD OF GAVIAL (CROCODILE) CREEK",
        "year": null,
        "description": "MINE; ABANDONED MINE",
        "provenance": {
          "authority": "Queensland Government MINOCC",
          "publication": "Mining Resources register",
          "date": null,
          "page": null,
          "record_id": "486882",
          "url": "https://spatial-gis.information.qld.gov.au/arcgis/rest/services/GeoscientificInformation/MiningResources/MapServer",
          "extraction_method": "automated_inventory",
          "ocr_status": "not_required",
          "location_method": "GPS OBSERVATION (AMG-84)"
        },
        "map_display": true,
        "public_display": true,
        "recovery": null,
        "related_record_ids": [
          "486882"
        ],
        "research_area": "mount-morgan-dee-river",
        "limitations": "Government occurrence \u2014 not proof of remaining gold",
        "label": "Historical evidence"
      },
      "geometry": {
        "type": "Point",
        "coordinates": [
          150.4774903328738,
          -23.59885488839853
        ]
      }
    },
    {
      "type": "Feature",
      "properties": {
        "record_id": "minocc-gold-545790",
        "historical_event_id": "e76a8267e8fdf3fc",
        "name": "MULLOCKY LEADER",
        "evidence_type": "ALLUVIAL_WORKING",
        "commodity": "gold",
        "commodity_group": "gold",
        "spatial_precision": "PRECISE_POINT",
        "location_uncertainty_m": 10.0,
        "source_confidence": "high",
        "location_confidence": "HIGH_CONFIDENCE",
        "historical_locality": "6.6KM SSW OF MOUNT PERRY",
        "modern_locality": "6.6KM SSW OF MOUNT PERRY",
        "year": null,
        "description": "40M LONG X 1.5M WIDE X >5M DEEP; MINE; ABANDONED MINE",
        "provenance": {
          "authority": "Queensland Government MINOCC",
          "publication": "Mining Resources register",
          "date": null,
          "page": null,
          "record_id": "545790",
          "url": "https://spatial-gis.information.qld.gov.au/arcgis/rest/services/GeoscientificInformation/MiningResources/MapServer",
          "extraction_method": "automated_inventory",
          "ocr_status": "not_required",
          "location_method": "GPS OBSERVATION (AMG-66)"
        },
        "map_display": true,
        "public_display": true,
        "recovery": null,
        "related_record_ids": [
          "545790"
        ],
        "research_area": "many-peaks-boyne-valley",
        "limitations": "Government occurrence \u2014 not proof of remaining gold",
        "label": "Historical evidence"
      },
      "geometry": {
        "type": "Point",
        "coordinates": [
          151.62364033383244,
          -25.2303903330256
        ]
      }
    },
    {
      "type": "Feature",
      "properties": {
        "record_id": "minocc-gold-507715",
        "historical_event_id": "7fa4446c03d2ed50",
        "name": "MURRAYS CREEK GOLD ANOMALY",
        "evidence_type": "ALLUVIAL_WORKING",
        "commodity": "gold",
        "commodity_group": "gold",
        "spatial_precision": "APPROXIMATE_POINT",
        "location_uncertainty_m": 200.0,
        "source_confidence": "high",
        "location_confidence": "APPROXIMATE",
        "historical_locality": "8.2KM WSW OF ROSEDALE",
        "modern_locality": "8.2KM WSW OF ROSEDALE",
        "year": null,
        "description": "OUTCROP; MINERAL OCCURRENCE",
        "provenance": {
          "authority": "Queensland Government MINOCC",
          "publication": "Mining Resources register",
          "date": null,
          "page": null,
          "record_id": "507715",
          "url": "https://spatial-gis.information.qld.gov.au/arcgis/rest/services/GeoscientificInformation/MiningResources/MapServer",
          "extraction_method": "automated_inventory",
          "ocr_status": "not_required",
          "location_method": "REPORT (UNPUBLISHED)"
        },
        "map_display": true,
        "public_display": true,
        "recovery": null,
        "related_record_ids": [
          "507715"
        ],
        "research_area": "calliope-gladstone",
        "limitations": "Government occurrence \u2014 not proof of remaining gold",
        "label": "Historical evidence"
      },
      "geometry": {
        "type": "Point",
        "coordinates": [
          151.84229377802163,
          -24.66425277683371
        ]
      }
    },
    {
      "type": "Feature",
      "properties": {
        "record_id": "minocc-gold-520277",
        "historical_event_id": "94aad8da2162756d",
        "name": "MYSTERY DIGGINGS",
        "evidence_type": "ALLUVIAL_WORKING",
        "commodity": "gold",
        "commodity_group": "gold",
        "spatial_precision": "APPROXIMATE_POINT",
        "location_uncertainty_m": 300.0,
        "source_confidence": "high",
        "location_confidence": "APPROXIMATE",
        "historical_locality": "16 KM NW OF CLERMONT",
        "modern_locality": "16 KM NW OF CLERMONT",
        "year": null,
        "description": "MINE; ABANDONED MINE",
        "provenance": {
          "authority": "Queensland Government MINOCC",
          "publication": "Mining Resources register",
          "date": null,
          "page": null,
          "record_id": "520277",
          "url": "https://spatial-gis.information.qld.gov.au/arcgis/rest/services/GeoscientificInformation/MiningResources/MapServer",
          "extraction_method": "automated_inventory",
          "ocr_status": "not_required",
          "location_method": "REPORT (UNPUBLISHED)"
        },
        "map_display": true,
        "public_display": true,
        "recovery": null,
        "related_record_ids": [
          "520277"
        ],
        "research_area": "clermont-blair-athol",
        "limitations": "Government occurrence \u2014 not proof of remaining gold",
        "label": "Historical evidence"
      },
      "geometry": {
        "type": "Point",
        "coordinates": [
          147.57743477794563,
          -22.685502110358904
        ]
      }
    },
    {
      "type": "Feature",
      "properties": {
        "record_id": "minocc-gold-45518",
        "historical_event_id": "0b8727639b5a6135",
        "name": "NATIVE BEE DIGGINGS",
        "evidence_type": "ALLUVIAL_WORKING",
        "commodity": "gold",
        "commodity_group": "gold",
        "spatial_precision": "APPROXIMATE_POINT",
        "location_uncertainty_m": 50.0,
        "source_confidence": "high",
        "location_confidence": "APPROXIMATE",
        "historical_locality": "15 KM NW OF CLERMONT",
        "modern_locality": "15 KM NW OF CLERMONT",
        "year": null,
        "description": "150M LONG X 80M WIDE X >10M DEEP; OUTCROP; ABANDONED MINE",
        "provenance": {
          "authority": "Queensland Government MINOCC",
          "publication": "Mining Resources register",
          "date": null,
          "page": null,
          "record_id": "45518",
          "url": "https://spatial-gis.information.qld.gov.au/arcgis/rest/services/GeoscientificInformation/MiningResources/MapServer",
          "extraction_method": "automated_inventory",
          "ocr_status": "not_required",
          "location_method": "GLOBAL POSITIONING SYSTEM"
        },
        "map_display": true,
        "public_display": true,
        "recovery": null,
        "related_record_ids": [
          "45518"
        ],
        "research_area": "clermont-blair-athol",
        "limitations": "Government occurrence \u2014 not proof of remaining gold",
        "label": "Historical evidence"
      },
      "geometry": {
        "type": "Point",
        "coordinates": [
          147.5090583336139,
          -22.759499999099663
        ]
      }
    },
    {
      "type": "Feature",
      "properties": {
        "record_id": "minocc-gold-488355",
        "historical_event_id": "169620df6c08c270",
        "name": "NESTOR",
        "evidence_type": "ALLUVIAL_WORKING",
        "commodity": "gold",
        "commodity_group": "gold",
        "spatial_precision": "APPROXIMATE_POINT",
        "location_uncertainty_m": 50.0,
        "source_confidence": "high",
        "location_confidence": "APPROXIMATE",
        "historical_locality": "6.8 KM NE OF JUNC OF MUNHOLME AND THREE MOON CREEKS",
        "modern_locality": "6.8 KM NE OF JUNC OF MUNHOLME AND THREE MOON CREEKS",
        "year": null,
        "description": "20M LONG X 10M WIDE X 1M DEEP.; PIT; MINERAL OCCURRENCE",
        "provenance": {
          "authority": "Queensland Government MINOCC",
          "publication": "Mining Resources register",
          "date": null,
          "page": null,
          "record_id": "488355",
          "url": "https://spatial-gis.information.qld.gov.au/arcgis/rest/services/GeoscientificInformation/MiningResources/MapServer",
          "extraction_method": "automated_inventory",
          "ocr_status": "not_required",
          "location_method": "GLOBAL POSITIONING SYSTEM"
        },
        "map_display": true,
        "public_display": true,
        "recovery": null,
        "related_record_ids": [
          "488355"
        ],
        "research_area": "calliope-gladstone",
        "limitations": "Government occurrence \u2014 not proof of remaining gold",
        "label": "Historical evidence"
      },
      "geometry": {
        "type": "Point",
        "coordinates": [
          151.05164444490276,
          -24.511083332458664
        ]
      }
    },
    {
      "type": "Feature",
      "properties": {
        "record_id": "minocc-gold-487969",
        "historical_event_id": "f13df8e786e20203",
        "name": "NEW CONSTITUTION",
        "evidence_type": "ALLUVIAL_WORKING",
        "commodity": "gold",
        "commodity_group": "gold",
        "spatial_precision": "APPROXIMATE_POINT",
        "location_uncertainty_m": 50.0,
        "source_confidence": "high",
        "location_confidence": "APPROXIMATE",
        "historical_locality": "7.7 KM NE OF NAGOORIN",
        "modern_locality": "7.7 KM NE OF NAGOORIN",
        "year": null,
        "description": "200M LONG X 56M WIDE X 19M DEEP; SHAFTS OCCUR ON BOTH SIDES OF GULLY POSSIBLY ON PARALLEL LODES.; MINE; ABANDONED MINE",
        "provenance": {
          "authority": "Queensland Government MINOCC",
          "publication": "Mining Resources register",
          "date": null,
          "page": null,
          "record_id": "487969",
          "url": "https://spatial-gis.information.qld.gov.au/arcgis/rest/services/GeoscientificInformation/MiningResources/MapServer",
          "extraction_method": "automated_inventory",
          "ocr_status": "not_required",
          "location_method": "GPS OBSERVATION (AMG-84)"
        },
        "map_display": true,
        "public_display": true,
        "recovery": null,
        "related_record_ids": [
          "487969"
        ],
        "research_area": "calliope-gladstone",
        "limitations": "Government occurrence \u2014 not proof of remaining gold",
        "label": "Historical evidence"
      },
      "geometry": {
        "type": "Point",
        "coordinates": [
          151.36762366710445,
          -24.326206999555378
        ]
      }
    },
    {
      "type": "Feature",
      "properties": {
        "record_id": "minocc-gold-487669",
        "historical_event_id": "4dcb362d509b97db",
        "name": "NEW ZEALAND GULLY",
        "evidence_type": "ALLUVIAL_WORKING",
        "commodity": "gold",
        "commodity_group": "gold",
        "spatial_precision": "APPROXIMATE_POINT",
        "location_uncertainty_m": 50.0,
        "source_confidence": "high",
        "location_confidence": "APPROXIMATE",
        "historical_locality": "CALLIOPE GOLD FIELD, HEAD OF GULLY RUNNING INTO NEW ZEALAND GULLY.",
        "modern_locality": "CALLIOPE GOLD FIELD, HEAD OF GULLY RUNNING INTO NEW ZEALAND GULLY.",
        "year": null,
        "description": "300M LONG X 200M WIDE X >2M DEEP.; ALLUVIAL WORKINGS; ABANDONED MINE",
        "provenance": {
          "authority": "Queensland Government MINOCC",
          "publication": "Mining Resources register",
          "date": null,
          "page": null,
          "record_id": "487669",
          "url": "https://spatial-gis.information.qld.gov.au/arcgis/rest/services/GeoscientificInformation/MiningResources/MapServer",
          "extraction_method": "automated_inventory",
          "ocr_status": "not_required",
          "location_method": "GPS OBSERVATION (AMG-84)"
        },
        "map_display": true,
        "public_display": true,
        "recovery": null,
        "related_record_ids": [
          "487669"
        ],
        "research_area": "calliope-gladstone",
        "limitations": "Government occurrence \u2014 not proof of remaining gold",
        "label": "Historical evidence"
      },
      "geometry": {
        "type": "Point",
        "coordinates": [
          151.24463822201497,
          -24.068323666176774
        ]
      }
    },
    {
      "type": "Feature",
      "properties": {
        "record_id": "minocc-gold-489547",
        "historical_event_id": "00ac16095fabe180",
        "name": "NEWMAN",
        "evidence_type": "ALLUVIAL_WORKING",
        "commodity": "gold",
        "commodity_group": "gold",
        "spatial_precision": "APPROXIMATE_POINT",
        "location_uncertainty_m": 50.0,
        "source_confidence": "high",
        "location_confidence": "APPROXIMATE",
        "historical_locality": "AT THE HEAD OF HUNTER'S GULLY ON WATERSHED DIVIDE BETWEEN HUNTER'S GULLY AND WEALE CREEK.",
        "modern_locality": "AT THE HEAD OF HUNTER'S GULLY ON WATERSHED DIVIDE BETWEEN HUNTER'S GULLY AND WEALE CREEK.",
        "year": null,
        "description": "60M LONG X 10M WIDE X 45.7M DEEP.; NO.2 SHFT WAS ORIGINALLY CALLED WEIRS.; MINE; ABANDONED MINE",
        "provenance": {
          "authority": "Queensland Government MINOCC",
          "publication": "Mining Resources register",
          "date": null,
          "page": null,
          "record_id": "489547",
          "url": "https://spatial-gis.information.qld.gov.au/arcgis/rest/services/GeoscientificInformation/MiningResources/MapServer",
          "extraction_method": "automated_inventory",
          "ocr_status": "not_required",
          "location_method": "GPS OBSERVATION (AMG-84)"
        },
        "map_display": true,
        "public_display": true,
        "recovery": null,
        "related_record_ids": [
          "489547"
        ],
        "research_area": "mount-morgan-dee-river",
        "limitations": "Government occurrence \u2014 not proof of remaining gold",
        "label": "Historical evidence"
      },
      "geometry": {
        "type": "Point",
        "coordinates": [
          150.18649933319182,
          -23.271248666172315
        ]
      }
    },
    {
      "type": "Feature",
      "properties": {
        "record_id": "minocc-gold-489548",
        "historical_event_id": "f4de0cb676417149",
        "name": "NEWSON AND JONES",
        "evidence_type": "ALLUVIAL_WORKING",
        "commodity": "gold",
        "commodity_group": "gold",
        "spatial_precision": "APPROXIMATE_POINT",
        "location_uncertainty_m": 100.0,
        "source_confidence": "high",
        "location_confidence": "APPROXIMATE",
        "historical_locality": "NEAR THE HUNTER'S GULLY P.C.",
        "modern_locality": "NEAR THE HUNTER'S GULLY P.C.",
        "year": null,
        "description": "MINE; ABANDONED MINE",
        "provenance": {
          "authority": "Queensland Government MINOCC",
          "publication": "Mining Resources register",
          "date": null,
          "page": null,
          "record_id": "489548",
          "url": "https://spatial-gis.information.qld.gov.au/arcgis/rest/services/GeoscientificInformation/MiningResources/MapServer",
          "extraction_method": "automated_inventory",
          "ocr_status": "not_required",
          "location_method": "REPORT (PUBLISHED)"
        },
        "map_display": true,
        "public_display": true,
        "recovery": null,
        "related_record_ids": [
          "489548"
        ],
        "research_area": "mount-morgan-dee-river",
        "limitations": "Government occurrence \u2014 not proof of remaining gold",
        "label": "Historical evidence"
      },
      "geometry": {
        "type": "Point",
        "coordinates": [
          150.18302644466286,
          -23.26915422149865
        ]
      }
    },
    {
      "type": "Feature",
      "properties": {
        "record_id": "minocc-gold-487504",
        "historical_event_id": "7d0c6b58abe62fff",
        "name": "NIL DESPERANDUM",
        "evidence_type": "ALLUVIAL_WORKING",
        "commodity": "gold",
        "commodity_group": "gold",
        "spatial_precision": "APPROXIMATE_POINT",
        "location_uncertainty_m": 100.0,
        "source_confidence": "high",
        "location_confidence": "APPROXIMATE",
        "historical_locality": "THREE MILE CREEK AREA 3 KM NNE OF BOULDERCOMBE HOTEL.",
        "modern_locality": "THREE MILE CREEK AREA 3 KM NNE OF BOULDERCOMBE HOTEL.",
        "year": null,
        "description": "100M LONG X 3M WIDE X >20M DEEP.; ALL DOZED AND FILLED IN.; MINE; ABANDONED MINE",
        "provenance": {
          "authority": "Queensland Government MINOCC",
          "publication": "Mining Resources register",
          "date": null,
          "page": null,
          "record_id": "487504",
          "url": "https://spatial-gis.information.qld.gov.au/arcgis/rest/services/GeoscientificInformation/MiningResources/MapServer",
          "extraction_method": "automated_inventory",
          "ocr_status": "not_required",
          "location_method": "GPS OBSERVATION (AMG-84)"
        },
        "map_display": true,
        "public_display": true,
        "recovery": null,
        "related_record_ids": [
          "487504"
        ],
        "research_area": "mount-morgan-dee-river",
        "limitations": "Government occurrence \u2014 not proof of remaining gold",
        "label": "Historical evidence"
      },
      "geometry": {
        "type": "Point",
        "coordinates": [
          150.48129866650976,
          -23.54505488850005
        ]
      }
    },
    {
      "type": "Feature",
      "properties": {
        "record_id": "minocc-gold-485574",
        "historical_event_id": "1992fc5364d56982",
        "name": "NIPPLE DICK",
        "evidence_type": "ALLUVIAL_WORKING",
        "commodity": "gold",
        "commodity_group": "gold",
        "spatial_precision": "APPROXIMATE_POINT",
        "location_uncertainty_m": 100.0,
        "source_confidence": "high",
        "location_confidence": "APPROXIMATE",
        "historical_locality": "AT HEAD OF MAXWELLTON CREEK, 12 KM S OF DAWSON HIGHWAY",
        "modern_locality": "AT HEAD OF MAXWELLTON CREEK, 12 KM S OF DAWSON HIGHWAY",
        "year": null,
        "description": "15.5M DEEP; ALL CAVED IN.; MINE; ABANDONED MINE",
        "provenance": {
          "authority": "Queensland Government MINOCC",
          "publication": "Mining Resources register",
          "date": null,
          "page": null,
          "record_id": "485574",
          "url": "https://spatial-gis.information.qld.gov.au/arcgis/rest/services/GeoscientificInformation/MiningResources/MapServer",
          "extraction_method": "automated_inventory",
          "ocr_status": "not_required",
          "location_method": "GPS OBSERVATION (AMG-84)"
        },
        "map_display": true,
        "public_display": true,
        "recovery": null,
        "related_record_ids": [
          "485574"
        ],
        "research_area": "mount-morgan-dee-river",
        "limitations": "Government occurrence \u2014 not proof of remaining gold",
        "label": "Historical evidence"
      },
      "geometry": {
        "type": "Point",
        "coordinates": [
          150.86756811113568,
          -24.197049332991394
        ]
      }
    },
    {
      "type": "Feature",
      "properties": {
        "record_id": "minocc-gold-569911",
        "historical_event_id": "1ae4c2a881974d84",
        "name": "NODDY'S CREEK PROSPECT",
        "evidence_type": "ALLUVIAL_WORKING",
        "commodity": "gold",
        "commodity_group": "gold",
        "spatial_precision": "APPROXIMATE_POINT",
        "location_uncertainty_m": 500.0,
        "source_confidence": "high",
        "location_confidence": "APPROXIMATE",
        "historical_locality": "28KM WNW OF MONTO",
        "modern_locality": "28KM WNW OF MONTO",
        "year": null,
        "description": "OUTCROP; MINERAL OCCURRENCE",
        "provenance": {
          "authority": "Queensland Government MINOCC",
          "publication": "Mining Resources register",
          "date": null,
          "page": null,
          "record_id": "569911",
          "url": "https://spatial-gis.information.qld.gov.au/arcgis/rest/services/GeoscientificInformation/MiningResources/MapServer",
          "extraction_method": "automated_inventory",
          "ocr_status": "not_required",
          "location_method": "REPORT (UNPUBLISHED)"
        },
        "map_display": true,
        "public_display": true,
        "recovery": null,
        "related_record_ids": [
          "569911"
        ],
        "research_area": "calliope-gladstone",
        "limitations": "Government occurrence \u2014 not proof of remaining gold",
        "label": "Historical evidence"
      },
      "geometry": {
        "type": "Point",
        "coordinates": [
          150.87150700032055,
          -24.743113221156484
        ]
      }
    },
    {
      "type": "Feature",
      "properties": {
        "record_id": "minocc-gold-485914",
        "historical_event_id": "7f933a8ff6b5dfc5",
        "name": "NORTH POLE",
        "evidence_type": "ALLUVIAL_WORKING",
        "commodity": "gold",
        "commodity_group": "gold",
        "spatial_precision": "APPROXIMATE_POINT",
        "location_uncertainty_m": 100.0,
        "source_confidence": "high",
        "location_confidence": "APPROXIMATE",
        "historical_locality": "ACROSS STEEP GULLY TO W (300M) OF CLIFF HILL MINE, AT HEAD OF MALAKOFF CREEK, 14 KM S OF DAWSON HIGHWAY",
        "modern_locality": "ACROSS STEEP GULLY TO W (300M) OF CLIFF HILL MINE, AT HEAD OF MALAKOFF CREEK, 14 KM S OF DAWSON HIGHWAY",
        "year": null,
        "description": "200M LONG X 25M WIDE X >5M DEEP; MINE; ABANDONED MINE",
        "provenance": {
          "authority": "Queensland Government MINOCC",
          "publication": "Mining Resources register",
          "date": null,
          "page": null,
          "record_id": "485914",
          "url": "https://spatial-gis.information.qld.gov.au/arcgis/rest/services/GeoscientificInformation/MiningResources/MapServer",
          "extraction_method": "automated_inventory",
          "ocr_status": "not_required",
          "location_method": "GPS OBSERVATION (AMG-66)"
        },
        "map_display": true,
        "public_display": true,
        "recovery": null,
        "related_record_ids": [
          "485914"
        ],
        "research_area": "calliope-gladstone",
        "limitations": "Government occurrence \u2014 not proof of remaining gold",
        "label": "Historical evidence"
      },
      "geometry": {
        "type": "Point",
        "coordinates": [
          150.82600144412365,
          -24.22338755458471
        ]
      }
    },
    {
      "type": "Feature",
      "properties": {
        "record_id": "minocc-gold-488740",
        "historical_event_id": "a0603828f798910b",
        "name": "NORTH YARD",
        "evidence_type": "ALLUVIAL_WORKING",
        "commodity": "gold",
        "commodity_group": "gold",
        "spatial_precision": "APPROXIMATE_POINT",
        "location_uncertainty_m": 100.0,
        "source_confidence": "high",
        "location_confidence": "APPROXIMATE",
        "historical_locality": "LOCATED APPROX. 2KM TO THE SOUTH OF THE MAIN DEVELIN CREEK PROSPECT.",
        "modern_locality": "LOCATED APPROX. 2KM TO THE SOUTH OF THE MAIN DEVELIN CREEK PROSPECT.",
        "year": null,
        "description": "FLOAT; MINERAL OCCURRENCE",
        "provenance": {
          "authority": "Queensland Government MINOCC",
          "publication": "Mining Resources register",
          "date": null,
          "page": null,
          "record_id": "488740",
          "url": "https://spatial-gis.information.qld.gov.au/arcgis/rest/services/GeoscientificInformation/MiningResources/MapServer",
          "extraction_method": "automated_inventory",
          "ocr_status": "not_required",
          "location_method": "REPORT (PUBLISHED)"
        },
        "map_display": true,
        "public_display": true,
        "recovery": null,
        "related_record_ids": [
          "488740"
        ],
        "research_area": "mount-morgan-dee-river",
        "limitations": "Government occurrence \u2014 not proof of remaining gold",
        "label": "Historical evidence"
      },
      "geometry": {
        "type": "Point",
        "coordinates": [
          149.82911811131285,
          -23.047849332563512
        ]
      }
    },
    {
      "type": "Feature",
      "properties": {
        "record_id": "minocc-gold-487689",
        "historical_event_id": "648c01bcd1b9568d",
        "name": "NUGGETY GULLY",
        "evidence_type": "ALLUVIAL_WORKING",
        "commodity": "gold",
        "commodity_group": "gold",
        "spatial_precision": "APPROXIMATE_POINT",
        "location_uncertainty_m": 100.0,
        "source_confidence": "high",
        "location_confidence": "APPROXIMATE",
        "historical_locality": "ON HEAD OF NUGGETY GULLY, CALLIOPE GOLD FIELD",
        "modern_locality": "ON HEAD OF NUGGETY GULLY, CALLIOPE GOLD FIELD",
        "year": null,
        "description": "150M LONG X 50M WIDE X >2M DEEP.; ALLUVIAL WORKINGS; ABANDONED MINE",
        "provenance": {
          "authority": "Queensland Government MINOCC",
          "publication": "Mining Resources register",
          "date": null,
          "page": null,
          "record_id": "487689",
          "url": "https://spatial-gis.information.qld.gov.au/arcgis/rest/services/GeoscientificInformation/MiningResources/MapServer",
          "extraction_method": "automated_inventory",
          "ocr_status": "not_required",
          "location_method": "TOPOGRAPHIC MAP (1:100 000 SCALE) (100M ACCURACY)"
        },
        "map_display": true,
        "public_display": true,
        "recovery": null,
        "related_record_ids": [
          "487689"
        ],
        "research_area": "calliope-gladstone",
        "limitations": "Government occurrence \u2014 not proof of remaining gold",
        "label": "Historical evidence"
      },
      "geometry": {
        "type": "Point",
        "coordinates": [
          151.2375576665832,
          -24.061291665894814
        ]
      }
    },
    {
      "type": "Feature",
      "properties": {
        "record_id": "minocc-gold-520444",
        "historical_event_id": "bd69f734cf55dd0e",
        "name": "NUGGETY GULLY",
        "evidence_type": "ALLUVIAL_WORKING",
        "commodity": "gold",
        "commodity_group": "gold",
        "spatial_precision": "APPROXIMATE_POINT",
        "location_uncertainty_m": 200.0,
        "source_confidence": "high",
        "location_confidence": "APPROXIMATE",
        "historical_locality": "30 KM NNW OF CLERMONT",
        "modern_locality": "30 KM NNW OF CLERMONT",
        "year": null,
        "description": "MINE; ABANDONED MINE",
        "provenance": {
          "authority": "Queensland Government MINOCC",
          "publication": "Mining Resources register",
          "date": null,
          "page": null,
          "record_id": "520444",
          "url": "https://spatial-gis.information.qld.gov.au/arcgis/rest/services/GeoscientificInformation/MiningResources/MapServer",
          "extraction_method": "automated_inventory",
          "ocr_status": "not_required",
          "location_method": "REPORT (UNPUBLISHED)"
        },
        "map_display": true,
        "public_display": true,
        "recovery": null,
        "related_record_ids": [
          "520444"
        ],
        "research_area": "clermont-blair-athol",
        "limitations": "Government occurrence \u2014 not proof of remaining gold",
        "label": "Historical evidence"
      },
      "geometry": {
        "type": "Point",
        "coordinates": [
          147.56618611096937,
          -22.553652777326093
        ]
      }
    },
    {
      "type": "Feature",
      "properties": {
        "record_id": "minocc-gold-524728",
        "historical_event_id": "bd1932d0c7c61e37",
        "name": "NUGGETY GULLY",
        "evidence_type": "ALLUVIAL_WORKING",
        "commodity": "gold",
        "commodity_group": "gold",
        "spatial_precision": "APPROXIMATE_POINT",
        "location_uncertainty_m": 200.0,
        "source_confidence": "high",
        "location_confidence": "APPROXIMATE",
        "historical_locality": "6 KM S OF CLERMONT",
        "modern_locality": "6 KM S OF CLERMONT",
        "year": null,
        "description": "400M LONG; ALLUVIAL WORKINGS; ABANDONED MINE",
        "provenance": {
          "authority": "Queensland Government MINOCC",
          "publication": "Mining Resources register",
          "date": null,
          "page": null,
          "record_id": "524728",
          "url": "https://spatial-gis.information.qld.gov.au/arcgis/rest/services/GeoscientificInformation/MiningResources/MapServer",
          "extraction_method": "automated_inventory",
          "ocr_status": "not_required",
          "location_method": "DIGITISED FROM AIRPHOTO COMPILATION SHEET"
        },
        "map_display": true,
        "public_display": true,
        "recovery": null,
        "related_record_ids": [
          "524728"
        ],
        "research_area": "clermont-blair-athol",
        "limitations": "Government occurrence \u2014 not proof of remaining gold",
        "label": "Historical evidence"
      },
      "geometry": {
        "type": "Point",
        "coordinates": [
          147.6638583328438,
          -22.874004222019945
        ]
      }
    },
    {
      "type": "Feature",
      "properties": {
        "record_id": "minocc-gold-41510",
        "historical_event_id": "f213becaa4803081",
        "name": "NUGGETY GULLY PROSPECT",
        "evidence_type": "ALLUVIAL_WORKING",
        "commodity": "gold",
        "commodity_group": "gold",
        "spatial_precision": "APPROXIMATE_POINT",
        "location_uncertainty_m": 200.0,
        "source_confidence": "high",
        "location_confidence": "APPROXIMATE",
        "historical_locality": "49.7 KM SSE OF MONTEAGLE HST.",
        "modern_locality": "49.7 KM SSE OF MONTEAGLE HST.",
        "year": null,
        "description": "MINE; ABANDONED MINE",
        "provenance": {
          "authority": "Queensland Government MINOCC",
          "publication": "Mining Resources register",
          "date": null,
          "page": null,
          "record_id": "41510",
          "url": "https://spatial-gis.information.qld.gov.au/arcgis/rest/services/GeoscientificInformation/MiningResources/MapServer",
          "extraction_method": "automated_inventory",
          "ocr_status": "not_required",
          "location_method": "TOPOGRAPHIC MAP (SCALE UNSPECIFIED)"
        },
        "map_display": true,
        "public_display": true,
        "recovery": null,
        "related_record_ids": [
          "41510"
        ],
        "research_area": "clermont-blair-athol",
        "limitations": "Government occurrence \u2014 not proof of remaining gold",
        "label": "Historical evidence"
      },
      "geometry": {
        "type": "Point",
        "coordinates": [
          147.33967988839842,
          -22.990607666373453
        ]
      }
    },
    {
      "type": "Feature",
      "properties": {
        "record_id": "minocc-gold-41511",
        "historical_event_id": "46ba5bc16eb63f59",
        "name": "OAKY CREEK",
        "evidence_type": "ALLUVIAL_WORKING",
        "commodity": "gold",
        "commodity_group": "gold",
        "spatial_precision": "APPROXIMATE_POINT",
        "location_uncertainty_m": 200.0,
        "source_confidence": "high",
        "location_confidence": "APPROXIMATE",
        "historical_locality": "19.3KM WEST OF CLERMONT.",
        "modern_locality": "19.3KM WEST OF CLERMONT.",
        "year": null,
        "description": "MINE; ABANDONED MINE",
        "provenance": {
          "authority": "Queensland Government MINOCC",
          "publication": "Mining Resources register",
          "date": null,
          "page": null,
          "record_id": "41511",
          "url": "https://spatial-gis.information.qld.gov.au/arcgis/rest/services/GeoscientificInformation/MiningResources/MapServer",
          "extraction_method": "automated_inventory",
          "ocr_status": "not_required",
          "location_method": "TOPOGRAPHIC MAP (SCALE UNSPECIFIED)"
        },
        "map_display": true,
        "public_display": true,
        "recovery": null,
        "related_record_ids": [
          "41511"
        ],
        "research_area": "clermont-blair-athol",
        "limitations": "Government occurrence \u2014 not proof of remaining gold",
        "label": "Historical evidence"
      },
      "geometry": {
        "type": "Point",
        "coordinates": [
          147.44942711131532,
          -22.836768777114717
        ]
      }
    },
    {
      "type": "Feature",
      "properties": {
        "record_id": "minocc-gold-489255",
        "historical_event_id": "e501990b4d876f39",
        "name": "OCEAN VIEW",
        "evidence_type": "ALLUVIAL_WORKING",
        "commodity": "gold",
        "commodity_group": "gold",
        "spatial_precision": "APPROXIMATE_POINT",
        "location_uncertainty_m": 50.0,
        "source_confidence": "high",
        "location_confidence": "APPROXIMATE",
        "historical_locality": "OVER THE SOUTHERN WATERSHED OF NEW ZEALAND GULLY.",
        "modern_locality": "OVER THE SOUTHERN WATERSHED OF NEW ZEALAND GULLY.",
        "year": null,
        "description": "150M LONG X 40M WIDE X 12.8M DEEP.; WORKINGS EXTEND SOUTH WEST DOWN A VERY STEEP GRASSY SLOPE.; MINE; ABANDONED MINE",
        "provenance": {
          "authority": "Queensland Government MINOCC",
          "publication": "Mining Resources register",
          "date": null,
          "page": null,
          "record_id": "489255",
          "url": "https://spatial-gis.information.qld.gov.au/arcgis/rest/services/GeoscientificInformation/MiningResources/MapServer",
          "extraction_method": "automated_inventory",
          "ocr_status": "not_required",
          "location_method": "GPS OBSERVATION (AMG-66)"
        },
        "map_display": true,
        "public_display": true,
        "recovery": null,
        "related_record_ids": [
          "489255"
        ],
        "research_area": "mount-morgan-dee-river",
        "limitations": "Government occurrence \u2014 not proof of remaining gold",
        "label": "Historical evidence"
      },
      "geometry": {
        "type": "Point",
        "coordinates": [
          150.6310931113363,
          -23.341304888636934
        ]
      }
    },
    {
      "type": "Feature",
      "properties": {
        "record_id": "minocc-gold-489254",
        "historical_event_id": "41d825ef1653a60e",
        "name": "OLSEN'S",
        "evidence_type": "ALLUVIAL_WORKING",
        "commodity": "gold",
        "commodity_group": "gold",
        "spatial_precision": "APPROXIMATE_POINT",
        "location_uncertainty_m": 50.0,
        "source_confidence": "high",
        "location_confidence": "APPROXIMATE",
        "historical_locality": "IN NEW ZEALAND GULLY ON THE SOUTHERN SIDE OF THE ACCESS TRACK LEADING TO MT BADGER.",
        "modern_locality": "IN NEW ZEALAND GULLY ON THE SOUTHERN SIDE OF THE ACCESS TRACK LEADING TO MT BADGER.",
        "year": null,
        "description": "20M LONG X 10M WIDE X 3M DEEP.; TREND SOUTH EAST DOWN A STEEP SLOPE.; MINE; ABANDONED MINE",
        "provenance": {
          "authority": "Queensland Government MINOCC",
          "publication": "Mining Resources register",
          "date": null,
          "page": null,
          "record_id": "489254",
          "url": "https://spatial-gis.information.qld.gov.au/arcgis/rest/services/GeoscientificInformation/MiningResources/MapServer",
          "extraction_method": "automated_inventory",
          "ocr_status": "not_required",
          "location_method": "GPS OBSERVATION (AMG-66)"
        },
        "map_display": true,
        "public_display": true,
        "recovery": null,
        "related_record_ids": [
          "489254"
        ],
        "research_area": "mount-morgan-dee-river",
        "limitations": "Government occurrence \u2014 not proof of remaining gold",
        "label": "Historical evidence"
      },
      "geometry": {
        "type": "Point",
        "coordinates": [
          150.6357882226945,
          -23.3407243322156
        ]
      }
    },
    {
      "type": "Feature",
      "properties": {
        "record_id": "minocc-gold-488757",
        "historical_event_id": "af48a136c9c93b41",
        "name": "PADDY'S GULLY",
        "evidence_type": "ALLUVIAL_WORKING",
        "commodity": "gold",
        "commodity_group": "gold",
        "spatial_precision": "APPROXIMATE_POINT",
        "location_uncertainty_m": 100.0,
        "source_confidence": "high",
        "location_confidence": "APPROXIMATE",
        "historical_locality": "APPROX 4KM WEST OF ROOKWOOD HOMESTEAD.",
        "modern_locality": "APPROX 4KM WEST OF ROOKWOOD HOMESTEAD.",
        "year": null,
        "description": "ONLY DISTURBED \"MULLOCKY\" GROUND REMAINS.; ALLUVIAL WORKINGS; ABANDONED MINE",
        "provenance": {
          "authority": "Queensland Government MINOCC",
          "publication": "Mining Resources register",
          "date": null,
          "page": null,
          "record_id": "488757",
          "url": "https://spatial-gis.information.qld.gov.au/arcgis/rest/services/GeoscientificInformation/MiningResources/MapServer",
          "extraction_method": "automated_inventory",
          "ocr_status": "not_required",
          "location_method": "TOPOGRAPHIC MAP (1:100 000 SCALE) (100M ACCURACY)"
        },
        "map_display": true,
        "public_display": true,
        "recovery": null,
        "related_record_ids": [
          "488757"
        ],
        "research_area": "mount-morgan-dee-river",
        "limitations": "Government occurrence \u2014 not proof of remaining gold",
        "label": "Historical evidence"
      },
      "geometry": {
        "type": "Point",
        "coordinates": [
          149.79866599962196,
          -23.45815277683242
        ]
      }
    },
    {
      "type": "Feature",
      "properties": {
        "record_id": "minocc-gold-491530",
        "historical_event_id": "3a0df54afbdf7ebf",
        "name": "PADDYS GULLY",
        "evidence_type": "ALLUVIAL_WORKING",
        "commodity": "gold",
        "commodity_group": "gold",
        "spatial_precision": "APPROXIMATE_POINT",
        "location_uncertainty_m": 100.0,
        "source_confidence": "high",
        "location_confidence": "APPROXIMATE",
        "historical_locality": "CANIA GOLD FIELD.",
        "modern_locality": "CANIA GOLD FIELD.",
        "year": null,
        "description": "200M LONG X 10M WIDE X >2M DEEP.; ALLUVIAL WORKINGS; ABANDONED MINE",
        "provenance": {
          "authority": "Queensland Government MINOCC",
          "publication": "Mining Resources register",
          "date": null,
          "page": null,
          "record_id": "491530",
          "url": "https://spatial-gis.information.qld.gov.au/arcgis/rest/services/GeoscientificInformation/MiningResources/MapServer",
          "extraction_method": "automated_inventory",
          "ocr_status": "not_required",
          "location_method": "TOPOGRAPHIC MAP (1:100 000 SCALE) (100M ACCURACY)"
        },
        "map_display": true,
        "public_display": true,
        "recovery": null,
        "related_record_ids": [
          "491530"
        ],
        "research_area": "calliope-gladstone",
        "limitations": "Government occurrence \u2014 not proof of remaining gold",
        "label": "Historical evidence"
      },
      "geometry": {
        "type": "Point",
        "coordinates": [
          150.98131533337823,
          -24.657402776755507
        ]
      }
    },
    {
      "type": "Feature",
      "properties": {
        "record_id": "minocc-gold-524738",
        "historical_event_id": "ded843b6ff8d2202",
        "name": "PALM TREE SURFACE LEAD",
        "evidence_type": "ALLUVIAL_WORKING",
        "commodity": "gold",
        "commodity_group": "gold",
        "spatial_precision": "APPROXIMATE_POINT",
        "location_uncertainty_m": 300.0,
        "source_confidence": "high",
        "location_confidence": "APPROXIMATE",
        "historical_locality": "4 KM S OF CLERMONT",
        "modern_locality": "4 KM S OF CLERMONT",
        "year": null,
        "description": "ALLUVIAL WORKINGS; ABANDONED MINE",
        "provenance": {
          "authority": "Queensland Government MINOCC",
          "publication": "Mining Resources register",
          "date": null,
          "page": null,
          "record_id": "524738",
          "url": "https://spatial-gis.information.qld.gov.au/arcgis/rest/services/GeoscientificInformation/MiningResources/MapServer",
          "extraction_method": "automated_inventory",
          "ocr_status": "not_required",
          "location_method": "REPORT (PUBLISHED)"
        },
        "map_display": true,
        "public_display": true,
        "recovery": null,
        "related_record_ids": [
          "524738"
        ],
        "research_area": "clermont-blair-athol",
        "limitations": "Government occurrence \u2014 not proof of remaining gold",
        "label": "Historical evidence"
      },
      "geometry": {
        "type": "Point",
        "coordinates": [
          147.62411533340597,
          -22.853344443315596
        ]
      }
    },
    {
      "type": "Feature",
      "properties": {
        "record_id": "minocc-gold-486743",
        "historical_event_id": "5a12a601b46b1479",
        "name": "PANDAMONIAN FLATS",
        "evidence_type": "ALLUVIAL_WORKING",
        "commodity": "gold",
        "commodity_group": "gold",
        "spatial_precision": "APPROXIMATE_POINT",
        "location_uncertainty_m": 50.0,
        "source_confidence": "high",
        "location_confidence": "APPROXIMATE",
        "historical_locality": "9 KM S OF RAGLAN",
        "modern_locality": "9 KM S OF RAGLAN",
        "year": null,
        "description": "400M LONG X 200M WIDE X 1.5M DEEP; ALLUVIAL WORKINGS; ABANDONED MINE",
        "provenance": {
          "authority": "Queensland Government MINOCC",
          "publication": "Mining Resources register",
          "date": null,
          "page": null,
          "record_id": "486743",
          "url": "https://spatial-gis.information.qld.gov.au/arcgis/rest/services/GeoscientificInformation/MiningResources/MapServer",
          "extraction_method": "automated_inventory",
          "ocr_status": "not_required",
          "location_method": "GPS OBSERVATION (AMG-84)"
        },
        "map_display": true,
        "public_display": true,
        "recovery": null,
        "related_record_ids": [
          "486743"
        ],
        "research_area": "mount-morgan-dee-river",
        "limitations": "Government occurrence \u2014 not proof of remaining gold",
        "label": "Historical evidence"
      },
      "geometry": {
        "type": "Point",
        "coordinates": [
          150.82929588840435,
          -23.799279887776652
        ]
      }
    },
    {
      "type": "Feature",
      "properties": {
        "record_id": "minocc-gold-45520",
        "historical_event_id": "2c14aa63d1cf4258",
        "name": "PATRICK LEAD",
        "evidence_type": "ALLUVIAL_WORKING",
        "commodity": "gold",
        "commodity_group": "gold",
        "spatial_precision": "APPROXIMATE_POINT",
        "location_uncertainty_m": 50.0,
        "source_confidence": "high",
        "location_confidence": "APPROXIMATE",
        "historical_locality": "10.5 KM WNW OF CLERMONT",
        "modern_locality": "10.5 KM WNW OF CLERMONT",
        "year": null,
        "description": "200M LONG; MINE; ABANDONED MINE",
        "provenance": {
          "authority": "Queensland Government MINOCC",
          "publication": "Mining Resources register",
          "date": null,
          "page": null,
          "record_id": "45520",
          "url": "https://spatial-gis.information.qld.gov.au/arcgis/rest/services/GeoscientificInformation/MiningResources/MapServer",
          "extraction_method": "automated_inventory",
          "ocr_status": "not_required",
          "location_method": "GLOBAL POSITIONING SYSTEM"
        },
        "map_display": true,
        "public_display": true,
        "recovery": null,
        "related_record_ids": [
          "45520"
        ],
        "research_area": "clermont-blair-athol",
        "limitations": "Government occurrence \u2014 not proof of remaining gold",
        "label": "Historical evidence"
      },
      "geometry": {
        "type": "Point",
        "coordinates": [
          147.55504444443477,
          -22.76760422143736
        ]
      }
    },
    {
      "type": "Feature",
      "properties": {
        "record_id": "minocc-gold-487825",
        "historical_event_id": "5ce6e35d3c4c5dec",
        "name": "PATRIOT",
        "evidence_type": "ALLUVIAL_WORKING",
        "commodity": "gold",
        "commodity_group": "gold",
        "spatial_precision": "APPROXIMATE_POINT",
        "location_uncertainty_m": 100.0,
        "source_confidence": "high",
        "location_confidence": "APPROXIMATE",
        "historical_locality": "ON TOP OF HIGH HILL~ ABOVE MT FORREST MINE, 4 KM NE OF JUNC RASBERRY AND MONAL CREEKS",
        "modern_locality": "ON TOP OF HIGH HILL~ ABOVE MT FORREST MINE, 4 KM NE OF JUNC RASBERRY AND MONAL CREEKS",
        "year": null,
        "description": "120M WIDE X >40M DEEP.; MINE; ABANDONED MINE",
        "provenance": {
          "authority": "Queensland Government MINOCC",
          "publication": "Mining Resources register",
          "date": null,
          "page": null,
          "record_id": "487825",
          "url": "https://spatial-gis.information.qld.gov.au/arcgis/rest/services/GeoscientificInformation/MiningResources/MapServer",
          "extraction_method": "automated_inventory",
          "ocr_status": "not_required",
          "location_method": "GPS OBSERVATION (AMG-66)"
        },
        "map_display": true,
        "public_display": true,
        "recovery": null,
        "related_record_ids": [
          "487825"
        ],
        "research_area": "calliope-gladstone",
        "limitations": "Government occurrence \u2014 not proof of remaining gold",
        "label": "Historical evidence"
      },
      "geometry": {
        "type": "Point",
        "coordinates": [
          151.165102777858,
          -24.47702366621924
        ]
      }
    },
    {
      "type": "Feature",
      "properties": {
        "record_id": "minocc-gold-545715",
        "historical_event_id": "ac88292823814356",
        "name": "PATTERSON CREEK",
        "evidence_type": "ALLUVIAL_WORKING",
        "commodity": "gold",
        "commodity_group": "gold",
        "spatial_precision": "APPROXIMATE_POINT",
        "location_uncertainty_m": 200.0,
        "source_confidence": "high",
        "location_confidence": "APPROXIMATE",
        "historical_locality": "6.5KM WSW OF MOUNT PERRY",
        "modern_locality": "6.5KM WSW OF MOUNT PERRY",
        "year": null,
        "description": "STREAM/CREEK/RIVER; ABANDONED MINE",
        "provenance": {
          "authority": "Queensland Government MINOCC",
          "publication": "Mining Resources register",
          "date": null,
          "page": null,
          "record_id": "545715",
          "url": "https://spatial-gis.information.qld.gov.au/arcgis/rest/services/GeoscientificInformation/MiningResources/MapServer",
          "extraction_method": "automated_inventory",
          "ocr_status": "not_required",
          "location_method": "REPORT (UNPUBLISHED)"
        },
        "map_display": true,
        "public_display": true,
        "recovery": null,
        "related_record_ids": [
          "545715"
        ],
        "research_area": "many-peaks-boyne-valley",
        "limitations": "Government occurrence \u2014 not proof of remaining gold",
        "label": "Historical evidence"
      },
      "geometry": {
        "type": "Point",
        "coordinates": [
          151.5856604440014,
          -25.20309166584476
        ]
      }
    },
    {
      "type": "Feature",
      "properties": {
        "record_id": "minocc-gold-545792",
        "historical_event_id": "35b9ba3f4e8aad00",
        "name": "PATTERSONS GULLY",
        "evidence_type": "ALLUVIAL_WORKING",
        "commodity": "gold",
        "commodity_group": "gold",
        "spatial_precision": "PRECISE_POINT",
        "location_uncertainty_m": 10.0,
        "source_confidence": "high",
        "location_confidence": "HIGH_CONFIDENCE",
        "historical_locality": "4.9KM WSW OF MOUNT PERRY",
        "modern_locality": "4.9KM WSW OF MOUNT PERRY",
        "year": null,
        "description": "30M LONG X 10M WIDE X 17M DEEP; MINE; ABANDONED MINE",
        "provenance": {
          "authority": "Queensland Government MINOCC",
          "publication": "Mining Resources register",
          "date": null,
          "page": null,
          "record_id": "545792",
          "url": "https://spatial-gis.information.qld.gov.au/arcgis/rest/services/GeoscientificInformation/MiningResources/MapServer",
          "extraction_method": "automated_inventory",
          "ocr_status": "not_required",
          "location_method": "GPS OBSERVATION (AMG-66)"
        },
        "map_display": true,
        "public_display": true,
        "recovery": null,
        "related_record_ids": [
          "545792"
        ],
        "research_area": "many-peaks-boyne-valley",
        "limitations": "Government occurrence \u2014 not proof of remaining gold",
        "label": "Historical evidence"
      },
      "geometry": {
        "type": "Point",
        "coordinates": [
          151.5986104444979,
          -25.196388221673498
        ]
      }
    },
    {
      "type": "Feature",
      "properties": {
        "record_id": "minocc-gold-491429",
        "historical_event_id": "e3603c699789f6c5",
        "name": "PATTERSONS RACE",
        "evidence_type": "ALLUVIAL_WORKING",
        "commodity": "gold",
        "commodity_group": "gold",
        "spatial_precision": "APPROXIMATE_POINT",
        "location_uncertainty_m": 50.0,
        "source_confidence": "high",
        "location_confidence": "APPROXIMATE",
        "historical_locality": "LOCATED IN SOUTH KARIBOE CREEK, DOWNSTREAM FROM DENNYS GULLY, CANIA GOLDFIELD.",
        "modern_locality": "LOCATED IN SOUTH KARIBOE CREEK, DOWNSTREAM FROM DENNYS GULLY, CANIA GOLDFIELD.",
        "year": null,
        "description": "150M LONG X 50M WIDE X >2M DEEP.; MINE; ABANDONED MINE",
        "provenance": {
          "authority": "Queensland Government MINOCC",
          "publication": "Mining Resources register",
          "date": null,
          "page": null,
          "record_id": "491429",
          "url": "https://spatial-gis.information.qld.gov.au/arcgis/rest/services/GeoscientificInformation/MiningResources/MapServer",
          "extraction_method": "automated_inventory",
          "ocr_status": "not_required",
          "location_method": "GPS OBSERVATION (AMG-66)"
        },
        "map_display": true,
        "public_display": true,
        "recovery": null,
        "related_record_ids": [
          "491429"
        ],
        "research_area": "calliope-gladstone",
        "limitations": "Government occurrence \u2014 not proof of remaining gold",
        "label": "Historical evidence"
      },
      "geometry": {
        "type": "Point",
        "coordinates": [
          150.9100555556368,
          -24.594315998831977
        ]
      }
    },
    {
      "type": "Feature",
      "properties": {
        "record_id": "minocc-gold-487530",
        "historical_event_id": "aa01d989b0d9901a",
        "name": "PETER'S RUSH",
        "evidence_type": "ALLUVIAL_WORKING",
        "commodity": "gold",
        "commodity_group": "gold",
        "spatial_precision": "APPROXIMATE_POINT",
        "location_uncertainty_m": 200.0,
        "source_confidence": "high",
        "location_confidence": "APPROXIMATE",
        "historical_locality": "HEAD OF DEE RIVER, 9.3 KM NE OF MOUNT MORGAN P.O.",
        "modern_locality": "HEAD OF DEE RIVER, 9.3 KM NE OF MOUNT MORGAN P.O.",
        "year": null,
        "description": "20M LONG X 2M WIDE X >5M DEEP.; ALLUVIAL WORKINGS; ABANDONED MINE",
        "provenance": {
          "authority": "Queensland Government MINOCC",
          "publication": "Mining Resources register",
          "date": null,
          "page": null,
          "record_id": "487530",
          "url": "https://spatial-gis.information.qld.gov.au/arcgis/rest/services/GeoscientificInformation/MiningResources/MapServer",
          "extraction_method": "automated_inventory",
          "ocr_status": "not_required",
          "location_method": "GPS OBSERVATION (AMG-84)"
        },
        "map_display": true,
        "public_display": true,
        "recovery": null,
        "related_record_ids": [
          "487530"
        ],
        "research_area": "mount-morgan-dee-river",
        "limitations": "Government occurrence \u2014 not proof of remaining gold",
        "label": "Historical evidence"
      },
      "geometry": {
        "type": "Point",
        "coordinates": [
          150.4651222218935,
          -23.600197221502192
        ]
      }
    },
    {
      "type": "Feature",
      "properties": {
        "record_id": "minocc-gold-42526",
        "historical_event_id": "ec5f3d0aa5eec833",
        "name": "PEWT'S HILL",
        "evidence_type": "ALLUVIAL_WORKING",
        "commodity": "gold",
        "commodity_group": "gold",
        "spatial_precision": "APPROXIMATE_POINT",
        "location_uncertainty_m": 800.0,
        "source_confidence": "high",
        "location_confidence": "APPROXIMATE",
        "historical_locality": "19KM N OF CLERMONT.",
        "modern_locality": "19KM N OF CLERMONT.",
        "year": null,
        "description": "ALLUVIAL WORKINGS; ABANDONED MINE",
        "provenance": {
          "authority": "Queensland Government MINOCC",
          "publication": "Mining Resources register",
          "date": null,
          "page": null,
          "record_id": "42526",
          "url": "https://spatial-gis.information.qld.gov.au/arcgis/rest/services/GeoscientificInformation/MiningResources/MapServer",
          "extraction_method": "automated_inventory",
          "ocr_status": "not_required",
          "location_method": "BASED ON DEPARTMENTAL TENURE LOCATION SYSTEM"
        },
        "map_display": true,
        "public_display": true,
        "recovery": null,
        "related_record_ids": [
          "42526"
        ],
        "research_area": "clermont-blair-athol",
        "limitations": "Government occurrence \u2014 not proof of remaining gold",
        "label": "Historical evidence"
      },
      "geometry": {
        "type": "Point",
        "coordinates": [
          147.59901600017494,
          -22.65609999890866
        ]
      }
    },
    {
      "type": "Feature",
      "properties": {
        "record_id": "minocc-gold-517137",
        "historical_event_id": "9bab67de76830201",
        "name": "PINK HAT",
        "evidence_type": "ALLUVIAL_WORKING",
        "commodity": "gold",
        "commodity_group": "gold",
        "spatial_precision": "APPROXIMATE_POINT",
        "location_uncertainty_m": 200.0,
        "source_confidence": "high",
        "location_confidence": "APPROXIMATE",
        "historical_locality": "11 KM WSW OF CLERMONT",
        "modern_locality": "11 KM WSW OF CLERMONT",
        "year": null,
        "description": "100M LONG X 20M WIDE X 4M DEEP; ALLUVIAL WORKINGS; ABANDONED MINE",
        "provenance": {
          "authority": "Queensland Government MINOCC",
          "publication": "Mining Resources register",
          "date": null,
          "page": null,
          "record_id": "517137",
          "url": "https://spatial-gis.information.qld.gov.au/arcgis/rest/services/GeoscientificInformation/MiningResources/MapServer",
          "extraction_method": "automated_inventory",
          "ocr_status": "not_required",
          "location_method": "REPORT (UNPUBLISHED)"
        },
        "map_display": true,
        "public_display": true,
        "recovery": null,
        "related_record_ids": [
          "517137"
        ],
        "research_area": "clermont-blair-athol",
        "limitations": "Government occurrence \u2014 not proof of remaining gold",
        "label": "Historical evidence"
      },
      "geometry": {
        "type": "Point",
        "coordinates": [
          147.53812988861262,
          -22.841013221157738
        ]
      }
    },
    {
      "type": "Feature",
      "properties": {
        "record_id": "minocc-gold-527591",
        "historical_event_id": "944e5339f1c75d0c",
        "name": "PINK HILL",
        "evidence_type": "ALLUVIAL_WORKING",
        "commodity": "gold",
        "commodity_group": "gold",
        "spatial_precision": "APPROXIMATE_POINT",
        "location_uncertainty_m": 200.0,
        "source_confidence": "high",
        "location_confidence": "APPROXIMATE",
        "historical_locality": "17 KM NNW OF CLERMONT",
        "modern_locality": "17 KM NNW OF CLERMONT",
        "year": null,
        "description": "ALLUVIAL WORKINGS; ABANDONED MINE",
        "provenance": {
          "authority": "Queensland Government MINOCC",
          "publication": "Mining Resources register",
          "date": null,
          "page": null,
          "record_id": "527591",
          "url": "https://spatial-gis.information.qld.gov.au/arcgis/rest/services/GeoscientificInformation/MiningResources/MapServer",
          "extraction_method": "automated_inventory",
          "ocr_status": "not_required",
          "location_method": "REPORT (PUBLISHED)"
        },
        "map_display": true,
        "public_display": true,
        "recovery": null,
        "related_record_ids": [
          "527591"
        ],
        "research_area": "clermont-blair-athol",
        "limitations": "Government occurrence \u2014 not proof of remaining gold",
        "label": "Historical evidence"
      },
      "geometry": {
        "type": "Point",
        "coordinates": [
          147.59733822255868,
          -22.650958333082627
        ]
      }
    },
    {
      "type": "Feature",
      "properties": {
        "record_id": "minocc-gold-493564",
        "historical_event_id": "462c767e3db8d06e",
        "name": "PLUM CREEK",
        "evidence_type": "ALLUVIAL_WORKING",
        "commodity": "gold",
        "commodity_group": "gold",
        "spatial_precision": "APPROXIMATE_POINT",
        "location_uncertainty_m": 50.0,
        "source_confidence": "high",
        "location_confidence": "APPROXIMATE",
        "historical_locality": "30KM WSW OF ST LAWRENCE, NEAR LOTUS CREEK, CONNORS RANGE.",
        "modern_locality": "30KM WSW OF ST LAWRENCE, NEAR LOTUS CREEK, CONNORS RANGE.",
        "year": null,
        "description": "PROSPECT; MINERAL OCCURRENCE",
        "provenance": {
          "authority": "Queensland Government MINOCC",
          "publication": "Mining Resources register",
          "date": null,
          "page": null,
          "record_id": "493564",
          "url": "https://spatial-gis.information.qld.gov.au/arcgis/rest/services/GeoscientificInformation/MiningResources/MapServer",
          "extraction_method": "automated_inventory",
          "ocr_status": "not_required",
          "location_method": "REPORT (UNPUBLISHED)"
        },
        "map_display": true,
        "public_display": true,
        "recovery": null,
        "related_record_ids": [
          "493564"
        ],
        "research_area": "mount-morgan-dee-river",
        "limitations": "Government occurrence \u2014 not proof of remaining gold",
        "label": "Historical evidence"
      },
      "geometry": {
        "type": "Point",
        "coordinates": [
          149.2272320002927,
          -22.38482433301757
        ]
      }
    },
    {
      "type": "Feature",
      "properties": {
        "record_id": "minocc-gold-489272",
        "historical_event_id": "34f45a549d0552b5",
        "name": "PLUTO",
        "evidence_type": "ALLUVIAL_WORKING",
        "commodity": "gold",
        "commodity_group": "gold",
        "spatial_precision": "APPROXIMATE_POINT",
        "location_uncertainty_m": 50.0,
        "source_confidence": "high",
        "location_confidence": "APPROXIMATE",
        "historical_locality": "ON SOUTHERN SIDE OF A HILL UP A TIMBERED GULLY, OFF NEWBY ROAD, POR 722 PARISH YEPPOON.",
        "modern_locality": "ON SOUTHERN SIDE OF A HILL UP A TIMBERED GULLY, OFF NEWBY ROAD, POR 722 PARISH YEPPOON.",
        "year": null,
        "description": "76.2M LONG X 2.5M WIDE X 28.3M DEEP.; MINE; ABANDONED MINE",
        "provenance": {
          "authority": "Queensland Government MINOCC",
          "publication": "Mining Resources register",
          "date": null,
          "page": null,
          "record_id": "489272",
          "url": "https://spatial-gis.information.qld.gov.au/arcgis/rest/services/GeoscientificInformation/MiningResources/MapServer",
          "extraction_method": "automated_inventory",
          "ocr_status": "not_required",
          "location_method": "GPS OBSERVATION (AMG-84)"
        },
        "map_display": true,
        "public_display": true,
        "recovery": null,
        "related_record_ids": [
          "489272"
        ],
        "research_area": "mount-morgan-dee-river",
        "limitations": "Government occurrence \u2014 not proof of remaining gold",
        "label": "Historical evidence"
      },
      "geometry": {
        "type": "Point",
        "coordinates": [
          150.67346811135297,
          -23.155630555329875
        ]
      }
    },
    {
      "type": "Feature",
      "properties": {
        "record_id": "minocc-gold-488207",
        "historical_event_id": "7411b7cbbeda13bb",
        "name": "POLLARD'S",
        "evidence_type": "ALLUVIAL_WORKING",
        "commodity": "gold",
        "commodity_group": "gold",
        "spatial_precision": "APPROXIMATE_POINT",
        "location_uncertainty_m": 100.0,
        "source_confidence": "high",
        "location_confidence": "APPROXIMATE",
        "historical_locality": "500M UPSTREAM FROM SMELTER AND THE JUNCTION OF WILCOCKS CK,  ON LITTLE GLASSFORD CREEK.",
        "modern_locality": "500M UPSTREAM FROM SMELTER AND THE JUNCTION OF WILCOCKS CK,  ON LITTLE GLASSFORD CREEK.",
        "year": null,
        "description": "25M LONG X 4M WIDE X >10M DEEP; MINE; ABANDONED MINE",
        "provenance": {
          "authority": "Queensland Government MINOCC",
          "publication": "Mining Resources register",
          "date": null,
          "page": null,
          "record_id": "488207",
          "url": "https://spatial-gis.information.qld.gov.au/arcgis/rest/services/GeoscientificInformation/MiningResources/MapServer",
          "extraction_method": "automated_inventory",
          "ocr_status": "not_required",
          "location_method": "GLOBAL POSITIONING SYSTEM"
        },
        "map_display": true,
        "public_display": true,
        "recovery": null,
        "related_record_ids": [
          "488207"
        ],
        "research_area": "calliope-gladstone",
        "limitations": "Government occurrence \u2014 not proof of remaining gold",
        "label": "Historical evidence"
      },
      "geometry": {
        "type": "Point",
        "coordinates": [
          151.23554100009173,
          -24.56309444395742
        ]
      }
    },
    {
      "type": "Feature",
      "properties": {
        "record_id": "minocc-gold-486909",
        "historical_event_id": "1f3a9ed6422f9f9e",
        "name": "POVERTY GULLY",
        "evidence_type": "ALLUVIAL_WORKING",
        "commodity": "gold",
        "commodity_group": "gold",
        "spatial_precision": "APPROXIMATE_POINT",
        "location_uncertainty_m": 100.0,
        "source_confidence": "high",
        "location_confidence": "APPROXIMATE",
        "historical_locality": "3.8 KM NE OF BOULDERCOMBE",
        "modern_locality": "3.8 KM NE OF BOULDERCOMBE",
        "year": null,
        "description": "100M LONG X 20M WIDE X >1M DEEP; ALLUVIAL WORKINGS; ABANDONED MINE",
        "provenance": {
          "authority": "Queensland Government MINOCC",
          "publication": "Mining Resources register",
          "date": null,
          "page": null,
          "record_id": "486909",
          "url": "https://spatial-gis.information.qld.gov.au/arcgis/rest/services/GeoscientificInformation/MiningResources/MapServer",
          "extraction_method": "automated_inventory",
          "ocr_status": "not_required",
          "location_method": "GLOBAL POSITIONING SYSTEM"
        },
        "map_display": true,
        "public_display": true,
        "recovery": null,
        "related_record_ids": [
          "486909"
        ],
        "research_area": "mount-morgan-dee-river",
        "limitations": "Government occurrence \u2014 not proof of remaining gold",
        "label": "Historical evidence"
      },
      "geometry": {
        "type": "Point",
        "coordinates": [
          150.49709655534883,
          -23.54891044404321
        ]
      }
    },
    {
      "type": "Feature",
      "properties": {
        "record_id": "minocc-gold-524734",
        "historical_event_id": "298c46eb4c5be484",
        "name": "PRINCE OF WALES GULLY",
        "evidence_type": "ALLUVIAL_WORKING",
        "commodity": "gold",
        "commodity_group": "gold",
        "spatial_precision": "APPROXIMATE_POINT",
        "location_uncertainty_m": 200.0,
        "source_confidence": "high",
        "location_confidence": "APPROXIMATE",
        "historical_locality": "5 KM S OF CLERMONT",
        "modern_locality": "5 KM S OF CLERMONT",
        "year": null,
        "description": "900M LONG; ALLUVIAL WORKINGS; ABANDONED MINE",
        "provenance": {
          "authority": "Queensland Government MINOCC",
          "publication": "Mining Resources register",
          "date": null,
          "page": null,
          "record_id": "524734",
          "url": "https://spatial-gis.information.qld.gov.au/arcgis/rest/services/GeoscientificInformation/MiningResources/MapServer",
          "extraction_method": "automated_inventory",
          "ocr_status": "not_required",
          "location_method": "DIGITISED FROM AIRPHOTO COMPILATION SHEET"
        },
        "map_display": true,
        "public_display": true,
        "recovery": null,
        "related_record_ids": [
          "524734"
        ],
        "research_area": "clermont-blair-athol",
        "limitations": "Government occurrence \u2014 not proof of remaining gold",
        "label": "Historical evidence"
      },
      "geometry": {
        "type": "Point",
        "coordinates": [
          147.65708055544917,
          -22.86538888862426
        ]
      }
    },
    {
      "type": "Feature",
      "properties": {
        "record_id": "minocc-gold-490728",
        "historical_event_id": "be35de8a389612a2",
        "name": "PROSPECT PARK",
        "evidence_type": "ALLUVIAL_WORKING",
        "commodity": "gold",
        "commodity_group": "gold",
        "spatial_precision": "APPROXIMATE_POINT",
        "location_uncertainty_m": 50.0,
        "source_confidence": "high",
        "location_confidence": "APPROXIMATE",
        "historical_locality": "WORKINGS ARE LOCATED ON THE RIGHTHAND UPPER BRANCH OF PROSPECT CREEK NEAR THE NORTHERN BOUNDARY OF PORTION 25.",
        "modern_locality": "WORKINGS ARE LOCATED ON THE RIGHTHAND UPPER BRANCH OF PROSPECT CREEK NEAR THE NORTHERN BOUNDARY OF PORTION 25.",
        "year": null,
        "description": "<10M DEEP.; Workings only extend down to the base of the secondary enriched ore above the water table.; MINE; ABANDONED MINE",
        "provenance": {
          "authority": "Queensland Government MINOCC",
          "publication": "Mining Resources register",
          "date": null,
          "page": null,
          "record_id": "490728",
          "url": "https://spatial-gis.information.qld.gov.au/arcgis/rest/services/GeoscientificInformation/MiningResources/MapServer",
          "extraction_method": "automated_inventory",
          "ocr_status": "not_required",
          "location_method": "GPS OBSERVATION (AMG-66)"
        },
        "map_display": true,
        "public_display": true,
        "recovery": null,
        "related_record_ids": [
          "490728"
        ],
        "research_area": "calliope-gladstone",
        "limitations": "Government occurrence \u2014 not proof of remaining gold",
        "label": "Historical evidence"
      },
      "geometry": {
        "type": "Point",
        "coordinates": [
          150.52348755605058,
          -24.70763611014218
        ]
      }
    },
    {
      "type": "Feature",
      "properties": {
        "record_id": "minocc-gold-527552",
        "historical_event_id": "826275a569513aa5",
        "name": "PROSPECTOR GULLY",
        "evidence_type": "ALLUVIAL_WORKING",
        "commodity": "gold",
        "commodity_group": "gold",
        "spatial_precision": "APPROXIMATE_POINT",
        "location_uncertainty_m": 200.0,
        "source_confidence": "high",
        "location_confidence": "APPROXIMATE",
        "historical_locality": "17 KM NNW OF CLERMONT",
        "modern_locality": "17 KM NNW OF CLERMONT",
        "year": null,
        "description": "ALLUVIAL WORKINGS; ABANDONED MINE",
        "provenance": {
          "authority": "Queensland Government MINOCC",
          "publication": "Mining Resources register",
          "date": null,
          "page": null,
          "record_id": "527552",
          "url": "https://spatial-gis.information.qld.gov.au/arcgis/rest/services/GeoscientificInformation/MiningResources/MapServer",
          "extraction_method": "automated_inventory",
          "ocr_status": "not_required",
          "location_method": "REPORT (PUBLISHED)"
        },
        "map_display": true,
        "public_display": true,
        "recovery": null,
        "related_record_ids": [
          "527552"
        ],
        "research_area": "clermont-blair-athol",
        "limitations": "Government occurrence \u2014 not proof of remaining gold",
        "label": "Historical evidence"
      },
      "geometry": {
        "type": "Point",
        "coordinates": [
          147.60116666674762,
          -22.660302776705276
        ]
      }
    },
    {
      "type": "Feature",
      "properties": {
        "record_id": "minocc-gold-524731",
        "historical_event_id": "75368833f721f0cf",
        "name": "PUDDLERS GULLY",
        "evidence_type": "ALLUVIAL_WORKING",
        "commodity": "gold",
        "commodity_group": "gold",
        "spatial_precision": "APPROXIMATE_POINT",
        "location_uncertainty_m": 200.0,
        "source_confidence": "high",
        "location_confidence": "APPROXIMATE",
        "historical_locality": "6 KM S OF CLERMONT",
        "modern_locality": "6 KM S OF CLERMONT",
        "year": null,
        "description": "400; ALLUVIAL WORKINGS; ABANDONED MINE",
        "provenance": {
          "authority": "Queensland Government MINOCC",
          "publication": "Mining Resources register",
          "date": null,
          "page": null,
          "record_id": "524731",
          "url": "https://spatial-gis.information.qld.gov.au/arcgis/rest/services/GeoscientificInformation/MiningResources/MapServer",
          "extraction_method": "automated_inventory",
          "ocr_status": "not_required",
          "location_method": "DIGITISED FROM AIRPHOTO COMPILATION SHEET"
        },
        "map_display": true,
        "public_display": true,
        "recovery": null,
        "related_record_ids": [
          "524731"
        ],
        "research_area": "clermont-blair-athol",
        "limitations": "Government occurrence \u2014 not proof of remaining gold",
        "label": "Historical evidence"
      },
      "geometry": {
        "type": "Point",
        "coordinates": [
          147.6605166670169,
          -22.868237555330424
        ]
      }
    },
    {
      "type": "Feature",
      "properties": {
        "record_id": "minocc-gold-488393",
        "historical_event_id": "c9b35c61b7be5cbe",
        "name": "RASPBERRY CREEK",
        "evidence_type": "ALLUVIAL_WORKING",
        "commodity": "gold",
        "commodity_group": "gold",
        "spatial_precision": "APPROXIMATE_POINT",
        "location_uncertainty_m": 50.0,
        "source_confidence": "high",
        "location_confidence": "APPROXIMATE",
        "historical_locality": "700 M SE OF JUNC RASBERRY AND MONAL CREEKS",
        "modern_locality": "700 M SE OF JUNC RASBERRY AND MONAL CREEKS",
        "year": null,
        "description": "200M LONG X 50M WIDE X 3M DEEP.; CREEK HAS BEEN ALLUVIALLY WORKED.VERY BOULDERY.; ALLUVIAL WORKINGS; ABANDONED MINE",
        "provenance": {
          "authority": "Queensland Government MINOCC",
          "publication": "Mining Resources register",
          "date": null,
          "page": null,
          "record_id": "488393",
          "url": "https://spatial-gis.information.qld.gov.au/arcgis/rest/services/GeoscientificInformation/MiningResources/MapServer",
          "extraction_method": "automated_inventory",
          "ocr_status": "not_required",
          "location_method": "GLOBAL POSITIONING SYSTEM"
        },
        "map_display": true,
        "public_display": true,
        "recovery": null,
        "related_record_ids": [
          "488393"
        ],
        "research_area": "calliope-gladstone",
        "limitations": "Government occurrence \u2014 not proof of remaining gold",
        "label": "Historical evidence"
      },
      "geometry": {
        "type": "Point",
        "coordinates": [
          151.14251044485732,
          -24.505277777086153
        ]
      }
    },
    {
      "type": "Feature",
      "properties": {
        "record_id": "minocc-gold-485581",
        "historical_event_id": "f2b4d3123971c9ea",
        "name": "RASSMUSSEN",
        "evidence_type": "ALLUVIAL_WORKING",
        "commodity": "gold",
        "commodity_group": "gold",
        "spatial_precision": "APPROXIMATE_POINT",
        "location_uncertainty_m": 100.0,
        "source_confidence": "high",
        "location_confidence": "APPROXIMATE",
        "historical_locality": "AT HEAD OF MAXWELLTON CREEK, 13 KM S OF DAWSON HIGHWAY",
        "modern_locality": "AT HEAD OF MAXWELLTON CREEK, 13 KM S OF DAWSON HIGHWAY",
        "year": null,
        "description": "10M LONG X >2M DEEP; MINE; ABANDONED MINE",
        "provenance": {
          "authority": "Queensland Government MINOCC",
          "publication": "Mining Resources register",
          "date": null,
          "page": null,
          "record_id": "485581",
          "url": "https://spatial-gis.information.qld.gov.au/arcgis/rest/services/GeoscientificInformation/MiningResources/MapServer",
          "extraction_method": "automated_inventory",
          "ocr_status": "not_required",
          "location_method": "GPS OBSERVATION (AMG-84)"
        },
        "map_display": true,
        "public_display": true,
        "recovery": null,
        "related_record_ids": [
          "485581"
        ],
        "research_area": "mount-morgan-dee-river",
        "limitations": "Government occurrence \u2014 not proof of remaining gold",
        "label": "Historical evidence"
      },
      "geometry": {
        "type": "Point",
        "coordinates": [
          150.85560277774496,
          -24.194532666109453
        ]
      }
    },
    {
      "type": "Feature",
      "properties": {
        "record_id": "minocc-gold-524715",
        "historical_event_id": "8750b7f9f11c4a56",
        "name": "RED FLAG LEAD",
        "evidence_type": "ALLUVIAL_WORKING",
        "commodity": "gold",
        "commodity_group": "gold",
        "spatial_precision": "APPROXIMATE_POINT",
        "location_uncertainty_m": 100.0,
        "source_confidence": "high",
        "location_confidence": "APPROXIMATE",
        "historical_locality": "3 KM S OF CLERMONT",
        "modern_locality": "3 KM S OF CLERMONT",
        "year": null,
        "description": "ALLUVIAL WORKINGS; ABANDONED MINE",
        "provenance": {
          "authority": "Queensland Government MINOCC",
          "publication": "Mining Resources register",
          "date": null,
          "page": null,
          "record_id": "524715",
          "url": "https://spatial-gis.information.qld.gov.au/arcgis/rest/services/GeoscientificInformation/MiningResources/MapServer",
          "extraction_method": "automated_inventory",
          "ocr_status": "not_required",
          "location_method": "DIGITISED FROM AIRPHOTO COMPILATION SHEET"
        },
        "map_display": true,
        "public_display": true,
        "recovery": null,
        "related_record_ids": [
          "524715"
        ],
        "research_area": "clermont-blair-athol",
        "limitations": "Government occurrence \u2014 not proof of remaining gold",
        "label": "Historical evidence"
      },
      "geometry": {
        "type": "Point",
        "coordinates": [
          147.66516944494336,
          -22.862908333007887
        ]
      }
    },
    {
      "type": "Feature",
      "properties": {
        "record_id": "minocc-gold-524733",
        "historical_event_id": "f855cdd3722430b5",
        "name": "RED HILL LEAD",
        "evidence_type": "ALLUVIAL_WORKING",
        "commodity": "gold",
        "commodity_group": "gold",
        "spatial_precision": "APPROXIMATE_POINT",
        "location_uncertainty_m": 200.0,
        "source_confidence": "high",
        "location_confidence": "APPROXIMATE",
        "historical_locality": "5 KM S OF CLERMONT",
        "modern_locality": "5 KM S OF CLERMONT",
        "year": null,
        "description": "300M LONG; ALLUVIAL WORKINGS; ABANDONED MINE",
        "provenance": {
          "authority": "Queensland Government MINOCC",
          "publication": "Mining Resources register",
          "date": null,
          "page": null,
          "record_id": "524733",
          "url": "https://spatial-gis.information.qld.gov.au/arcgis/rest/services/GeoscientificInformation/MiningResources/MapServer",
          "extraction_method": "automated_inventory",
          "ocr_status": "not_required",
          "location_method": "DIGITISED FROM AIRPHOTO COMPILATION SHEET"
        },
        "map_display": true,
        "public_display": true,
        "recovery": null,
        "related_record_ids": [
          "524733"
        ],
        "research_area": "clermont-blair-athol",
        "limitations": "Government occurrence \u2014 not proof of remaining gold",
        "label": "Historical evidence"
      },
      "geometry": {
        "type": "Point",
        "coordinates": [
          147.6564249997096,
          -22.868868110647284
        ]
      }
    },
    {
      "type": "Feature",
      "properties": {
        "record_id": "minocc-gold-545186",
        "historical_event_id": "4636cc69e1f0314a",
        "name": "RED STREAK GULLY",
        "evidence_type": "ALLUVIAL_WORKING",
        "commodity": "gold",
        "commodity_group": "gold",
        "spatial_precision": "APPROXIMATE_POINT",
        "location_uncertainty_m": 200.0,
        "source_confidence": "high",
        "location_confidence": "APPROXIMATE",
        "historical_locality": "46.2KM SW OF ROSEDALE",
        "modern_locality": "46.2KM SW OF ROSEDALE",
        "year": null,
        "description": "STREAM/CREEK/RIVER; ABANDONED MINE",
        "provenance": {
          "authority": "Queensland Government MINOCC",
          "publication": "Mining Resources register",
          "date": null,
          "page": null,
          "record_id": "545186",
          "url": "https://spatial-gis.information.qld.gov.au/arcgis/rest/services/GeoscientificInformation/MiningResources/MapServer",
          "extraction_method": "automated_inventory",
          "ocr_status": "not_required",
          "location_method": "REPORT (UNPUBLISHED)"
        },
        "map_display": true,
        "public_display": true,
        "recovery": null,
        "related_record_ids": [
          "545186"
        ],
        "research_area": "calliope-gladstone",
        "limitations": "Government occurrence \u2014 not proof of remaining gold",
        "label": "Historical evidence"
      },
      "geometry": {
        "type": "Point",
        "coordinates": [
          151.5931854442188,
          -24.926868110384984
        ]
      }
    },
    {
      "type": "Feature",
      "properties": {
        "record_id": "minocc-gold-488367",
        "historical_event_id": "d57b78e0de086fd1",
        "name": "RED WING - NORTHERN WORKINGS",
        "evidence_type": "ALLUVIAL_WORKING",
        "commodity": "gold",
        "commodity_group": "gold",
        "spatial_precision": "PRECISE_POINT",
        "location_uncertainty_m": 10.0,
        "source_confidence": "high",
        "location_confidence": "HIGH_CONFIDENCE",
        "historical_locality": "1.2 KM SSW OF JUNC OF RASBERRY AND MONAL CREEKS",
        "modern_locality": "1.2 KM SSW OF JUNC OF RASBERRY AND MONAL CREEKS",
        "year": null,
        "description": "80M LONG X 15M WIDE X >10M DEEP.; MINE; ABANDONED MINE",
        "provenance": {
          "authority": "Queensland Government MINOCC",
          "publication": "Mining Resources register",
          "date": null,
          "page": null,
          "record_id": "488367",
          "url": "https://spatial-gis.information.qld.gov.au/arcgis/rest/services/GeoscientificInformation/MiningResources/MapServer",
          "extraction_method": "automated_inventory",
          "ocr_status": "not_required",
          "location_method": "GPS OBSERVATION (AMG-66)"
        },
        "map_display": true,
        "public_display": true,
        "recovery": null,
        "related_record_ids": [
          "488367"
        ],
        "research_area": "calliope-gladstone",
        "limitations": "Government occurrence \u2014 not proof of remaining gold",
        "label": "Historical evidence"
      },
      "geometry": {
        "type": "Point",
        "coordinates": [
          151.13114033360606,
          -24.512711110080627
        ]
      }
    },
    {
      "type": "Feature",
      "properties": {
        "record_id": "minocc-gold-488768",
        "historical_event_id": "11fc028184301173",
        "name": "REDBANK 3",
        "evidence_type": "ALLUVIAL_WORKING",
        "commodity": "gold",
        "commodity_group": "gold",
        "spatial_precision": "APPROXIMATE_POINT",
        "location_uncertainty_m": 50.0,
        "source_confidence": "high",
        "location_confidence": "APPROXIMATE",
        "historical_locality": "42KM NNE OF ROOKWOOD HOMESTEAD.",
        "modern_locality": "42KM NNE OF ROOKWOOD HOMESTEAD.",
        "year": null,
        "description": "SHAFT IN BANK OF CREEK.; MINE; ABANDONED MINE",
        "provenance": {
          "authority": "Queensland Government MINOCC",
          "publication": "Mining Resources register",
          "date": null,
          "page": null,
          "record_id": "488768",
          "url": "https://spatial-gis.information.qld.gov.au/arcgis/rest/services/GeoscientificInformation/MiningResources/MapServer",
          "extraction_method": "automated_inventory",
          "ocr_status": "not_required",
          "location_method": "GPS OBSERVATION (AMG-84)"
        },
        "map_display": true,
        "public_display": true,
        "recovery": null,
        "related_record_ids": [
          "488768"
        ],
        "research_area": "mount-morgan-dee-river",
        "limitations": "Government occurrence \u2014 not proof of remaining gold",
        "label": "Historical evidence"
      },
      "geometry": {
        "type": "Point",
        "coordinates": [
          149.92702088844757,
          -23.091282665614767
        ]
      }
    },
    {
      "type": "Feature",
      "properties": {
        "record_id": "minocc-gold-489551",
        "historical_event_id": "e2f1ecf6fb6ab27b",
        "name": "REGENT",
        "evidence_type": "ALLUVIAL_WORKING",
        "commodity": "gold",
        "commodity_group": "gold",
        "spatial_precision": "APPROXIMATE_POINT",
        "location_uncertainty_m": 200.0,
        "source_confidence": "high",
        "location_confidence": "APPROXIMATE",
        "historical_locality": "402M NORTH WEST OF GOLDEN LEAD, PORTION IIV PARISH OF MORINISH.",
        "modern_locality": "402M NORTH WEST OF GOLDEN LEAD, PORTION IIV PARISH OF MORINISH.",
        "year": null,
        "description": "22.25M DEEP.; MINE; ABANDONED MINE",
        "provenance": {
          "authority": "Queensland Government MINOCC",
          "publication": "Mining Resources register",
          "date": null,
          "page": null,
          "record_id": "489551",
          "url": "https://spatial-gis.information.qld.gov.au/arcgis/rest/services/GeoscientificInformation/MiningResources/MapServer",
          "extraction_method": "automated_inventory",
          "ocr_status": "not_required",
          "location_method": "REPORT (PUBLISHED)"
        },
        "map_display": true,
        "public_display": true,
        "recovery": null,
        "related_record_ids": [
          "489551"
        ],
        "research_area": "mount-morgan-dee-river",
        "limitations": "Government occurrence \u2014 not proof of remaining gold",
        "label": "Historical evidence"
      },
      "geometry": {
        "type": "Point",
        "coordinates": [
          150.1803431111548,
          -23.266580554758686
        ]
      }
    },
    {
      "type": "Feature",
      "properties": {
        "record_id": "minocc-gold-496113",
        "historical_event_id": "cbd196015bd39225",
        "name": "RHYOLITE GULLY",
        "evidence_type": "ALLUVIAL_WORKING",
        "commodity": "gold",
        "commodity_group": "gold",
        "spatial_precision": "APPROXIMATE_POINT",
        "location_uncertainty_m": 50.0,
        "source_confidence": "high",
        "location_confidence": "APPROXIMATE",
        "historical_locality": "42 KM NE OF CLERMONT",
        "modern_locality": "42 KM NE OF CLERMONT",
        "year": null,
        "description": "OUTCROP; MINERAL OCCURRENCE",
        "provenance": {
          "authority": "Queensland Government MINOCC",
          "publication": "Mining Resources register",
          "date": null,
          "page": null,
          "record_id": "496113",
          "url": "https://spatial-gis.information.qld.gov.au/arcgis/rest/services/GeoscientificInformation/MiningResources/MapServer",
          "extraction_method": "automated_inventory",
          "ocr_status": "not_required",
          "location_method": "GLOBAL POSITIONING SYSTEM"
        },
        "map_display": true,
        "public_display": true,
        "recovery": null,
        "related_record_ids": [
          "496113"
        ],
        "research_area": "clermont-blair-athol",
        "limitations": "Government occurrence \u2014 not proof of remaining gold",
        "label": "Historical evidence"
      },
      "geometry": {
        "type": "Point",
        "coordinates": [
          147.92545144422587,
          -22.507744443304038
        ]
      }
    },
    {
      "type": "Feature",
      "properties": {
        "record_id": "minocc-gold-13895",
        "historical_event_id": "8afbd9a0ceb7f9f3",
        "name": "RIP & TEAR  LEAD",
        "evidence_type": "ALLUVIAL_WORKING",
        "commodity": "gold",
        "commodity_group": "gold",
        "spatial_precision": "APPROXIMATE_POINT",
        "location_uncertainty_m": 50.0,
        "source_confidence": "high",
        "location_confidence": "APPROXIMATE",
        "historical_locality": "3.6KM SSW BLAIR ATHOL",
        "modern_locality": "3.6KM SSW BLAIR ATHOL",
        "year": null,
        "description": "OPEN CUT; ABANDONED MINE",
        "provenance": {
          "authority": "Queensland Government MINOCC",
          "publication": "Mining Resources register",
          "date": null,
          "page": null,
          "record_id": "13895",
          "url": "https://spatial-gis.information.qld.gov.au/arcgis/rest/services/GeoscientificInformation/MiningResources/MapServer",
          "extraction_method": "automated_inventory",
          "ocr_status": "not_required",
          "location_method": "DIGITISED FROM AIRPHOTO COMPILATION SHEET"
        },
        "map_display": true,
        "public_display": true,
        "recovery": null,
        "related_record_ids": [
          "13895"
        ],
        "research_area": "clermont-blair-athol",
        "limitations": "Government occurrence \u2014 not proof of remaining gold",
        "label": "Historical evidence"
      },
      "geometry": {
        "type": "Point",
        "coordinates": [
          147.49438266653587,
          -22.7178819995875
        ]
      }
    },
    {
      "type": "Feature",
      "properties": {
        "record_id": "minocc-gold-491076",
        "historical_event_id": "87e2bde6e22cab99",
        "name": "ROAN COLT",
        "evidence_type": "ALLUVIAL_WORKING",
        "commodity": "gold",
        "commodity_group": "gold",
        "spatial_precision": "APPROXIMATE_POINT",
        "location_uncertainty_m": 50.0,
        "source_confidence": "high",
        "location_confidence": "APPROXIMATE",
        "historical_locality": "WEST OF CANIA DAM ADJACENT TO DENNY GULLY.",
        "modern_locality": "WEST OF CANIA DAM ADJACENT TO DENNY GULLY.",
        "year": null,
        "description": "100M LONG X 30M WIDE X >7M DEEP.; Scattered alluvial/elluvial workings also.; MINE; ABANDONED MINE",
        "provenance": {
          "authority": "Queensland Government MINOCC",
          "publication": "Mining Resources register",
          "date": null,
          "page": null,
          "record_id": "491076",
          "url": "https://spatial-gis.information.qld.gov.au/arcgis/rest/services/GeoscientificInformation/MiningResources/MapServer",
          "extraction_method": "automated_inventory",
          "ocr_status": "not_required",
          "location_method": "GPS OBSERVATION (AMG-66)"
        },
        "map_display": true,
        "public_display": true,
        "recovery": null,
        "related_record_ids": [
          "491076"
        ],
        "research_area": "calliope-gladstone",
        "limitations": "Government occurrence \u2014 not proof of remaining gold",
        "label": "Historical evidence"
      },
      "geometry": {
        "type": "Point",
        "coordinates": [
          150.9263320002473,
          -24.613049999182078
        ]
      }
    },
    {
      "type": "Feature",
      "properties": {
        "record_id": "minocc-gold-546059",
        "historical_event_id": "da022fd674e9f3d3",
        "name": "ROCKY CREEK LODE",
        "evidence_type": "ALLUVIAL_WORKING",
        "commodity": "gold",
        "commodity_group": "gold",
        "spatial_precision": "PRECISE_POINT",
        "location_uncertainty_m": 10.0,
        "source_confidence": "high",
        "location_confidence": "HIGH_CONFIDENCE",
        "historical_locality": "5.9KM NW OF MOUNT PERRY",
        "modern_locality": "5.9KM NW OF MOUNT PERRY",
        "year": null,
        "description": "100M LONG X 50M WIDE X >15M DEEP; MINE; ABANDONED MINE",
        "provenance": {
          "authority": "Queensland Government MINOCC",
          "publication": "Mining Resources register",
          "date": null,
          "page": null,
          "record_id": "546059",
          "url": "https://spatial-gis.information.qld.gov.au/arcgis/rest/services/GeoscientificInformation/MiningResources/MapServer",
          "extraction_method": "automated_inventory",
          "ocr_status": "not_required",
          "location_method": "GPS OBSERVATION (AMG-66)"
        },
        "map_display": true,
        "public_display": true,
        "recovery": null,
        "related_record_ids": [
          "546059"
        ],
        "research_area": "many-peaks-boyne-valley",
        "limitations": "Government occurrence \u2014 not proof of remaining gold",
        "label": "Historical evidence"
      },
      "geometry": {
        "type": "Point",
        "coordinates": [
          151.6007555555215,
          -25.13353822198227
        ]
      }
    },
    {
      "type": "Feature",
      "properties": {
        "record_id": "minocc-gold-41516",
        "historical_event_id": "229d6c4de543ba63",
        "name": "ROLFE CREEK",
        "evidence_type": "ALLUVIAL_WORKING",
        "commodity": "gold",
        "commodity_group": "gold",
        "spatial_precision": "APPROXIMATE_POINT",
        "location_uncertainty_m": 100.0,
        "source_confidence": "high",
        "location_confidence": "APPROXIMATE",
        "historical_locality": "39.1 KM SE OF MONTEAGLE HST.",
        "modern_locality": "39.1 KM SE OF MONTEAGLE HST.",
        "year": null,
        "description": "450 LONG, 50 WIDE AND >3 DEEP; MINE; ABANDONED MINE",
        "provenance": {
          "authority": "Queensland Government MINOCC",
          "publication": "Mining Resources register",
          "date": null,
          "page": null,
          "record_id": "41516",
          "url": "https://spatial-gis.information.qld.gov.au/arcgis/rest/services/GeoscientificInformation/MiningResources/MapServer",
          "extraction_method": "automated_inventory",
          "ocr_status": "not_required",
          "location_method": "BASED ON DEPARTMENTAL TENURE LOCATION SYSTEM"
        },
        "map_display": true,
        "public_display": true,
        "recovery": null,
        "related_record_ids": [
          "41516"
        ],
        "research_area": "clermont-blair-athol",
        "limitations": "Government occurrence \u2014 not proof of remaining gold",
        "label": "Historical evidence"
      },
      "geometry": {
        "type": "Point",
        "coordinates": [
          147.39421877822386,
          -22.834938221421822
        ]
      }
    },
    {
      "type": "Feature",
      "properties": {
        "record_id": "minocc-gold-488798",
        "historical_event_id": "7230a038b6d2acfe",
        "name": "ROSEWOOD CREEK AREA ALLUVIALS",
        "evidence_type": "ALLUVIAL_WORKING",
        "commodity": "gold",
        "commodity_group": "gold",
        "spatial_precision": "APPROXIMATE_POINT",
        "location_uncertainty_m": 50.0,
        "source_confidence": "high",
        "location_confidence": "APPROXIMATE",
        "historical_locality": "ALONG ROSEWOOD CREEK NEAR MT WALLACE.",
        "modern_locality": "ALONG ROSEWOOD CREEK NEAR MT WALLACE.",
        "year": null,
        "description": "INCLUDES BLACK SURFACE/MILNER, RED GRASSTREE, BROWN, BRADY, SLAUGHTERYARD GULLIES; WET POINT.; ALLUVIAL WORKINGS; ABANDONED MINE",
        "provenance": {
          "authority": "Queensland Government MINOCC",
          "publication": "Mining Resources register",
          "date": null,
          "page": null,
          "record_id": "488798",
          "url": "https://spatial-gis.information.qld.gov.au/arcgis/rest/services/GeoscientificInformation/MiningResources/MapServer",
          "extraction_method": "automated_inventory",
          "ocr_status": "not_required",
          "location_method": "GPS OBSERVATION (AMG-84)"
        },
        "map_display": true,
        "public_display": true,
        "recovery": null,
        "related_record_ids": [
          "488798"
        ],
        "research_area": "mount-morgan-dee-river",
        "limitations": "Government occurrence \u2014 not proof of remaining gold",
        "label": "Historical evidence"
      },
      "geometry": {
        "type": "Point",
        "coordinates": [
          149.9696014443061,
          -23.315113888012867
        ]
      }
    },
    {
      "type": "Feature",
      "properties": {
        "record_id": "minocc-gold-488772",
        "historical_event_id": "8b7ce9496ddc9ad4",
        "name": "ROUND MOUNTAIN",
        "evidence_type": "ALLUVIAL_WORKING",
        "commodity": "gold",
        "commodity_group": "gold",
        "spatial_precision": "APPROXIMATE_POINT",
        "location_uncertainty_m": 50.0,
        "source_confidence": "high",
        "location_confidence": "APPROXIMATE",
        "historical_locality": "ON ROUND MOUNTAIN, AT HEADWATERS OF ROSEWOOD CREEK, 55KM W OF ROCKHAMPTON.",
        "modern_locality": "ON ROUND MOUNTAIN, AT HEADWATERS OF ROSEWOOD CREEK, 55KM W OF ROCKHAMPTON.",
        "year": null,
        "description": "PROSPECT; MINERAL OCCURRENCE",
        "provenance": {
          "authority": "Queensland Government MINOCC",
          "publication": "Mining Resources register",
          "date": null,
          "page": null,
          "record_id": "488772",
          "url": "https://spatial-gis.information.qld.gov.au/arcgis/rest/services/GeoscientificInformation/MiningResources/MapServer",
          "extraction_method": "automated_inventory",
          "ocr_status": "not_required",
          "location_method": "GPS OBSERVATION (AMG-84)"
        },
        "map_display": true,
        "public_display": true,
        "recovery": null,
        "related_record_ids": [
          "488772"
        ],
        "research_area": "mount-morgan-dee-river",
        "limitations": "Government occurrence \u2014 not proof of remaining gold",
        "label": "Historical evidence"
      },
      "geometry": {
        "type": "Point",
        "coordinates": [
          149.95568333285033,
          -23.313119444255186
        ]
      }
    },
    {
      "type": "Feature",
      "properties": {
        "record_id": "minocc-gold-488060",
        "historical_event_id": "bac52077a937eb65",
        "name": "SAILOR BOY",
        "evidence_type": "ALLUVIAL_WORKING",
        "commodity": "gold",
        "commodity_group": "gold",
        "spatial_precision": "APPROXIMATE_POINT",
        "location_uncertainty_m": 100.0,
        "source_confidence": "high",
        "location_confidence": "APPROXIMATE",
        "historical_locality": "ON NORTON CREEK, 8.4 KM NE OF NAGOORIN",
        "modern_locality": "ON NORTON CREEK, 8.4 KM NE OF NAGOORIN",
        "year": null,
        "description": "MINE; ABANDONED MINE",
        "provenance": {
          "authority": "Queensland Government MINOCC",
          "publication": "Mining Resources register",
          "date": null,
          "page": null,
          "record_id": "488060",
          "url": "https://spatial-gis.information.qld.gov.au/arcgis/rest/services/GeoscientificInformation/MiningResources/MapServer",
          "extraction_method": "automated_inventory",
          "ocr_status": "not_required",
          "location_method": "TOPOGRAPHIC MAP (1:100 000 SCALE) (100M ACCURACY)"
        },
        "map_display": true,
        "public_display": true,
        "recovery": null,
        "related_record_ids": [
          "488060"
        ],
        "research_area": "calliope-gladstone",
        "limitations": "Government occurrence \u2014 not proof of remaining gold",
        "label": "Historical evidence"
      },
      "geometry": {
        "type": "Point",
        "coordinates": [
          151.37622922261707,
          -24.323590332770102
        ]
      }
    },
    {
      "type": "Feature",
      "properties": {
        "record_id": "minocc-gold-518569",
        "historical_event_id": "60821f0b97bd010b",
        "name": "SAINT PATRICK GULLY",
        "evidence_type": "ALLUVIAL_WORKING",
        "commodity": "gold",
        "commodity_group": "gold",
        "spatial_precision": "APPROXIMATE_POINT",
        "location_uncertainty_m": 300.0,
        "source_confidence": "high",
        "location_confidence": "APPROXIMATE",
        "historical_locality": "17 KM N OF CLERMONT",
        "modern_locality": "17 KM N OF CLERMONT",
        "year": null,
        "description": "ALLUVIAL WORKINGS; ABANDONED MINE",
        "provenance": {
          "authority": "Queensland Government MINOCC",
          "publication": "Mining Resources register",
          "date": null,
          "page": null,
          "record_id": "518569",
          "url": "https://spatial-gis.information.qld.gov.au/arcgis/rest/services/GeoscientificInformation/MiningResources/MapServer",
          "extraction_method": "automated_inventory",
          "ocr_status": "not_required",
          "location_method": "REPORT (UNPUBLISHED)"
        },
        "map_display": true,
        "public_display": true,
        "recovery": null,
        "related_record_ids": [
          "518569"
        ],
        "research_area": "clermont-blair-athol",
        "limitations": "Government occurrence \u2014 not proof of remaining gold",
        "label": "Historical evidence"
      },
      "geometry": {
        "type": "Point",
        "coordinates": [
          147.61450277776277,
          -22.658524999673105
        ]
      }
    },
    {
      "type": "Feature",
      "properties": {
        "record_id": "minocc-gold-507517",
        "historical_event_id": "4c0dee5829f886ae",
        "name": "SALTERS LEAD",
        "evidence_type": "ALLUVIAL_WORKING",
        "commodity": "gold",
        "commodity_group": "gold",
        "spatial_precision": "APPROXIMATE_POINT",
        "location_uncertainty_m": 50.0,
        "source_confidence": "high",
        "location_confidence": "APPROXIMATE",
        "historical_locality": "34 KM NNW OF CLERMONT-MICLERE GOLDFIELD.",
        "modern_locality": "34 KM NNW OF CLERMONT-MICLERE GOLDFIELD.",
        "year": null,
        "description": "MINE; ABANDONED MINE",
        "provenance": {
          "authority": "Queensland Government MINOCC",
          "publication": "Mining Resources register",
          "date": null,
          "page": null,
          "record_id": "507517",
          "url": "https://spatial-gis.information.qld.gov.au/arcgis/rest/services/GeoscientificInformation/MiningResources/MapServer",
          "extraction_method": "automated_inventory",
          "ocr_status": "not_required",
          "location_method": "BASED ON DEPARTMENTAL TENURE LOCATION SYSTEM"
        },
        "map_display": true,
        "public_display": true,
        "recovery": null,
        "related_record_ids": [
          "507517"
        ],
        "research_area": "clermont-blair-athol",
        "limitations": "Government occurrence \u2014 not proof of remaining gold",
        "label": "Historical evidence"
      },
      "geometry": {
        "type": "Point",
        "coordinates": [
          147.54867711148162,
          -22.56522222160142
        ]
      }
    },
    {
      "type": "Feature",
      "properties": {
        "record_id": "minocc-gold-489293",
        "historical_event_id": "cd8c90d478663274",
        "name": "SALVATION LASS",
        "evidence_type": "ALLUVIAL_WORKING",
        "commodity": "gold",
        "commodity_group": "gold",
        "spatial_precision": "APPROXIMATE_POINT",
        "location_uncertainty_m": 50.0,
        "source_confidence": "high",
        "location_confidence": "APPROXIMATE",
        "historical_locality": "AT THE HEAD OF NEW ZEALAND GULLY.",
        "modern_locality": "AT THE HEAD OF NEW ZEALAND GULLY.",
        "year": null,
        "description": "25M LONG X 10M WIDE X >8M DEEP.; ON SOUTHERN SIDE OF MAIN ACCESS TRACK.; MINE; ABANDONED MINE",
        "provenance": {
          "authority": "Queensland Government MINOCC",
          "publication": "Mining Resources register",
          "date": null,
          "page": null,
          "record_id": "489293",
          "url": "https://spatial-gis.information.qld.gov.au/arcgis/rest/services/GeoscientificInformation/MiningResources/MapServer",
          "extraction_method": "automated_inventory",
          "ocr_status": "not_required",
          "location_method": "GPS OBSERVATION (AMG-66)"
        },
        "map_display": true,
        "public_display": true,
        "recovery": null,
        "related_record_ids": [
          "489293"
        ],
        "research_area": "mount-morgan-dee-river",
        "limitations": "Government occurrence \u2014 not proof of remaining gold",
        "label": "Historical evidence"
      },
      "geometry": {
        "type": "Point",
        "coordinates": [
          150.63757155588684,
          -23.341032666051138
        ]
      }
    },
    {
      "type": "Feature",
      "properties": {
        "record_id": "minocc-gold-489675",
        "historical_event_id": "286ac65568842827",
        "name": "SATAN",
        "evidence_type": "ALLUVIAL_WORKING",
        "commodity": "gold",
        "commodity_group": "gold",
        "spatial_precision": "APPROXIMATE_POINT",
        "location_uncertainty_m": 50.0,
        "source_confidence": "high",
        "location_confidence": "APPROXIMATE",
        "historical_locality": "0.5KM SW OF THE FIRST SUGARLOAF WKGS ALONG A GULLY ON THE S'SIDE OF A HILL 600M E OF MONA VALE HOMESTEAD.",
        "modern_locality": "0.5KM SW OF THE FIRST SUGARLOAF WKGS ALONG A GULLY ON THE S'SIDE OF A HILL 600M E OF MONA VALE HOMESTEAD.",
        "year": null,
        "description": "170M MONG X 15M WIDE X 15M DEEP.; WORKINGS EXTEND UP THE GULLY TO TOP. ?MAIN SHFT & ?ADIT ARE IN GULLY ABOUT HALF WAY UP.; MINE; ABANDONED MINE",
        "provenance": {
          "authority": "Queensland Government MINOCC",
          "publication": "Mining Resources register",
          "date": null,
          "page": null,
          "record_id": "489675",
          "url": "https://spatial-gis.information.qld.gov.au/arcgis/rest/services/GeoscientificInformation/MiningResources/MapServer",
          "extraction_method": "automated_inventory",
          "ocr_status": "not_required",
          "location_method": "GPS OBSERVATION (AMG-84)"
        },
        "map_display": true,
        "public_display": true,
        "recovery": null,
        "related_record_ids": [
          "489675"
        ],
        "research_area": "mount-morgan-dee-river",
        "limitations": "Government occurrence \u2014 not proof of remaining gold",
        "label": "Historical evidence"
      },
      "geometry": {
        "type": "Point",
        "coordinates": [
          150.1790264445579,
          -23.069740332508857
        ]
      }
    },
    {
      "type": "Feature",
      "properties": {
        "record_id": "minocc-gold-524732",
        "historical_event_id": "f274ef4ac6f4d0eb",
        "name": "SCOTCHMAN'S GULLY",
        "evidence_type": "ALLUVIAL_WORKING",
        "commodity": "gold",
        "commodity_group": "gold",
        "spatial_precision": "APPROXIMATE_POINT",
        "location_uncertainty_m": 200.0,
        "source_confidence": "high",
        "location_confidence": "APPROXIMATE",
        "historical_locality": "5 KM S OF CLERMONT",
        "modern_locality": "5 KM S OF CLERMONT",
        "year": null,
        "description": "ALLUVIAL WORKINGS; ABANDONED MINE",
        "provenance": {
          "authority": "Queensland Government MINOCC",
          "publication": "Mining Resources register",
          "date": null,
          "page": null,
          "record_id": "524732",
          "url": "https://spatial-gis.information.qld.gov.au/arcgis/rest/services/GeoscientificInformation/MiningResources/MapServer",
          "extraction_method": "automated_inventory",
          "ocr_status": "not_required",
          "location_method": "DIGITISED FROM AIRPHOTO COMPILATION SHEET"
        },
        "map_display": true,
        "public_display": true,
        "recovery": null,
        "related_record_ids": [
          "524732"
        ],
        "research_area": "clermont-blair-athol",
        "limitations": "Government occurrence \u2014 not proof of remaining gold",
        "label": "Historical evidence"
      },
      "geometry": {
        "type": "Point",
        "coordinates": [
          147.65881666623258,
          -22.861336110520963
        ]
      }
    },
    {
      "type": "Feature",
      "properties": {
        "record_id": "minocc-gold-41520",
        "historical_event_id": "1d61ed3365cf41de",
        "name": "SCOTCHMAN'S LEAD",
        "evidence_type": "ALLUVIAL_WORKING",
        "commodity": "gold",
        "commodity_group": "gold",
        "spatial_precision": "APPROXIMATE_POINT",
        "location_uncertainty_m": 200.0,
        "source_confidence": "high",
        "location_confidence": "APPROXIMATE",
        "historical_locality": "36.2 KM E OF MONTEAGLE HST.",
        "modern_locality": "36.2 KM E OF MONTEAGLE HST.",
        "year": null,
        "description": "2 DEEP; MINE; ABANDONED MINE",
        "provenance": {
          "authority": "Queensland Government MINOCC",
          "publication": "Mining Resources register",
          "date": null,
          "page": null,
          "record_id": "41520",
          "url": "https://spatial-gis.information.qld.gov.au/arcgis/rest/services/GeoscientificInformation/MiningResources/MapServer",
          "extraction_method": "automated_inventory",
          "ocr_status": "not_required",
          "location_method": "TOPOGRAPHIC MAP (SCALE UNSPECIFIED)"
        },
        "map_display": true,
        "public_display": true,
        "recovery": null,
        "related_record_ids": [
          "41520"
        ],
        "research_area": "clermont-blair-athol",
        "limitations": "Government occurrence \u2014 not proof of remaining gold",
        "label": "Historical evidence"
      },
      "geometry": {
        "type": "Point",
        "coordinates": [
          147.46037222201016,
          -22.612708333104315
        ]
      }
    },
    {
      "type": "Feature",
      "properties": {
        "record_id": "minocc-gold-41521",
        "historical_event_id": "5d273df21fb88d7c",
        "name": "SEVEN MILE DIGGINGS",
        "evidence_type": "ALLUVIAL_WORKING",
        "commodity": "gold",
        "commodity_group": "gold",
        "spatial_precision": "APPROXIMATE_POINT",
        "location_uncertainty_m": 200.0,
        "source_confidence": "high",
        "location_confidence": "APPROXIMATE",
        "historical_locality": "39.5 KM E OF MONTEAGLE HST.",
        "modern_locality": "39.5 KM E OF MONTEAGLE HST.",
        "year": null,
        "description": "MINE; ABANDONED MINE",
        "provenance": {
          "authority": "Queensland Government MINOCC",
          "publication": "Mining Resources register",
          "date": null,
          "page": null,
          "record_id": "41521",
          "url": "https://spatial-gis.information.qld.gov.au/arcgis/rest/services/GeoscientificInformation/MiningResources/MapServer",
          "extraction_method": "automated_inventory",
          "ocr_status": "not_required",
          "location_method": "TOPOGRAPHIC MAP (SCALE UNSPECIFIED)"
        },
        "map_display": true,
        "public_display": true,
        "recovery": null,
        "related_record_ids": [
          "41521"
        ],
        "research_area": "clermont-blair-athol",
        "limitations": "Government occurrence \u2014 not proof of remaining gold",
        "label": "Historical evidence"
      },
      "geometry": {
        "type": "Point",
        "coordinates": [
          147.4867993334209,
          -22.657799999673337
        ]
      }
    },
    {
      "type": "Feature",
      "properties": {
        "record_id": "minocc-gold-490615",
        "historical_event_id": "0fd220dd7deee86a",
        "name": "SHEPHERD'S CAMP",
        "evidence_type": "ALLUVIAL_WORKING",
        "commodity": "gold",
        "commodity_group": "gold",
        "spatial_precision": "APPROXIMATE_POINT",
        "location_uncertainty_m": 50.0,
        "source_confidence": "high",
        "location_confidence": "APPROXIMATE",
        "historical_locality": "NORTH OF ROSSMORE STATION.",
        "modern_locality": "NORTH OF ROSSMORE STATION.",
        "year": null,
        "description": "1M LONG X 1M WIDE X 1M DEEP.; Very small pit adjacent to fenceline and wide gully.; OUTCROP; MINERAL OCCURRENCE",
        "provenance": {
          "authority": "Queensland Government MINOCC",
          "publication": "Mining Resources register",
          "date": null,
          "page": null,
          "record_id": "490615",
          "url": "https://spatial-gis.information.qld.gov.au/arcgis/rest/services/GeoscientificInformation/MiningResources/MapServer",
          "extraction_method": "automated_inventory",
          "ocr_status": "not_required",
          "location_method": "GPS OBSERVATION (AMG-66)"
        },
        "map_display": true,
        "public_display": true,
        "recovery": null,
        "related_record_ids": [
          "490615"
        ],
        "research_area": "calliope-gladstone",
        "limitations": "Government occurrence \u2014 not proof of remaining gold",
        "label": "Historical evidence"
      },
      "geometry": {
        "type": "Point",
        "coordinates": [
          150.66071666690965,
          -24.988638221412877
        ]
      }
    },
    {
      "type": "Feature",
      "properties": {
        "record_id": "minocc-gold-488417",
        "historical_event_id": "fa8821bf204e651d",
        "name": "SILVER PLANE",
        "evidence_type": "ALLUVIAL_WORKING",
        "commodity": "gold",
        "commodity_group": "gold",
        "spatial_precision": "APPROXIMATE_POINT",
        "location_uncertainty_m": 50.0,
        "source_confidence": "high",
        "location_confidence": "APPROXIMATE",
        "historical_locality": "ON BROAD CREEK 1.6KM UP FROM JUNCTION WITH MONAL CREEK.",
        "modern_locality": "ON BROAD CREEK 1.6KM UP FROM JUNCTION WITH MONAL CREEK.",
        "year": null,
        "description": "50M LONG X 10M WIDE X ~11M DEEP.; MINE; ABANDONED MINE",
        "provenance": {
          "authority": "Queensland Government MINOCC",
          "publication": "Mining Resources register",
          "date": null,
          "page": null,
          "record_id": "488417",
          "url": "https://spatial-gis.information.qld.gov.au/arcgis/rest/services/GeoscientificInformation/MiningResources/MapServer",
          "extraction_method": "automated_inventory",
          "ocr_status": "not_required",
          "location_method": "GLOBAL POSITIONING SYSTEM"
        },
        "map_display": true,
        "public_display": true,
        "recovery": null,
        "related_record_ids": [
          "488417"
        ],
        "research_area": "calliope-gladstone",
        "limitations": "Government occurrence \u2014 not proof of remaining gold",
        "label": "Historical evidence"
      },
      "geometry": {
        "type": "Point",
        "coordinates": [
          151.12540422212274,
          -24.567359777165088
        ]
      }
    },
    {
      "type": "Feature",
      "properties": {
        "record_id": "minocc-gold-487738",
        "historical_event_id": "0989a672b2362622",
        "name": "SIX MILE GOLD MINE",
        "evidence_type": "ALLUVIAL_WORKING",
        "commodity": "gold",
        "commodity_group": "gold",
        "spatial_precision": "APPROXIMATE_POINT",
        "location_uncertainty_m": 100.0,
        "source_confidence": "high",
        "location_confidence": "APPROXIMATE",
        "historical_locality": "SOUTH EASTERN SLOPE OF LARGE HILL NEAR DEGALGIL CREEK, 5.2 KM SW OF NAGOORIN",
        "modern_locality": "SOUTH EASTERN SLOPE OF LARGE HILL NEAR DEGALGIL CREEK, 5.2 KM SW OF NAGOORIN",
        "year": null,
        "description": "20M LONG X 3M WIDE X >5M DEEP.; MINE; ABANDONED MINE",
        "provenance": {
          "authority": "Queensland Government MINOCC",
          "publication": "Mining Resources register",
          "date": null,
          "page": null,
          "record_id": "487738",
          "url": "https://spatial-gis.information.qld.gov.au/arcgis/rest/services/GeoscientificInformation/MiningResources/MapServer",
          "extraction_method": "automated_inventory",
          "ocr_status": "not_required",
          "location_method": "GLOBAL POSITIONING SYSTEM"
        },
        "map_display": true,
        "public_display": true,
        "recovery": null,
        "related_record_ids": [
          "487738"
        ],
        "research_area": "calliope-gladstone",
        "limitations": "Government occurrence \u2014 not proof of remaining gold",
        "label": "Historical evidence"
      },
      "geometry": {
        "type": "Point",
        "coordinates": [
          151.26865422239447,
          -24.394093777255165
        ]
      }
    },
    {
      "type": "Feature",
      "properties": {
        "record_id": "minocc-gold-525974",
        "historical_event_id": "702af3c6c917b998",
        "name": "SLAUGHTER YARD LEAD",
        "evidence_type": "ALLUVIAL_WORKING",
        "commodity": "gold",
        "commodity_group": "gold",
        "spatial_precision": "APPROXIMATE_POINT",
        "location_uncertainty_m": 200.0,
        "source_confidence": "high",
        "location_confidence": "APPROXIMATE",
        "historical_locality": "21 KM NNW OF CLERMONT",
        "modern_locality": "21 KM NNW OF CLERMONT",
        "year": null,
        "description": "ALLUVIAL WORKINGS; ABANDONED MINE",
        "provenance": {
          "authority": "Queensland Government MINOCC",
          "publication": "Mining Resources register",
          "date": null,
          "page": null,
          "record_id": "525974",
          "url": "https://spatial-gis.information.qld.gov.au/arcgis/rest/services/GeoscientificInformation/MiningResources/MapServer",
          "extraction_method": "automated_inventory",
          "ocr_status": "not_required",
          "location_method": "REPORT (PUBLISHED)"
        },
        "map_display": true,
        "public_display": true,
        "recovery": null,
        "related_record_ids": [
          "525974"
        ],
        "research_area": "clermont-blair-athol",
        "limitations": "Government occurrence \u2014 not proof of remaining gold",
        "label": "Historical evidence"
      },
      "geometry": {
        "type": "Point",
        "coordinates": [
          147.58223755546905,
          -22.64263822133531
        ]
      }
    },
    {
      "type": "Feature",
      "properties": {
        "record_id": "minocc-gold-488860",
        "historical_event_id": "279f60bf17e7e89a",
        "name": "SMITHS",
        "evidence_type": "ALLUVIAL_WORKING",
        "commodity": "gold",
        "commodity_group": "gold",
        "spatial_precision": "APPROXIMATE_POINT",
        "location_uncertainty_m": 50.0,
        "source_confidence": "high",
        "location_confidence": "APPROXIMATE",
        "historical_locality": "1.2KM EAST OF MT WALLACE, UP ALONG ROSEWOOD CREEK.",
        "modern_locality": "1.2KM EAST OF MT WALLACE, UP ALONG ROSEWOOD CREEK.",
        "year": null,
        "description": "50M LONG X 20M WIDE X 5M DEEP; MINE; ABANDONED MINE",
        "provenance": {
          "authority": "Queensland Government MINOCC",
          "publication": "Mining Resources register",
          "date": null,
          "page": null,
          "record_id": "488860",
          "url": "https://spatial-gis.information.qld.gov.au/arcgis/rest/services/GeoscientificInformation/MiningResources/MapServer",
          "extraction_method": "automated_inventory",
          "ocr_status": "not_required",
          "location_method": "GPS OBSERVATION (AMG-84)"
        },
        "map_display": true,
        "public_display": true,
        "recovery": null,
        "related_record_ids": [
          "488860"
        ],
        "research_area": "mount-morgan-dee-river",
        "limitations": "Government occurrence \u2014 not proof of remaining gold",
        "label": "Historical evidence"
      },
      "geometry": {
        "type": "Point",
        "coordinates": [
          149.98957711120133,
          -23.316097221244014
        ]
      }
    },
    {
      "type": "Feature",
      "properties": {
        "record_id": "minocc-gold-520395",
        "historical_event_id": "56fcfd0a493f8d54",
        "name": "SMITHS HILL",
        "evidence_type": "ALLUVIAL_WORKING",
        "commodity": "gold",
        "commodity_group": "gold",
        "spatial_precision": "APPROXIMATE_POINT",
        "location_uncertainty_m": 300.0,
        "source_confidence": "high",
        "location_confidence": "APPROXIMATE",
        "historical_locality": "17 KM NNW OF CLERMONT",
        "modern_locality": "17 KM NNW OF CLERMONT",
        "year": null,
        "description": "ALLUVIAL WORKINGS; ABANDONED MINE",
        "provenance": {
          "authority": "Queensland Government MINOCC",
          "publication": "Mining Resources register",
          "date": null,
          "page": null,
          "record_id": "520395",
          "url": "https://spatial-gis.information.qld.gov.au/arcgis/rest/services/GeoscientificInformation/MiningResources/MapServer",
          "extraction_method": "automated_inventory",
          "ocr_status": "not_required",
          "location_method": "REPORT (UNPUBLISHED)"
        },
        "map_display": true,
        "public_display": true,
        "recovery": null,
        "related_record_ids": [
          "520395"
        ],
        "research_area": "clermont-blair-athol",
        "limitations": "Government occurrence \u2014 not proof of remaining gold",
        "label": "Historical evidence"
      },
      "geometry": {
        "type": "Point",
        "coordinates": [
          147.6140388893693,
          -22.66562777665105
        ]
      }
    },
    {
      "type": "Feature",
      "properties": {
        "record_id": "minocc-gold-520227",
        "historical_event_id": "fddca5c7d7fbc189",
        "name": "SMITHS LEAD",
        "evidence_type": "ALLUVIAL_WORKING",
        "commodity": "gold",
        "commodity_group": "gold",
        "spatial_precision": "APPROXIMATE_POINT",
        "location_uncertainty_m": 100.0,
        "source_confidence": "high",
        "location_confidence": "APPROXIMATE",
        "historical_locality": "5.9 KM ENE OF BLAIR ATHOL",
        "modern_locality": "5.9 KM ENE OF BLAIR ATHOL",
        "year": null,
        "description": "ALLUVIAL WORKINGS; ABANDONED MINE",
        "provenance": {
          "authority": "Queensland Government MINOCC",
          "publication": "Mining Resources register",
          "date": null,
          "page": null,
          "record_id": "520227",
          "url": "https://spatial-gis.information.qld.gov.au/arcgis/rest/services/GeoscientificInformation/MiningResources/MapServer",
          "extraction_method": "automated_inventory",
          "ocr_status": "not_required",
          "location_method": "REPORT (UNPUBLISHED)"
        },
        "map_display": true,
        "public_display": true,
        "recovery": null,
        "related_record_ids": [
          "520227"
        ],
        "research_area": "clermont-blair-athol",
        "limitations": "Government occurrence \u2014 not proof of remaining gold",
        "label": "Historical evidence"
      },
      "geometry": {
        "type": "Point",
        "coordinates": [
          147.58407988908553,
          -22.647627110149813
        ]
      }
    },
    {
      "type": "Feature",
      "properties": {
        "record_id": "minocc-gold-486431",
        "historical_event_id": "571cde1820b32954",
        "name": "SNEAKERS GULLY",
        "evidence_type": "ALLUVIAL_WORKING",
        "commodity": "gold",
        "commodity_group": "gold",
        "spatial_precision": "APPROXIMATE_POINT",
        "location_uncertainty_m": 50.0,
        "source_confidence": "high",
        "location_confidence": "APPROXIMATE",
        "historical_locality": "10 KM NW OF YARWUN",
        "modern_locality": "10 KM NW OF YARWUN",
        "year": null,
        "description": "400M LONG X 30M WIDE X >3M DEEP; MINE; ABANDONED MINE",
        "provenance": {
          "authority": "Queensland Government MINOCC",
          "publication": "Mining Resources register",
          "date": null,
          "page": null,
          "record_id": "486431",
          "url": "https://spatial-gis.information.qld.gov.au/arcgis/rest/services/GeoscientificInformation/MiningResources/MapServer",
          "extraction_method": "automated_inventory",
          "ocr_status": "not_required",
          "location_method": "GPS OBSERVATION (AMG-84)"
        },
        "map_display": true,
        "public_display": true,
        "recovery": null,
        "related_record_ids": [
          "486431"
        ],
        "research_area": "calliope-gladstone",
        "limitations": "Government occurrence \u2014 not proof of remaining gold",
        "label": "Historical evidence"
      },
      "geometry": {
        "type": "Point",
        "coordinates": [
          151.06433611130225,
          -23.77569033233857
        ]
      }
    },
    {
      "type": "Feature",
      "properties": {
        "record_id": "minocc-gold-45495",
        "historical_event_id": "cfab47463f341eff",
        "name": "SOUTHERN DIP",
        "evidence_type": "ALLUVIAL_WORKING",
        "commodity": "gold",
        "commodity_group": "gold",
        "spatial_precision": "APPROXIMATE_POINT",
        "location_uncertainty_m": 200.0,
        "source_confidence": "high",
        "location_confidence": "APPROXIMATE",
        "historical_locality": "45 KM SE OF MONTEAGLE HOMESTEAD",
        "modern_locality": "45 KM SE OF MONTEAGLE HOMESTEAD",
        "year": null,
        "description": "STREAM/CREEK/RIVER; MINERAL OCCURRENCE",
        "provenance": {
          "authority": "Queensland Government MINOCC",
          "publication": "Mining Resources register",
          "date": null,
          "page": null,
          "record_id": "45495",
          "url": "https://spatial-gis.information.qld.gov.au/arcgis/rest/services/GeoscientificInformation/MiningResources/MapServer",
          "extraction_method": "automated_inventory",
          "ocr_status": "not_required",
          "location_method": "BASED ON DEPARTMENTAL TENURE LOCATION SYSTEM"
        },
        "map_display": true,
        "public_display": true,
        "recovery": null,
        "related_record_ids": [
          "45495"
        ],
        "research_area": "clermont-blair-athol",
        "limitations": "Government occurrence \u2014 not proof of remaining gold",
        "label": "Historical evidence"
      },
      "geometry": {
        "type": "Point",
        "coordinates": [
          147.427787555994,
          -22.876629221471394
        ]
      }
    },
    {
      "type": "Feature",
      "properties": {
        "record_id": "minocc-gold-488353",
        "historical_event_id": "4b0a67ae73a28f2b",
        "name": "SPRING CREEK",
        "evidence_type": "ALLUVIAL_WORKING",
        "commodity": "gold",
        "commodity_group": "gold",
        "spatial_precision": "APPROXIMATE_POINT",
        "location_uncertainty_m": 50.0,
        "source_confidence": "high",
        "location_confidence": "APPROXIMATE",
        "historical_locality": "ALLUVIAL WORKING (SURFACE & OLD PITS) UP DIGGINGS GULLY & ON SPRING CREEK.",
        "modern_locality": "ALLUVIAL WORKING (SURFACE & OLD PITS) UP DIGGINGS GULLY & ON SPRING CREEK.",
        "year": null,
        "description": "MINE; ABANDONED MINE",
        "provenance": {
          "authority": "Queensland Government MINOCC",
          "publication": "Mining Resources register",
          "date": null,
          "page": null,
          "record_id": "488353",
          "url": "https://spatial-gis.information.qld.gov.au/arcgis/rest/services/GeoscientificInformation/MiningResources/MapServer",
          "extraction_method": "automated_inventory",
          "ocr_status": "not_required",
          "location_method": "GLOBAL POSITIONING SYSTEM"
        },
        "map_display": true,
        "public_display": true,
        "recovery": null,
        "related_record_ids": [
          "488353"
        ],
        "research_area": "calliope-gladstone",
        "limitations": "Government occurrence \u2014 not proof of remaining gold",
        "label": "Historical evidence"
      },
      "geometry": {
        "type": "Point",
        "coordinates": [
          151.08037644466685,
          -24.574737555278297
        ]
      }
    },
    {
      "type": "Feature",
      "properties": {
        "record_id": "minocc-gold-545800",
        "historical_event_id": "5345567b78ffb592",
        "name": "SPRING GULLY",
        "evidence_type": "ALLUVIAL_WORKING",
        "commodity": "gold",
        "commodity_group": "gold",
        "spatial_precision": "APPROXIMATE_POINT",
        "location_uncertainty_m": 50.0,
        "source_confidence": "high",
        "location_confidence": "APPROXIMATE",
        "historical_locality": "6.2KM SSW OF MOUNT PERRY",
        "modern_locality": "6.2KM SSW OF MOUNT PERRY",
        "year": null,
        "description": "250M LONG X 100M WIDE X 5M DEEP; MINE; ABANDONED MINE",
        "provenance": {
          "authority": "Queensland Government MINOCC",
          "publication": "Mining Resources register",
          "date": null,
          "page": null,
          "record_id": "545800",
          "url": "https://spatial-gis.information.qld.gov.au/arcgis/rest/services/GeoscientificInformation/MiningResources/MapServer",
          "extraction_method": "automated_inventory",
          "ocr_status": "not_required",
          "location_method": "REPORT (UNPUBLISHED)"
        },
        "map_display": true,
        "public_display": true,
        "recovery": null,
        "related_record_ids": [
          "545800"
        ],
        "research_area": "many-peaks-boyne-valley",
        "limitations": "Government occurrence \u2014 not proof of remaining gold",
        "label": "Historical evidence"
      },
      "geometry": {
        "type": "Point",
        "coordinates": [
          151.6118388887846,
          -25.222570888207503
        ]
      }
    },
    {
      "type": "Feature",
      "properties": {
        "record_id": "minocc-gold-527556",
        "historical_event_id": "7396469d9bd05936",
        "name": "SPRINGS CREEK",
        "evidence_type": "ALLUVIAL_WORKING",
        "commodity": "gold",
        "commodity_group": "gold",
        "spatial_precision": "APPROXIMATE_POINT",
        "location_uncertainty_m": 200.0,
        "source_confidence": "high",
        "location_confidence": "APPROXIMATE",
        "historical_locality": "17 KM NNW OF CLERMONT",
        "modern_locality": "17 KM NNW OF CLERMONT",
        "year": null,
        "description": "27M DEEP; ALLUVIAL WORKINGS; ABANDONED MINE",
        "provenance": {
          "authority": "Queensland Government MINOCC",
          "publication": "Mining Resources register",
          "date": null,
          "page": null,
          "record_id": "527556",
          "url": "https://spatial-gis.information.qld.gov.au/arcgis/rest/services/GeoscientificInformation/MiningResources/MapServer",
          "extraction_method": "automated_inventory",
          "ocr_status": "not_required",
          "location_method": "REPORT (PUBLISHED)"
        },
        "map_display": true,
        "public_display": true,
        "recovery": null,
        "related_record_ids": [
          "527556"
        ],
        "research_area": "clermont-blair-athol",
        "limitations": "Government occurrence \u2014 not proof of remaining gold",
        "label": "Historical evidence"
      },
      "geometry": {
        "type": "Point",
        "coordinates": [
          147.59972433302138,
          -22.66470555478223
        ]
      }
    },
    {
      "type": "Feature",
      "properties": {
        "record_id": "minocc-gold-491517",
        "historical_event_id": "c08fc1df1ae5329b",
        "name": "STARLIGHT GULLY",
        "evidence_type": "ALLUVIAL_WORKING",
        "commodity": "gold",
        "commodity_group": "gold",
        "spatial_precision": "APPROXIMATE_POINT",
        "location_uncertainty_m": 100.0,
        "source_confidence": "high",
        "location_confidence": "APPROXIMATE",
        "historical_locality": "CANIA GOLD FIELD.",
        "modern_locality": "CANIA GOLD FIELD.",
        "year": null,
        "description": "400M LONG X 20M WIDE X >1M DEEP.; ALLUVIAL WORKINGS; ABANDONED MINE",
        "provenance": {
          "authority": "Queensland Government MINOCC",
          "publication": "Mining Resources register",
          "date": null,
          "page": null,
          "record_id": "491517",
          "url": "https://spatial-gis.information.qld.gov.au/arcgis/rest/services/GeoscientificInformation/MiningResources/MapServer",
          "extraction_method": "automated_inventory",
          "ocr_status": "not_required",
          "location_method": "TOPOGRAPHIC MAP (1:100 000 SCALE) (100M ACCURACY)"
        },
        "map_display": true,
        "public_display": true,
        "recovery": null,
        "related_record_ids": [
          "491517"
        ],
        "research_area": "calliope-gladstone",
        "limitations": "Government occurrence \u2014 not proof of remaining gold",
        "label": "Historical evidence"
      },
      "geometry": {
        "type": "Point",
        "coordinates": [
          150.96367222236952,
          -24.654455554405832
        ]
      }
    },
    {
      "type": "Feature",
      "properties": {
        "record_id": "minocc-gold-493554",
        "historical_event_id": "b816cb6f3893dfbb",
        "name": "STOCKYARD CREEK",
        "evidence_type": "ALLUVIAL_WORKING",
        "commodity": "gold",
        "commodity_group": "gold",
        "spatial_precision": "APPROXIMATE_POINT",
        "location_uncertainty_m": 300.0,
        "source_confidence": "high",
        "location_confidence": "APPROXIMATE",
        "historical_locality": "BROADSOUND RANGE, EAST OF CLARKWOOD.",
        "modern_locality": "BROADSOUND RANGE, EAST OF CLARKWOOD.",
        "year": null,
        "description": "OUTCROP; MINERAL OCCURRENCE",
        "provenance": {
          "authority": "Queensland Government MINOCC",
          "publication": "Mining Resources register",
          "date": null,
          "page": null,
          "record_id": "493554",
          "url": "https://spatial-gis.information.qld.gov.au/arcgis/rest/services/GeoscientificInformation/MiningResources/MapServer",
          "extraction_method": "automated_inventory",
          "ocr_status": "not_required",
          "location_method": "TOPOGRAPHIC MAP (1:100 000 SCALE) (100M ACCURACY)"
        },
        "map_display": true,
        "public_display": true,
        "recovery": null,
        "related_record_ids": [
          "493554"
        ],
        "research_area": "mount-morgan-dee-river",
        "limitations": "Government occurrence \u2014 not proof of remaining gold",
        "label": "Historical evidence"
      },
      "geometry": {
        "type": "Point",
        "coordinates": [
          149.35131111125764,
          -22.660244444138538
        ]
      }
    },
    {
      "type": "Feature",
      "properties": {
        "record_id": "minocc-gold-493571",
        "historical_event_id": "ea02457cab44df61",
        "name": "SULPHIDE GULLY",
        "evidence_type": "ALLUVIAL_WORKING",
        "commodity": "gold",
        "commodity_group": "gold",
        "spatial_precision": "APPROXIMATE_POINT",
        "location_uncertainty_m": 300.0,
        "source_confidence": "high",
        "location_confidence": "APPROXIMATE",
        "historical_locality": "WEST OF CLAIRVIEW HOMESTEAD ON UPPER CALABASH CREEK, NEAR FORT ARTHUR.",
        "modern_locality": "WEST OF CLAIRVIEW HOMESTEAD ON UPPER CALABASH CREEK, NEAR FORT ARTHUR.",
        "year": null,
        "description": "OUTCROP; MINERAL OCCURRENCE",
        "provenance": {
          "authority": "Queensland Government MINOCC",
          "publication": "Mining Resources register",
          "date": null,
          "page": null,
          "record_id": "493571",
          "url": "https://spatial-gis.information.qld.gov.au/arcgis/rest/services/GeoscientificInformation/MiningResources/MapServer",
          "extraction_method": "automated_inventory",
          "ocr_status": "not_required",
          "location_method": "TOPOGRAPHIC MAP (1:100 000 SCALE) (100M ACCURACY)"
        },
        "map_display": true,
        "public_display": true,
        "recovery": null,
        "related_record_ids": [
          "493571"
        ],
        "research_area": "springsure-emerald",
        "limitations": "Government occurrence \u2014 not proof of remaining gold",
        "label": "Historical evidence"
      },
      "geometry": {
        "type": "Point",
        "coordinates": [
          149.38581322185124,
          -22.232684776746044
        ]
      }
    },
    {
      "type": "Feature",
      "properties": {
        "record_id": "minocc-gold-518523",
        "historical_event_id": "2298c2bc81e39000",
        "name": "SWEENY'S GULLY",
        "evidence_type": "ALLUVIAL_WORKING",
        "commodity": "gold",
        "commodity_group": "gold",
        "spatial_precision": "APPROXIMATE_POINT",
        "location_uncertainty_m": 300.0,
        "source_confidence": "high",
        "location_confidence": "APPROXIMATE",
        "historical_locality": "6 KM SSW OF CLERMONT",
        "modern_locality": "6 KM SSW OF CLERMONT",
        "year": null,
        "description": "20M LONG X 5.5M DEEP; ALLUVIAL WORKINGS; ABANDONED MINE",
        "provenance": {
          "authority": "Queensland Government MINOCC",
          "publication": "Mining Resources register",
          "date": null,
          "page": null,
          "record_id": "518523",
          "url": "https://spatial-gis.information.qld.gov.au/arcgis/rest/services/GeoscientificInformation/MiningResources/MapServer",
          "extraction_method": "automated_inventory",
          "ocr_status": "not_required",
          "location_method": "REPORT (UNPUBLISHED)"
        },
        "map_display": true,
        "public_display": true,
        "recovery": null,
        "related_record_ids": [
          "518523"
        ],
        "research_area": "clermont-blair-athol",
        "limitations": "Government occurrence \u2014 not proof of remaining gold",
        "label": "Historical evidence"
      },
      "geometry": {
        "type": "Point",
        "coordinates": [
          147.60848333357728,
          -22.88140699931282
        ]
      }
    },
    {
      "type": "Feature",
      "properties": {
        "record_id": "minocc-gold-501224",
        "historical_event_id": "1dfd7842d27e3c3d",
        "name": "TAKILBERAN CREEK",
        "evidence_type": "ALLUVIAL_WORKING",
        "commodity": "gold",
        "commodity_group": "gold",
        "spatial_precision": "APPROXIMATE_POINT",
        "location_uncertainty_m": 200.0,
        "source_confidence": "high",
        "location_confidence": "APPROXIMATE",
        "historical_locality": "47 KM SW OF ROSEDALE",
        "modern_locality": "47 KM SW OF ROSEDALE",
        "year": null,
        "description": "STREAM/CREEK/RIVER; MINERAL OCCURRENCE",
        "provenance": {
          "authority": "Queensland Government MINOCC",
          "publication": "Mining Resources register",
          "date": null,
          "page": null,
          "record_id": "501224",
          "url": "https://spatial-gis.information.qld.gov.au/arcgis/rest/services/GeoscientificInformation/MiningResources/MapServer",
          "extraction_method": "automated_inventory",
          "ocr_status": "not_required",
          "location_method": "REPORT (UNPUBLISHED)"
        },
        "map_display": true,
        "public_display": true,
        "recovery": null,
        "related_record_ids": [
          "501224"
        ],
        "research_area": "calliope-gladstone",
        "limitations": "Government occurrence \u2014 not proof of remaining gold",
        "label": "Historical evidence"
      },
      "geometry": {
        "type": "Point",
        "coordinates": [
          151.60887500031717,
          -24.949590999713806
        ]
      }
    },
    {
      "type": "Feature",
      "properties": {
        "record_id": "minocc-gold-45538",
        "historical_event_id": "1b3abc69eb00ed45",
        "name": "TAYLOR CREEK",
        "evidence_type": "ALLUVIAL_WORKING",
        "commodity": "gold",
        "commodity_group": "gold",
        "spatial_precision": "APPROXIMATE_POINT",
        "location_uncertainty_m": 100.0,
        "source_confidence": "high",
        "location_confidence": "APPROXIMATE",
        "historical_locality": "12 KM WNW OF CLERMONT",
        "modern_locality": "12 KM WNW OF CLERMONT",
        "year": null,
        "description": "MINE; ABANDONED MINE",
        "provenance": {
          "authority": "Queensland Government MINOCC",
          "publication": "Mining Resources register",
          "date": null,
          "page": null,
          "record_id": "45538",
          "url": "https://spatial-gis.information.qld.gov.au/arcgis/rest/services/GeoscientificInformation/MiningResources/MapServer",
          "extraction_method": "automated_inventory",
          "ocr_status": "not_required",
          "location_method": "GLOBAL POSITIONING SYSTEM"
        },
        "map_display": true,
        "public_display": true,
        "recovery": null,
        "related_record_ids": [
          "45538"
        ],
        "research_area": "clermont-blair-athol",
        "limitations": "Government occurrence \u2014 not proof of remaining gold",
        "label": "Historical evidence"
      },
      "geometry": {
        "type": "Point",
        "coordinates": [
          147.56075555524447,
          -22.770926443962875
        ]
      }
    },
    {
      "type": "Feature",
      "properties": {
        "record_id": "minocc-gold-486896",
        "historical_event_id": "c38c44dfb67ca495",
        "name": "THE LITTLE VEIN",
        "evidence_type": "ALLUVIAL_WORKING",
        "commodity": "gold",
        "commodity_group": "gold",
        "spatial_precision": "APPROXIMATE_POINT",
        "location_uncertainty_m": 100.0,
        "source_confidence": "high",
        "location_confidence": "APPROXIMATE",
        "historical_locality": "FURTHER UPSTREAM IN GULLY IN WHICH ANGLO SAXON LOWER ADIT IS, 3.9 KM S OF BOULDERCOMBE",
        "modern_locality": "FURTHER UPSTREAM IN GULLY IN WHICH ANGLO SAXON LOWER ADIT IS, 3.9 KM S OF BOULDERCOMBE",
        "year": null,
        "description": ">65M LONG; MINE; ABANDONED MINE",
        "provenance": {
          "authority": "Queensland Government MINOCC",
          "publication": "Mining Resources register",
          "date": null,
          "page": null,
          "record_id": "486896",
          "url": "https://spatial-gis.information.qld.gov.au/arcgis/rest/services/GeoscientificInformation/MiningResources/MapServer",
          "extraction_method": "automated_inventory",
          "ocr_status": "not_required",
          "location_method": "TOPOGRAPHIC MAP (1:100 000 SCALE) (100M ACCURACY)"
        },
        "map_display": true,
        "public_display": true,
        "recovery": null,
        "related_record_ids": [
          "486896"
        ],
        "research_area": "mount-morgan-dee-river",
        "limitations": "Government occurrence \u2014 not proof of remaining gold",
        "label": "Historical evidence"
      },
      "geometry": {
        "type": "Point",
        "coordinates": [
          150.4659611106645,
          -23.597321554450357
        ]
      }
    },
    {
      "type": "Feature",
      "properties": {
        "record_id": "minocc-gold-489677",
        "historical_event_id": "6421ef434fbc2738",
        "name": "THREE MILE CREEK",
        "evidence_type": "ALLUVIAL_WORKING",
        "commodity": "gold",
        "commodity_group": "gold",
        "spatial_precision": "APPROXIMATE_POINT",
        "location_uncertainty_m": 100.0,
        "source_confidence": "high",
        "location_confidence": "APPROXIMATE",
        "historical_locality": "16.3KM W OF RIDGELANDS.",
        "modern_locality": "16.3KM W OF RIDGELANDS.",
        "year": null,
        "description": "MINE; ABANDONED MINE",
        "provenance": {
          "authority": "Queensland Government MINOCC",
          "publication": "Mining Resources register",
          "date": null,
          "page": null,
          "record_id": "489677",
          "url": "https://spatial-gis.information.qld.gov.au/arcgis/rest/services/GeoscientificInformation/MiningResources/MapServer",
          "extraction_method": "automated_inventory",
          "ocr_status": "not_required",
          "location_method": "REPORT (PUBLISHED)"
        },
        "map_display": true,
        "public_display": true,
        "recovery": null,
        "related_record_ids": [
          "489677"
        ],
        "research_area": "mount-morgan-dee-river",
        "limitations": "Government occurrence \u2014 not proof of remaining gold",
        "label": "Historical evidence"
      },
      "geometry": {
        "type": "Point",
        "coordinates": [
          150.11995422232417,
          -23.272070888077316
        ]
      }
    },
    {
      "type": "Feature",
      "properties": {
        "record_id": "minocc-gold-490673",
        "historical_event_id": "1dbe2ae90a945f20",
        "name": "THREE MOON CREEK",
        "evidence_type": "ALLUVIAL_WORKING",
        "commodity": "gold",
        "commodity_group": "gold",
        "spatial_precision": "APPROXIMATE_POINT",
        "location_uncertainty_m": 50.0,
        "source_confidence": "high",
        "location_confidence": "APPROXIMATE",
        "historical_locality": "MAIN CREEK MINED IN CANIA GOLD FIELD.",
        "modern_locality": "MAIN CREEK MINED IN CANIA GOLD FIELD.",
        "year": null,
        "description": "3KM LONG X 300M WIDE.; Alluvial gold dreging of Three Moon Creek has occurrend upstream of Starlight Gully. Most of the area is now submerged by Cania Dam.; MINE; ABANDONED MINE",
        "provenance": {
          "authority": "Queensland Government MINOCC",
          "publication": "Mining Resources register",
          "date": null,
          "page": null,
          "record_id": "490673",
          "url": "https://spatial-gis.information.qld.gov.au/arcgis/rest/services/GeoscientificInformation/MiningResources/MapServer",
          "extraction_method": "automated_inventory",
          "ocr_status": "not_required",
          "location_method": "GPS OBSERVATION (AMG-66)"
        },
        "map_display": true,
        "public_display": true,
        "recovery": null,
        "related_record_ids": [
          "490673"
        ],
        "research_area": "calliope-gladstone",
        "limitations": "Government occurrence \u2014 not proof of remaining gold",
        "label": "Historical evidence"
      },
      "geometry": {
        "type": "Point",
        "coordinates": [
          150.97867088892966,
          -24.637504888162056
        ]
      }
    },
    {
      "type": "Feature",
      "properties": {
        "record_id": "minocc-gold-486480",
        "historical_event_id": "979a620b983db877",
        "name": "TOBY GULLY",
        "evidence_type": "ALLUVIAL_WORKING",
        "commodity": "gold",
        "commodity_group": "gold",
        "spatial_precision": "APPROXIMATE_POINT",
        "location_uncertainty_m": 100.0,
        "source_confidence": "high",
        "location_confidence": "APPROXIMATE",
        "historical_locality": "UPPER MANTON CREEK, 12.5 KM S OF PRIOR PARK HOMESTEAD, S OF BAJOOL",
        "modern_locality": "UPPER MANTON CREEK, 12.5 KM S OF PRIOR PARK HOMESTEAD, S OF BAJOOL",
        "year": null,
        "description": "ALLUVIAL WORKINGS; ABANDONED MINE",
        "provenance": {
          "authority": "Queensland Government MINOCC",
          "publication": "Mining Resources register",
          "date": null,
          "page": null,
          "record_id": "486480",
          "url": "https://spatial-gis.information.qld.gov.au/arcgis/rest/services/GeoscientificInformation/MiningResources/MapServer",
          "extraction_method": "automated_inventory",
          "ocr_status": "not_required",
          "location_method": "TOPOGRAPHIC MAP (1:100 000 SCALE) (100M ACCURACY)"
        },
        "map_display": true,
        "public_display": true,
        "recovery": null,
        "related_record_ids": [
          "486480"
        ],
        "research_area": "mount-morgan-dee-river",
        "limitations": "Government occurrence \u2014 not proof of remaining gold",
        "label": "Historical evidence"
      },
      "geometry": {
        "type": "Point",
        "coordinates": [
          150.63696877750982,
          -23.94557711010791
        ]
      }
    },
    {
      "type": "Feature",
      "properties": {
        "record_id": "minocc-gold-543318",
        "historical_event_id": "be9ac67b730ca181",
        "name": "TOWNS CREEK EAST",
        "evidence_type": "ALLUVIAL_WORKING",
        "commodity": "gold",
        "commodity_group": "gold",
        "spatial_precision": "APPROXIMATE_POINT",
        "location_uncertainty_m": 50.0,
        "source_confidence": "high",
        "location_confidence": "APPROXIMATE",
        "historical_locality": "2.4KM WNW OF MOUNT PERRY",
        "modern_locality": "2.4KM WNW OF MOUNT PERRY",
        "year": null,
        "description": "MINE; ABANDONED MINE",
        "provenance": {
          "authority": "Queensland Government MINOCC",
          "publication": "Mining Resources register",
          "date": null,
          "page": null,
          "record_id": "543318",
          "url": "https://spatial-gis.information.qld.gov.au/arcgis/rest/services/GeoscientificInformation/MiningResources/MapServer",
          "extraction_method": "automated_inventory",
          "ocr_status": "not_required",
          "location_method": "BASED ON DEPARTMENTAL TENURE LOCATION SYSTEM"
        },
        "map_display": true,
        "public_display": true,
        "recovery": null,
        "related_record_ids": [
          "543318"
        ],
        "research_area": "many-peaks-boyne-valley",
        "limitations": "Government occurrence \u2014 not proof of remaining gold",
        "label": "Historical evidence"
      },
      "geometry": {
        "type": "Point",
        "coordinates": [
          151.61855144474978,
          -25.164124999047342
        ]
      }
    },
    {
      "type": "Feature",
      "properties": {
        "record_id": "minocc-gold-545728",
        "historical_event_id": "bca9a90fd0f5682f",
        "name": "TOWNS CREEK LONG",
        "evidence_type": "ALLUVIAL_WORKING",
        "commodity": "gold",
        "commodity_group": "gold",
        "spatial_precision": "APPROXIMATE_POINT",
        "location_uncertainty_m": 50.0,
        "source_confidence": "high",
        "location_confidence": "APPROXIMATE",
        "historical_locality": "6.3KM W OF MOUNT PERRY",
        "modern_locality": "6.3KM W OF MOUNT PERRY",
        "year": null,
        "description": "STREAM/CREEK/RIVER; MINERAL OCCURRENCE",
        "provenance": {
          "authority": "Queensland Government MINOCC",
          "publication": "Mining Resources register",
          "date": null,
          "page": null,
          "record_id": "545728",
          "url": "https://spatial-gis.information.qld.gov.au/arcgis/rest/services/GeoscientificInformation/MiningResources/MapServer",
          "extraction_method": "automated_inventory",
          "ocr_status": "not_required",
          "location_method": "BASED ON DEPARTMENTAL TENURE LOCATION SYSTEM"
        },
        "map_display": true,
        "public_display": true,
        "recovery": null,
        "related_record_ids": [
          "545728"
        ],
        "research_area": "many-peaks-boyne-valley",
        "limitations": "Government occurrence \u2014 not proof of remaining gold",
        "label": "Historical evidence"
      },
      "geometry": {
        "type": "Point",
        "coordinates": [
          151.57804033312328,
          -25.175656998789094
        ]
      }
    },
    {
      "type": "Feature",
      "properties": {
        "record_id": "minocc-gold-545729",
        "historical_event_id": "10c839fc0c49d590",
        "name": "TOWNS CREEK WEST",
        "evidence_type": "ALLUVIAL_WORKING",
        "commodity": "gold",
        "commodity_group": "gold",
        "spatial_precision": "APPROXIMATE_POINT",
        "location_uncertainty_m": 50.0,
        "source_confidence": "high",
        "location_confidence": "APPROXIMATE",
        "historical_locality": "3.1KM WNW OF MOUNT PERRY",
        "modern_locality": "3.1KM WNW OF MOUNT PERRY",
        "year": null,
        "description": "MINE; ABANDONED MINE",
        "provenance": {
          "authority": "Queensland Government MINOCC",
          "publication": "Mining Resources register",
          "date": null,
          "page": null,
          "record_id": "545729",
          "url": "https://spatial-gis.information.qld.gov.au/arcgis/rest/services/GeoscientificInformation/MiningResources/MapServer",
          "extraction_method": "automated_inventory",
          "ocr_status": "not_required",
          "location_method": "BASED ON DEPARTMENTAL TENURE LOCATION SYSTEM"
        },
        "map_display": true,
        "public_display": true,
        "recovery": null,
        "related_record_ids": [
          "545729"
        ],
        "research_area": "many-peaks-boyne-valley",
        "limitations": "Government occurrence \u2014 not proof of remaining gold",
        "label": "Historical evidence"
      },
      "geometry": {
        "type": "Point",
        "coordinates": [
          151.6119083330755,
          -25.163883332678726
        ]
      }
    },
    {
      "type": "Feature",
      "properties": {
        "record_id": "minocc-gold-524726",
        "historical_event_id": "d5bde8dd030d71de",
        "name": "TRAMWAY GULLY",
        "evidence_type": "ALLUVIAL_WORKING",
        "commodity": "gold",
        "commodity_group": "gold",
        "spatial_precision": "APPROXIMATE_POINT",
        "location_uncertainty_m": 200.0,
        "source_confidence": "high",
        "location_confidence": "APPROXIMATE",
        "historical_locality": "6 KM S OF CLERMONT",
        "modern_locality": "6 KM S OF CLERMONT",
        "year": null,
        "description": "~350M LONG; ALLUVIAL WORKINGS; ABANDONED MINE",
        "provenance": {
          "authority": "Queensland Government MINOCC",
          "publication": "Mining Resources register",
          "date": null,
          "page": null,
          "record_id": "524726",
          "url": "https://spatial-gis.information.qld.gov.au/arcgis/rest/services/GeoscientificInformation/MiningResources/MapServer",
          "extraction_method": "automated_inventory",
          "ocr_status": "not_required",
          "location_method": "REPORT (PUBLISHED)"
        },
        "map_display": true,
        "public_display": true,
        "recovery": null,
        "related_record_ids": [
          "524726"
        ],
        "research_area": "clermont-blair-athol",
        "limitations": "Government occurrence \u2014 not proof of remaining gold",
        "label": "Historical evidence"
      },
      "geometry": {
        "type": "Point",
        "coordinates": [
          147.65839444435625,
          -22.884913221360424
        ]
      }
    },
    {
      "type": "Feature",
      "properties": {
        "record_id": "minocc-gold-488402",
        "historical_event_id": "20f7fbfd00162fa5",
        "name": "TRIDENT",
        "evidence_type": "ALLUVIAL_WORKING",
        "commodity": "gold",
        "commodity_group": "gold",
        "spatial_precision": "APPROXIMATE_POINT",
        "location_uncertainty_m": 50.0,
        "source_confidence": "high",
        "location_confidence": "APPROXIMATE",
        "historical_locality": "600 M ENE OF JUNC RASBERRY AND MONAL CREEKS",
        "modern_locality": "600 M ENE OF JUNC RASBERRY AND MONAL CREEKS",
        "year": null,
        "description": "60M LONG X 30M WIDE X >10M DEEP.; ALL WORKINGS ARE COLLAPSED.; MINE; ABANDONED MINE",
        "provenance": {
          "authority": "Queensland Government MINOCC",
          "publication": "Mining Resources register",
          "date": null,
          "page": null,
          "record_id": "488402",
          "url": "https://spatial-gis.information.qld.gov.au/arcgis/rest/services/GeoscientificInformation/MiningResources/MapServer",
          "extraction_method": "automated_inventory",
          "ocr_status": "not_required",
          "location_method": "GLOBAL POSITIONING SYSTEM"
        },
        "map_display": true,
        "public_display": true,
        "recovery": null,
        "related_record_ids": [
          "488402"
        ],
        "research_area": "calliope-gladstone",
        "limitations": "Government occurrence \u2014 not proof of remaining gold",
        "label": "Historical evidence"
      },
      "geometry": {
        "type": "Point",
        "coordinates": [
          151.1441465555839,
          -24.50141666596589
        ]
      }
    },
    {
      "type": "Feature",
      "properties": {
        "record_id": "minocc-gold-488379",
        "historical_event_id": "cf9370396bdab980",
        "name": "TRUE BLUE",
        "evidence_type": "ALLUVIAL_WORKING",
        "commodity": "gold",
        "commodity_group": "gold",
        "spatial_precision": "PRECISE_POINT",
        "location_uncertainty_m": 10.0,
        "source_confidence": "high",
        "location_confidence": "HIGH_CONFIDENCE",
        "historical_locality": "MAIN WORKINGS ON SOUTHERN FALL OF SPUR UP FROM BROAD CREEK. AND 2KM SSE OF JUNC OF MONAL AND BROAD CREEKS",
        "modern_locality": "MAIN WORKINGS ON SOUTHERN FALL OF SPUR UP FROM BROAD CREEK. AND 2KM SSE OF JUNC OF MONAL AND BROAD CREEKS",
        "year": null,
        "description": "130M LONG X 10M WIDE X ~20M DEEP.; MINE; ABANDONED MINE",
        "provenance": {
          "authority": "Queensland Government MINOCC",
          "publication": "Mining Resources register",
          "date": null,
          "page": null,
          "record_id": "488379",
          "url": "https://spatial-gis.information.qld.gov.au/arcgis/rest/services/GeoscientificInformation/MiningResources/MapServer",
          "extraction_method": "automated_inventory",
          "ocr_status": "not_required",
          "location_method": "GPS OBSERVATION (AMG-66)"
        },
        "map_display": true,
        "public_display": true,
        "recovery": null,
        "related_record_ids": [
          "488379"
        ],
        "research_area": "calliope-gladstone",
        "limitations": "Government occurrence \u2014 not proof of remaining gold",
        "label": "Historical evidence"
      },
      "geometry": {
        "type": "Point",
        "coordinates": [
          151.1192208884063,
          -24.58422155460062
        ]
      }
    },
    {
      "type": "Feature",
      "properties": {
        "record_id": "minocc-gold-455414",
        "historical_event_id": "21ec3ba957a0cc28",
        "name": "TRUE BLUE LEAD",
        "evidence_type": "ALLUVIAL_WORKING",
        "commodity": "gold",
        "commodity_group": "gold",
        "spatial_precision": "APPROXIMATE_POINT",
        "location_uncertainty_m": 100.0,
        "source_confidence": "high",
        "location_confidence": "APPROXIMATE",
        "historical_locality": "9 KM WNW OF CLERMONT",
        "modern_locality": "9 KM WNW OF CLERMONT",
        "year": null,
        "description": "MINE; ABANDONED MINE",
        "provenance": {
          "authority": "Queensland Government MINOCC",
          "publication": "Mining Resources register",
          "date": null,
          "page": null,
          "record_id": "455414",
          "url": "https://spatial-gis.information.qld.gov.au/arcgis/rest/services/GeoscientificInformation/MiningResources/MapServer",
          "extraction_method": "automated_inventory",
          "ocr_status": "not_required",
          "location_method": "GLOBAL POSITIONING SYSTEM"
        },
        "map_display": true,
        "public_display": true,
        "recovery": null,
        "related_record_ids": [
          "455414"
        ],
        "research_area": "clermont-blair-athol",
        "limitations": "Government occurrence \u2014 not proof of remaining gold",
        "label": "Historical evidence"
      },
      "geometry": {
        "type": "Point",
        "coordinates": [
          147.56488888862836,
          -22.771109776637655
        ]
      }
    },
    {
      "type": "Feature",
      "properties": {
        "record_id": "minocc-gold-40738",
        "historical_event_id": "392e9d7d454d42c4",
        "name": "TWELVE MILE DIGGINGS",
        "evidence_type": "ALLUVIAL_WORKING",
        "commodity": "gold",
        "commodity_group": "gold",
        "spatial_precision": "APPROXIMATE_POINT",
        "location_uncertainty_m": 200.0,
        "source_confidence": "high",
        "location_confidence": "APPROXIMATE",
        "historical_locality": "15 KM WSW OF CLERMONT",
        "modern_locality": "15 KM WSW OF CLERMONT",
        "year": null,
        "description": "NOT KNOWN; Not known. EXPLORATION LOCATED OLD SHALLOW ALLUVIAL WORKINGS TO THE WEST OF THE BASE AREA.; OUTCROP; MINERAL OCCURRENCE",
        "provenance": {
          "authority": "Queensland Government MINOCC",
          "publication": "Mining Resources register",
          "date": null,
          "page": null,
          "record_id": "40738",
          "url": "https://spatial-gis.information.qld.gov.au/arcgis/rest/services/GeoscientificInformation/MiningResources/MapServer",
          "extraction_method": "automated_inventory",
          "ocr_status": "not_required",
          "location_method": "BASED ON DEPARTMENTAL TENURE LOCATION SYSTEM"
        },
        "map_display": true,
        "public_display": true,
        "recovery": null,
        "related_record_ids": [
          "40738"
        ],
        "research_area": "clermont-blair-athol",
        "limitations": "Government occurrence \u2014 not proof of remaining gold",
        "label": "Historical evidence"
      },
      "geometry": {
        "type": "Point",
        "coordinates": [
          147.50026666709462,
          -22.88346599976791
        ]
      }
    },
    {
      "type": "Feature",
      "properties": {
        "record_id": "minocc-gold-524739",
        "historical_event_id": "4fdc88bd2be30c08",
        "name": "TWO MILE CREEK SURFACE LEAD",
        "evidence_type": "ALLUVIAL_WORKING",
        "commodity": "gold",
        "commodity_group": "gold",
        "spatial_precision": "APPROXIMATE_POINT",
        "location_uncertainty_m": 300.0,
        "source_confidence": "high",
        "location_confidence": "APPROXIMATE",
        "historical_locality": "3 KM NW OF CLERMONT",
        "modern_locality": "3 KM NW OF CLERMONT",
        "year": null,
        "description": "ALLUVIAL WORKINGS; ABANDONED MINE",
        "provenance": {
          "authority": "Queensland Government MINOCC",
          "publication": "Mining Resources register",
          "date": null,
          "page": null,
          "record_id": "524739",
          "url": "https://spatial-gis.information.qld.gov.au/arcgis/rest/services/GeoscientificInformation/MiningResources/MapServer",
          "extraction_method": "automated_inventory",
          "ocr_status": "not_required",
          "location_method": "REPORT (PUBLISHED)"
        },
        "map_display": true,
        "public_display": true,
        "recovery": null,
        "related_record_ids": [
          "524739"
        ],
        "research_area": "clermont-blair-athol",
        "limitations": "Government occurrence \u2014 not proof of remaining gold",
        "label": "Historical evidence"
      },
      "geometry": {
        "type": "Point",
        "coordinates": [
          147.59867988888539,
          -22.79582988778543
        ]
      }
    },
    {
      "type": "Feature",
      "properties": {
        "record_id": "minocc-gold-41527",
        "historical_event_id": "ddf158adf8c4836c",
        "name": "TWO MILE DIGGINGS",
        "evidence_type": "ALLUVIAL_WORKING",
        "commodity": "gold",
        "commodity_group": "gold",
        "spatial_precision": "APPROXIMATE_POINT",
        "location_uncertainty_m": 200.0,
        "source_confidence": "high",
        "location_confidence": "APPROXIMATE",
        "historical_locality": "40.1 KM E OF MONTEAGLE HST.",
        "modern_locality": "40.1 KM E OF MONTEAGLE HST.",
        "year": null,
        "description": "MINE; ABANDONED MINE",
        "provenance": {
          "authority": "Queensland Government MINOCC",
          "publication": "Mining Resources register",
          "date": null,
          "page": null,
          "record_id": "41527",
          "url": "https://spatial-gis.information.qld.gov.au/arcgis/rest/services/GeoscientificInformation/MiningResources/MapServer",
          "extraction_method": "automated_inventory",
          "ocr_status": "not_required",
          "location_method": "TOPOGRAPHIC MAP (SCALE UNSPECIFIED)"
        },
        "map_display": true,
        "public_display": true,
        "recovery": null,
        "related_record_ids": [
          "41527"
        ],
        "research_area": "clermont-blair-athol",
        "limitations": "Government occurrence \u2014 not proof of remaining gold",
        "label": "Historical evidence"
      },
      "geometry": {
        "type": "Point",
        "coordinates": [
          147.4916937775064,
          -22.66501111023219
        ]
      }
    },
    {
      "type": "Feature",
      "properties": {
        "record_id": "minocc-gold-486546",
        "historical_event_id": "e6d3a54c7f6e7e22",
        "name": "TWO MILE DIGGINGS",
        "evidence_type": "ALLUVIAL_WORKING",
        "commodity": "gold",
        "commodity_group": "gold",
        "spatial_precision": "APPROXIMATE_POINT",
        "location_uncertainty_m": 100.0,
        "source_confidence": "high",
        "location_confidence": "APPROXIMATE",
        "historical_locality": "5 KM SSW OF RAGLAN",
        "modern_locality": "5 KM SSW OF RAGLAN",
        "year": null,
        "description": "ALLUVIAL WORKINGS; ABANDONED MINE",
        "provenance": {
          "authority": "Queensland Government MINOCC",
          "publication": "Mining Resources register",
          "date": null,
          "page": null,
          "record_id": "486546",
          "url": "https://spatial-gis.information.qld.gov.au/arcgis/rest/services/GeoscientificInformation/MiningResources/MapServer",
          "extraction_method": "automated_inventory",
          "ocr_status": "not_required",
          "location_method": "TOPOGRAPHIC MAP (1:100 000 SCALE) (100M ACCURACY)"
        },
        "map_display": true,
        "public_display": true,
        "recovery": null,
        "related_record_ids": [
          "486546"
        ],
        "research_area": "mount-morgan-dee-river",
        "limitations": "Government occurrence \u2014 not proof of remaining gold",
        "label": "Historical evidence"
      },
      "geometry": {
        "type": "Point",
        "coordinates": [
          150.81372222202685,
          -23.762694443504454
        ]
      }
    },
    {
      "type": "Feature",
      "properties": {
        "record_id": "minocc-gold-487604",
        "historical_event_id": "5b95da12d788e391",
        "name": "UBOBO CREEK",
        "evidence_type": "ALLUVIAL_WORKING",
        "commodity": "gold",
        "commodity_group": "gold",
        "spatial_precision": "APPROXIMATE_POINT",
        "location_uncertainty_m": 200.0,
        "source_confidence": "high",
        "location_confidence": "APPROXIMATE",
        "historical_locality": "NEAR UBOBO CREEK HEADWATERS",
        "modern_locality": "NEAR UBOBO CREEK HEADWATERS",
        "year": null,
        "description": "80 DEEP; OUTCROP; ABANDONED MINE",
        "provenance": {
          "authority": "Queensland Government MINOCC",
          "publication": "Mining Resources register",
          "date": null,
          "page": null,
          "record_id": "487604",
          "url": "https://spatial-gis.information.qld.gov.au/arcgis/rest/services/GeoscientificInformation/MiningResources/MapServer",
          "extraction_method": "automated_inventory",
          "ocr_status": "not_required",
          "location_method": "TOPOGRAPHIC MAP (1:100 000 SCALE) (100M ACCURACY)"
        },
        "map_display": true,
        "public_display": true,
        "recovery": null,
        "related_record_ids": [
          "487604"
        ],
        "research_area": "calliope-gladstone",
        "limitations": "Government occurrence \u2014 not proof of remaining gold",
        "label": "Historical evidence"
      },
      "geometry": {
        "type": "Point",
        "coordinates": [
          151.35835555527504,
          -24.380284776979423
        ]
      }
    },
    {
      "type": "Feature",
      "properties": {
        "record_id": "minocc-gold-487509",
        "historical_event_id": "379f5f9412fe625f",
        "name": "UNION",
        "evidence_type": "ALLUVIAL_WORKING",
        "commodity": "gold",
        "commodity_group": "gold",
        "spatial_precision": "APPROXIMATE_POINT",
        "location_uncertainty_m": 100.0,
        "source_confidence": "high",
        "location_confidence": "APPROXIMATE",
        "historical_locality": "THREE MILE CREEK AREA, 3.1 KM NNE OF BOULDERCOMBE HOTEL",
        "modern_locality": "THREE MILE CREEK AREA, 3.1 KM NNE OF BOULDERCOMBE HOTEL",
        "year": null,
        "description": "150M LONG X 5M WIDE X >30M DEEP.; ALL DOZED & FILLED IN & TAILINGS SPREAD OUT.; MINE; ABANDONED MINE",
        "provenance": {
          "authority": "Queensland Government MINOCC",
          "publication": "Mining Resources register",
          "date": null,
          "page": null,
          "record_id": "487509",
          "url": "https://spatial-gis.information.qld.gov.au/arcgis/rest/services/GeoscientificInformation/MiningResources/MapServer",
          "extraction_method": "automated_inventory",
          "ocr_status": "not_required",
          "location_method": "GPS OBSERVATION (AMG-84)"
        },
        "map_display": true,
        "public_display": true,
        "recovery": null,
        "related_record_ids": [
          "487509"
        ],
        "research_area": "mount-morgan-dee-river",
        "limitations": "Government occurrence \u2014 not proof of remaining gold",
        "label": "Historical evidence"
      },
      "geometry": {
        "type": "Point",
        "coordinates": [
          150.4797014443222,
          -23.544649332647403
        ]
      }
    },
    {
      "type": "Feature",
      "properties": {
        "record_id": "minocc-gold-487821",
        "historical_event_id": "4915095ac42d60a8",
        "name": "UNITED RISE",
        "evidence_type": "ALLUVIAL_WORKING",
        "commodity": "gold",
        "commodity_group": "gold",
        "spatial_precision": "APPROXIMATE_POINT",
        "location_uncertainty_m": 50.0,
        "source_confidence": "high",
        "location_confidence": "APPROXIMATE",
        "historical_locality": "600 M NW OF JUNC RASBERRY AND MONAL CREEKS",
        "modern_locality": "600 M NW OF JUNC RASBERRY AND MONAL CREEKS",
        "year": null,
        "description": "150M LONG X 80M WIDE X >30M DEEP.; MAIN UNDERLIE OPENING IS OBSCURED BY LANTANA.; MINE; ABANDONED MINE",
        "provenance": {
          "authority": "Queensland Government MINOCC",
          "publication": "Mining Resources register",
          "date": null,
          "page": null,
          "record_id": "487821",
          "url": "https://spatial-gis.information.qld.gov.au/arcgis/rest/services/GeoscientificInformation/MiningResources/MapServer",
          "extraction_method": "automated_inventory",
          "ocr_status": "not_required",
          "location_method": "GLOBAL POSITIONING SYSTEM"
        },
        "map_display": true,
        "public_display": true,
        "recovery": null,
        "related_record_ids": [
          "487821"
        ],
        "research_area": "calliope-gladstone",
        "limitations": "Government occurrence \u2014 not proof of remaining gold",
        "label": "Historical evidence"
      },
      "geometry": {
        "type": "Point",
        "coordinates": [
          151.14271044410543,
          -24.498327110124556
        ]
      }
    },
    {
      "type": "Feature",
      "properties": {
        "record_id": "minocc-gold-541927",
        "historical_event_id": "36ba161e5ab48a84",
        "name": "UNNAMED 006345",
        "evidence_type": "ALLUVIAL_WORKING",
        "commodity": "gold",
        "commodity_group": "gold",
        "spatial_precision": "PRECISE_POINT",
        "location_uncertainty_m": 10.0,
        "source_confidence": "high",
        "location_confidence": "HIGH_CONFIDENCE",
        "historical_locality": "AT HEAD OF GULLY UP ALONG FENCELINE, 22.7KM NW OF RIDGELANDS",
        "modern_locality": "AT HEAD OF GULLY UP ALONG FENCELINE, 22.7KM NW OF RIDGELANDS",
        "year": null,
        "description": "14M LONG X 2M WIDE X 1M DEEP; MINE; MINERAL OCCURRENCE",
        "provenance": {
          "authority": "Queensland Government MINOCC",
          "publication": "Mining Resources register",
          "date": null,
          "page": null,
          "record_id": "541927",
          "url": "https://spatial-gis.information.qld.gov.au/arcgis/rest/services/GeoscientificInformation/MiningResources/MapServer",
          "extraction_method": "automated_inventory",
          "ocr_status": "not_required",
          "location_method": "GPS OBSERVATION (AMG-66)"
        },
        "map_display": true,
        "public_display": true,
        "recovery": null,
        "related_record_ids": [
          "541927"
        ],
        "research_area": "mount-morgan-dee-river",
        "limitations": "Government occurrence \u2014 not proof of remaining gold",
        "label": "Historical evidence"
      },
      "geometry": {
        "type": "Point",
        "coordinates": [
          150.07715699980238,
          -23.16891533272492
        ]
      }
    },
    {
      "type": "Feature",
      "properties": {
        "record_id": "minocc-gold-488918",
        "historical_event_id": "cc3e174b384c076b",
        "name": "UNNAMED 038326",
        "evidence_type": "ALLUVIAL_WORKING",
        "commodity": "gold",
        "commodity_group": "gold",
        "spatial_precision": "APPROXIMATE_POINT",
        "location_uncertainty_m": 50.0,
        "source_confidence": "high",
        "location_confidence": "APPROXIMATE",
        "historical_locality": "ON A RIDGE AT THE HEAD OF THE GULLY ABOVE THE MAIN MT CASSIDY WORKINGS.",
        "modern_locality": "ON A RIDGE AT THE HEAD OF THE GULLY ABOVE THE MAIN MT CASSIDY WORKINGS.",
        "year": null,
        "description": "18M LONG X 3M WIDE X >5M DEEP.; MINE; ABANDONED MINE",
        "provenance": {
          "authority": "Queensland Government MINOCC",
          "publication": "Mining Resources register",
          "date": null,
          "page": null,
          "record_id": "488918",
          "url": "https://spatial-gis.information.qld.gov.au/arcgis/rest/services/GeoscientificInformation/MiningResources/MapServer",
          "extraction_method": "automated_inventory",
          "ocr_status": "not_required",
          "location_method": "GPS OBSERVATION (AMG-84)"
        },
        "map_display": true,
        "public_display": true,
        "recovery": null,
        "related_record_ids": [
          "488918"
        ],
        "research_area": "mount-morgan-dee-river",
        "limitations": "Government occurrence \u2014 not proof of remaining gold",
        "label": "Historical evidence"
      },
      "geometry": {
        "type": "Point",
        "coordinates": [
          149.9693514448906,
          -23.18531599910967
        ]
      }
    },
    {
      "type": "Feature",
      "properties": {
        "record_id": "minocc-gold-488383",
        "historical_event_id": "54af4ed2b5a84d31",
        "name": "UNNAMED 067778",
        "evidence_type": "ALLUVIAL_WORKING",
        "commodity": "gold",
        "commodity_group": "gold",
        "spatial_precision": "APPROXIMATE_POINT",
        "location_uncertainty_m": 50.0,
        "source_confidence": "high",
        "location_confidence": "APPROXIMATE",
        "historical_locality": "4 KM SW OF JUNC OF BROAD AND MONAL CREEKS",
        "modern_locality": "4 KM SW OF JUNC OF BROAD AND MONAL CREEKS",
        "year": null,
        "description": "2M LONG X 2M WIDE X 1M DEEP.; PITS; MINERAL OCCURRENCE",
        "provenance": {
          "authority": "Queensland Government MINOCC",
          "publication": "Mining Resources register",
          "date": null,
          "page": null,
          "record_id": "488383",
          "url": "https://spatial-gis.information.qld.gov.au/arcgis/rest/services/GeoscientificInformation/MiningResources/MapServer",
          "extraction_method": "automated_inventory",
          "ocr_status": "not_required",
          "location_method": "GLOBAL POSITIONING SYSTEM"
        },
        "map_display": true,
        "public_display": true,
        "recovery": null,
        "related_record_ids": [
          "488383"
        ],
        "research_area": "calliope-gladstone",
        "limitations": "Government occurrence \u2014 not proof of remaining gold",
        "label": "Historical evidence"
      },
      "geometry": {
        "type": "Point",
        "coordinates": [
          151.09154099954387,
          -24.600161110036066
        ]
      }
    },
    {
      "type": "Feature",
      "properties": {
        "record_id": "minocc-gold-488384",
        "historical_event_id": "006b7751b4007cce",
        "name": "UNNAMED 067779",
        "evidence_type": "ALLUVIAL_WORKING",
        "commodity": "gold",
        "commodity_group": "gold",
        "spatial_precision": "APPROXIMATE_POINT",
        "location_uncertainty_m": 50.0,
        "source_confidence": "high",
        "location_confidence": "APPROXIMATE",
        "historical_locality": "3.9 KM SSW OF JUNC MONAL AND BROAD CREEKS",
        "modern_locality": "3.9 KM SSW OF JUNC MONAL AND BROAD CREEKS",
        "year": null,
        "description": "2M LONG X 1M WIDE X >2M DEEP.; MINE; ABANDONED MINE",
        "provenance": {
          "authority": "Queensland Government MINOCC",
          "publication": "Mining Resources register",
          "date": null,
          "page": null,
          "record_id": "488384",
          "url": "https://spatial-gis.information.qld.gov.au/arcgis/rest/services/GeoscientificInformation/MiningResources/MapServer",
          "extraction_method": "automated_inventory",
          "ocr_status": "not_required",
          "location_method": "GLOBAL POSITIONING SYSTEM"
        },
        "map_display": true,
        "public_display": true,
        "recovery": null,
        "related_record_ids": [
          "488384"
        ],
        "research_area": "calliope-gladstone",
        "limitations": "Government occurrence \u2014 not proof of remaining gold",
        "label": "Historical evidence"
      },
      "geometry": {
        "type": "Point",
        "coordinates": [
          151.0922521114722,
          -24.598904887980424
        ]
      }
    },
    {
      "type": "Feature",
      "properties": {
        "record_id": "minocc-gold-488236",
        "historical_event_id": "b7267016cff7079e",
        "name": "UNNAMED 075778",
        "evidence_type": "ALLUVIAL_WORKING",
        "commodity": "gold",
        "commodity_group": "gold",
        "spatial_precision": "APPROXIMATE_POINT",
        "location_uncertainty_m": 100.0,
        "source_confidence": "high",
        "location_confidence": "APPROXIMATE",
        "historical_locality": "3.7 KM SSW OF JUNC OF MONAL AND BROAD CREEKS",
        "modern_locality": "3.7 KM SSW OF JUNC OF MONAL AND BROAD CREEKS",
        "year": null,
        "description": "QUARRY; MINERAL OCCURRENCE",
        "provenance": {
          "authority": "Queensland Government MINOCC",
          "publication": "Mining Resources register",
          "date": null,
          "page": null,
          "record_id": "488236",
          "url": "https://spatial-gis.information.qld.gov.au/arcgis/rest/services/GeoscientificInformation/MiningResources/MapServer",
          "extraction_method": "automated_inventory",
          "ocr_status": "not_required",
          "location_method": "GPS OBSERVATION (AMG-66)"
        },
        "map_display": true,
        "public_display": true,
        "recovery": null,
        "related_record_ids": [
          "488236"
        ],
        "research_area": "calliope-gladstone",
        "limitations": "Government occurrence \u2014 not proof of remaining gold",
        "label": "Historical evidence"
      },
      "geometry": {
        "type": "Point",
        "coordinates": [
          151.0981854443257,
          -24.60151666640925
        ]
      }
    },
    {
      "type": "Feature",
      "properties": {
        "record_id": "minocc-gold-486422",
        "historical_event_id": "f7a2f5e4395cfc3f",
        "name": "UNNAMED 088679",
        "evidence_type": "ALLUVIAL_WORKING",
        "commodity": "gold",
        "commodity_group": "gold",
        "spatial_precision": "APPROXIMATE_POINT",
        "location_uncertainty_m": 50.0,
        "source_confidence": "high",
        "location_confidence": "APPROXIMATE",
        "historical_locality": "TARGINNIE AREA, 7 KM N OF YARWUN",
        "modern_locality": "TARGINNIE AREA, 7 KM N OF YARWUN",
        "year": null,
        "description": "10M LONG X 5M WIDE X >0.5M LONG; ALLUVIAL WORKINGS; MINERAL OCCURRENCE",
        "provenance": {
          "authority": "Queensland Government MINOCC",
          "publication": "Mining Resources register",
          "date": null,
          "page": null,
          "record_id": "486422",
          "url": "https://spatial-gis.information.qld.gov.au/arcgis/rest/services/GeoscientificInformation/MiningResources/MapServer",
          "extraction_method": "automated_inventory",
          "ocr_status": "not_required",
          "location_method": "GPS OBSERVATION (AMG-84)"
        },
        "map_display": true,
        "public_display": true,
        "recovery": null,
        "related_record_ids": [
          "486422"
        ],
        "research_area": "calliope-gladstone",
        "limitations": "Government occurrence \u2014 not proof of remaining gold",
        "label": "Historical evidence"
      },
      "geometry": {
        "type": "Point",
        "coordinates": [
          151.12411811099906,
          -23.787085443706843
        ]
      }
    },
    {
      "type": "Feature",
      "properties": {
        "record_id": "minocc-gold-489681",
        "historical_event_id": "5986ff91ea8d2be8",
        "name": "UNNAMED 091004",
        "evidence_type": "ALLUVIAL_WORKING",
        "commodity": "gold",
        "commodity_group": "gold",
        "spatial_precision": "APPROXIMATE_POINT",
        "location_uncertainty_m": 100.0,
        "source_confidence": "high",
        "location_confidence": "APPROXIMATE",
        "historical_locality": "AT THE HEAD OF A SIDE GULLY OFF GOLDEN SPUR CREEK.",
        "modern_locality": "AT THE HEAD OF A SIDE GULLY OFF GOLDEN SPUR CREEK.",
        "year": null,
        "description": "WORKINGS ON A EAST SOUTHEAST TRENDING SPUR, COLLAPSED IN, ONLY MULLOCK REMAINS.; MINE; ABANDONED MINE",
        "provenance": {
          "authority": "Queensland Government MINOCC",
          "publication": "Mining Resources register",
          "date": null,
          "page": null,
          "record_id": "489681",
          "url": "https://spatial-gis.information.qld.gov.au/arcgis/rest/services/GeoscientificInformation/MiningResources/MapServer",
          "extraction_method": "automated_inventory",
          "ocr_status": "not_required",
          "location_method": "TOPOGRAPHIC MAP (1:100 000 SCALE) (100M ACCURACY)"
        },
        "map_display": true,
        "public_display": true,
        "recovery": null,
        "related_record_ids": [
          "489681"
        ],
        "research_area": "mount-morgan-dee-river",
        "limitations": "Government occurrence \u2014 not proof of remaining gold",
        "label": "Historical evidence"
      },
      "geometry": {
        "type": "Point",
        "coordinates": [
          150.15363611090257,
          -23.478912554375547
        ]
      }
    },
    {
      "type": "Feature",
      "properties": {
        "record_id": "minocc-gold-488370",
        "historical_event_id": "8d9c7730adc747bd",
        "name": "UNNAMED 099855",
        "evidence_type": "ALLUVIAL_WORKING",
        "commodity": "gold",
        "commodity_group": "gold",
        "spatial_precision": "APPROXIMATE_POINT",
        "location_uncertainty_m": 200.0,
        "source_confidence": "high",
        "location_confidence": "APPROXIMATE",
        "historical_locality": "ON BLUFF ON CREEK SOUTHERN BANK WILD BULL CREEK, 2.2 KM NE OF JUNC WITH MONAL CREEK.",
        "modern_locality": "ON BLUFF ON CREEK SOUTHERN BANK WILD BULL CREEK, 2.2 KM NE OF JUNC WITH MONAL CREEK.",
        "year": null,
        "description": "30M LONG; BLUFF; MINERAL OCCURRENCE",
        "provenance": {
          "authority": "Queensland Government MINOCC",
          "publication": "Mining Resources register",
          "date": null,
          "page": null,
          "record_id": "488370",
          "url": "https://spatial-gis.information.qld.gov.au/arcgis/rest/services/GeoscientificInformation/MiningResources/MapServer",
          "extraction_method": "automated_inventory",
          "ocr_status": "not_required",
          "location_method": "TOPOGRAPHIC MAP (SCALE UNSPECIFIED)"
        },
        "map_display": true,
        "public_display": true,
        "recovery": null,
        "related_record_ids": [
          "488370"
        ],
        "research_area": "calliope-gladstone",
        "limitations": "Government occurrence \u2014 not proof of remaining gold",
        "label": "Historical evidence"
      },
      "geometry": {
        "type": "Point",
        "coordinates": [
          151.12456811098752,
          -24.530784777542323
        ]
      }
    },
    {
      "type": "Feature",
      "properties": {
        "record_id": "minocc-gold-488365",
        "historical_event_id": "049545a0a0d6d299",
        "name": "UNNAMED 106875",
        "evidence_type": "ALLUVIAL_WORKING",
        "commodity": "gold",
        "commodity_group": "gold",
        "spatial_precision": "APPROXIMATE_POINT",
        "location_uncertainty_m": 100.0,
        "source_confidence": "high",
        "location_confidence": "APPROXIMATE",
        "historical_locality": "HEAD OF STREETERS GULLY, 1.3 KM SSW OF JUNC RASBERRY AND MONAL CREEKS.",
        "modern_locality": "HEAD OF STREETERS GULLY, 1.3 KM SSW OF JUNC RASBERRY AND MONAL CREEKS.",
        "year": null,
        "description": "2M LONG X 1M WIDE X <0.5M DEEP; PITS; MINERAL OCCURRENCE",
        "provenance": {
          "authority": "Queensland Government MINOCC",
          "publication": "Mining Resources register",
          "date": null,
          "page": null,
          "record_id": "488365",
          "url": "https://spatial-gis.information.qld.gov.au/arcgis/rest/services/GeoscientificInformation/MiningResources/MapServer",
          "extraction_method": "automated_inventory",
          "ocr_status": "not_required",
          "location_method": "GPS OBSERVATION (AMG-66)"
        },
        "map_display": true,
        "public_display": true,
        "recovery": null,
        "related_record_ids": [
          "488365"
        ],
        "research_area": "calliope-gladstone",
        "limitations": "Government occurrence \u2014 not proof of remaining gold",
        "label": "Historical evidence"
      },
      "geometry": {
        "type": "Point",
        "coordinates": [
          151.1318903336752,
          -24.512694444011135
        ]
      }
    },
    {
      "type": "Feature",
      "properties": {
        "record_id": "minocc-gold-488387",
        "historical_event_id": "87b0521d3c60e3e7",
        "name": "UNNAMED 114891",
        "evidence_type": "ALLUVIAL_WORKING",
        "commodity": "gold",
        "commodity_group": "gold",
        "spatial_precision": "APPROXIMATE_POINT",
        "location_uncertainty_m": 50.0,
        "source_confidence": "high",
        "location_confidence": "APPROXIMATE",
        "historical_locality": "500 M NE OF JUNC RASBERRY AND MONAL CREEKS",
        "modern_locality": "500 M NE OF JUNC RASBERRY AND MONAL CREEKS",
        "year": null,
        "description": "50 M LONG X 30M WIDE X >10M DEEP.; ADIT PORTAL COLLAPSED & STOPE EXPOSED.; MINE; ABANDONED MINE",
        "provenance": {
          "authority": "Queensland Government MINOCC",
          "publication": "Mining Resources register",
          "date": null,
          "page": null,
          "record_id": "488387",
          "url": "https://spatial-gis.information.qld.gov.au/arcgis/rest/services/GeoscientificInformation/MiningResources/MapServer",
          "extraction_method": "automated_inventory",
          "ocr_status": "not_required",
          "location_method": "GLOBAL POSITIONING SYSTEM"
        },
        "map_display": true,
        "public_display": true,
        "recovery": null,
        "related_record_ids": [
          "488387"
        ],
        "research_area": "calliope-gladstone",
        "limitations": "Government occurrence \u2014 not proof of remaining gold",
        "label": "Historical evidence"
      },
      "geometry": {
        "type": "Point",
        "coordinates": [
          151.1398437778807,
          -24.4987437773873
        ]
      }
    },
    {
      "type": "Feature",
      "properties": {
        "record_id": "minocc-gold-488399",
        "historical_event_id": "a700750ab094eb78",
        "name": "UNNAMED 115889",
        "evidence_type": "ALLUVIAL_WORKING",
        "commodity": "gold",
        "commodity_group": "gold",
        "spatial_precision": "APPROXIMATE_POINT",
        "location_uncertainty_m": 50.0,
        "source_confidence": "high",
        "location_confidence": "APPROXIMATE",
        "historical_locality": "800 M ENE OF JUNC MONAL AND RASBERRY CREEKS",
        "modern_locality": "800 M ENE OF JUNC MONAL AND RASBERRY CREEKS",
        "year": null,
        "description": "100M LONG X 50M WIDE X >5M DEEP.; ALL WORKINGS COLLAPSED.; MINE; ABANDONED MINE",
        "provenance": {
          "authority": "Queensland Government MINOCC",
          "publication": "Mining Resources register",
          "date": null,
          "page": null,
          "record_id": "488399",
          "url": "https://spatial-gis.information.qld.gov.au/arcgis/rest/services/GeoscientificInformation/MiningResources/MapServer",
          "extraction_method": "automated_inventory",
          "ocr_status": "not_required",
          "location_method": "GPS OBSERVATION (AMG-84)"
        },
        "map_display": true,
        "public_display": true,
        "recovery": null,
        "related_record_ids": [
          "488399"
        ],
        "research_area": "calliope-gladstone",
        "limitations": "Government occurrence \u2014 not proof of remaining gold",
        "label": "Historical evidence"
      },
      "geometry": {
        "type": "Point",
        "coordinates": [
          151.14109377824096,
          -24.500927777253352
        ]
      }
    },
    {
      "type": "Feature",
      "properties": {
        "record_id": "minocc-gold-488388",
        "historical_event_id": "19e9643576fcaa30",
        "name": "UNNAMED 119891",
        "evidence_type": "ALLUVIAL_WORKING",
        "commodity": "gold",
        "commodity_group": "gold",
        "spatial_precision": "APPROXIMATE_POINT",
        "location_uncertainty_m": 50.0,
        "source_confidence": "high",
        "location_confidence": "APPROXIMATE",
        "historical_locality": "UP SLOPE TO NE OF UNITED RISE. WHIP SHAFT/PC SHAFT. HALF WAY BETWEEN UNITED RISE & LADY GRIFFITHS REEF AND 600 M NE OF JUNC RASBERRY AND MONAL CREEKS.",
        "modern_locality": "UP SLOPE TO NE OF UNITED RISE. WHIP SHAFT/PC SHAFT. HALF WAY BETWEEN UNITED RISE & LADY GRIFFITHS REEF AND 600 M NE OF JUNC RASBERRY AND MONAL CREEKS.",
        "year": null,
        "description": "20M LONG X 10M WIDE X >8M DEEP.; ALL VERY OVERGROWN WITH GRASS & LANTANA.; MINE; ABANDONED MINE",
        "provenance": {
          "authority": "Queensland Government MINOCC",
          "publication": "Mining Resources register",
          "date": null,
          "page": null,
          "record_id": "488388",
          "url": "https://spatial-gis.information.qld.gov.au/arcgis/rest/services/GeoscientificInformation/MiningResources/MapServer",
          "extraction_method": "automated_inventory",
          "ocr_status": "not_required",
          "location_method": "GLOBAL POSITIONING SYSTEM"
        },
        "map_display": true,
        "public_display": true,
        "recovery": null,
        "related_record_ids": [
          "488388"
        ],
        "research_area": "calliope-gladstone",
        "limitations": "Government occurrence \u2014 not proof of remaining gold",
        "label": "Historical evidence"
      },
      "geometry": {
        "type": "Point",
        "coordinates": [
          151.14428822227686,
          -24.498527109976422
        ]
      }
    },
    {
      "type": "Feature",
      "properties": {
        "record_id": "minocc-gold-487837",
        "historical_event_id": "f87cb670eb07b6eb",
        "name": "UNNAMED 137912",
        "evidence_type": "ALLUVIAL_WORKING",
        "commodity": "gold",
        "commodity_group": "gold",
        "spatial_precision": "APPROXIMATE_POINT",
        "location_uncertainty_m": 100.0,
        "source_confidence": "high",
        "location_confidence": "APPROXIMATE",
        "historical_locality": "3 KM NW OF JUNC CROOKED AND MONAL CREEKS",
        "modern_locality": "3 KM NW OF JUNC CROOKED AND MONAL CREEKS",
        "year": null,
        "description": "30M LONG X 5M WIDE X >30M DEEP.; MINE; ABANDONED MINE",
        "provenance": {
          "authority": "Queensland Government MINOCC",
          "publication": "Mining Resources register",
          "date": null,
          "page": null,
          "record_id": "487837",
          "url": "https://spatial-gis.information.qld.gov.au/arcgis/rest/services/GeoscientificInformation/MiningResources/MapServer",
          "extraction_method": "automated_inventory",
          "ocr_status": "not_required",
          "location_method": "GPS OBSERVATION (AMG-66)"
        },
        "map_display": true,
        "public_display": true,
        "recovery": null,
        "related_record_ids": [
          "487837"
        ],
        "research_area": "calliope-gladstone",
        "limitations": "Government occurrence \u2014 not proof of remaining gold",
        "label": "Historical evidence"
      },
      "geometry": {
        "type": "Point",
        "coordinates": [
          151.16300000003824,
          -24.480437554386658
        ]
      }
    },
    {
      "type": "Feature",
      "properties": {
        "record_id": "minocc-gold-487600",
        "historical_event_id": "c25e5a028bd12dbb",
        "name": "UNNAMED 210375",
        "evidence_type": "ALLUVIAL_WORKING",
        "commodity": "gold",
        "commodity_group": "gold",
        "spatial_precision": "APPROXIMATE_POINT",
        "location_uncertainty_m": 50.0,
        "source_confidence": "high",
        "location_confidence": "APPROXIMATE",
        "historical_locality": "CALLIOPE GOLD FIELD. ON WATERSHED BETWEEN NEW ZEALAND GULLY & NUGGETY CREEK.",
        "modern_locality": "CALLIOPE GOLD FIELD. ON WATERSHED BETWEEN NEW ZEALAND GULLY & NUGGETY CREEK.",
        "year": null,
        "description": "MINE; ABANDONED MINE",
        "provenance": {
          "authority": "Queensland Government MINOCC",
          "publication": "Mining Resources register",
          "date": null,
          "page": null,
          "record_id": "487600",
          "url": "https://spatial-gis.information.qld.gov.au/arcgis/rest/services/GeoscientificInformation/MiningResources/MapServer",
          "extraction_method": "automated_inventory",
          "ocr_status": "not_required",
          "location_method": "GPS OBSERVATION (AMG-66)"
        },
        "map_display": true,
        "public_display": true,
        "recovery": null,
        "related_record_ids": [
          "487600"
        ],
        "research_area": "calliope-gladstone",
        "limitations": "Government occurrence \u2014 not proof of remaining gold",
        "label": "Historical evidence"
      },
      "geometry": {
        "type": "Point",
        "coordinates": [
          151.24027988906747,
          -24.0633972216237
        ]
      }
    },
    {
      "type": "Feature",
      "properties": {
        "record_id": "minocc-gold-487640",
        "historical_event_id": "13b5d7c03036ff62",
        "name": "UNNAMED 259418",
        "evidence_type": "ALLUVIAL_WORKING",
        "commodity": "gold",
        "commodity_group": "gold",
        "spatial_precision": "APPROXIMATE_POINT",
        "location_uncertainty_m": 50.0,
        "source_confidence": "high",
        "location_confidence": "APPROXIMATE",
        "historical_locality": "NEAR POWER LINE TOWER AT HEAD OF BLACKFELLOW GULLY, 9.5 KM ESE OF CALLIOPE",
        "modern_locality": "NEAR POWER LINE TOWER AT HEAD OF BLACKFELLOW GULLY, 9.5 KM ESE OF CALLIOPE",
        "year": null,
        "description": "MINE; ABANDONED MINE",
        "provenance": {
          "authority": "Queensland Government MINOCC",
          "publication": "Mining Resources register",
          "date": null,
          "page": null,
          "record_id": "487640",
          "url": "https://spatial-gis.information.qld.gov.au/arcgis/rest/services/GeoscientificInformation/MiningResources/MapServer",
          "extraction_method": "automated_inventory",
          "ocr_status": "not_required",
          "location_method": "GLOBAL POSITIONING SYSTEM"
        },
        "map_display": true,
        "public_display": true,
        "recovery": null,
        "related_record_ids": [
          "487640"
        ],
        "research_area": "calliope-gladstone",
        "limitations": "Government occurrence \u2014 not proof of remaining gold",
        "label": "Historical evidence"
      },
      "geometry": {
        "type": "Point",
        "coordinates": [
          151.28937155531344,
          -24.024676443361994
        ]
      }
    },
    {
      "type": "Feature",
      "properties": {
        "record_id": "minocc-gold-487639",
        "historical_event_id": "91c24a93b4c238e7",
        "name": "UNNAMED 260420",
        "evidence_type": "ALLUVIAL_WORKING",
        "commodity": "gold",
        "commodity_group": "gold",
        "spatial_precision": "APPROXIMATE_POINT",
        "location_uncertainty_m": 50.0,
        "source_confidence": "high",
        "location_confidence": "APPROXIMATE",
        "historical_locality": "NORTH OF TRANSMISSION LINE AT HEAD OF BLACKFELLOW GULLY,9.5 KM ESE OF CALLIOPE",
        "modern_locality": "NORTH OF TRANSMISSION LINE AT HEAD OF BLACKFELLOW GULLY,9.5 KM ESE OF CALLIOPE",
        "year": null,
        "description": ">10M DEEP; MINE; ABANDONED MINE",
        "provenance": {
          "authority": "Queensland Government MINOCC",
          "publication": "Mining Resources register",
          "date": null,
          "page": null,
          "record_id": "487639",
          "url": "https://spatial-gis.information.qld.gov.au/arcgis/rest/services/GeoscientificInformation/MiningResources/MapServer",
          "extraction_method": "automated_inventory",
          "ocr_status": "not_required",
          "location_method": "GLOBAL POSITIONING SYSTEM"
        },
        "map_display": true,
        "public_display": true,
        "recovery": null,
        "related_record_ids": [
          "487639"
        ],
        "research_area": "calliope-gladstone",
        "limitations": "Government occurrence \u2014 not proof of remaining gold",
        "label": "Historical evidence"
      },
      "geometry": {
        "type": "Point",
        "coordinates": [
          151.28978266619205,
          -24.02323755533546
        ]
      }
    },
    {
      "type": "Feature",
      "properties": {
        "record_id": "minocc-gold-487631",
        "historical_event_id": "247d42cba10278e0",
        "name": "UNNAMED 260421",
        "evidence_type": "ALLUVIAL_WORKING",
        "commodity": "gold",
        "commodity_group": "gold",
        "spatial_precision": "APPROXIMATE_POINT",
        "location_uncertainty_m": 50.0,
        "source_confidence": "high",
        "location_confidence": "APPROXIMATE",
        "historical_locality": "ON LOW SLOPE BETWEEN 2 GULLIES FLOWING SOUTHWARDS INTO BLACKFELLOW GULLY, 9.5 KM ESE OF CALLIOPE.",
        "modern_locality": "ON LOW SLOPE BETWEEN 2 GULLIES FLOWING SOUTHWARDS INTO BLACKFELLOW GULLY, 9.5 KM ESE OF CALLIOPE.",
        "year": null,
        "description": "80M LONG X 10M WIDE X >20M DEEP.; MINE; ABANDONED MINE",
        "provenance": {
          "authority": "Queensland Government MINOCC",
          "publication": "Mining Resources register",
          "date": null,
          "page": null,
          "record_id": "487631",
          "url": "https://spatial-gis.information.qld.gov.au/arcgis/rest/services/GeoscientificInformation/MiningResources/MapServer",
          "extraction_method": "automated_inventory",
          "ocr_status": "not_required",
          "location_method": "GLOBAL POSITIONING SYSTEM"
        },
        "map_display": true,
        "public_display": true,
        "recovery": null,
        "related_record_ids": [
          "487631"
        ],
        "research_area": "calliope-gladstone",
        "limitations": "Government occurrence \u2014 not proof of remaining gold",
        "label": "Historical evidence"
      },
      "geometry": {
        "type": "Point",
        "coordinates": [
          151.29058266715663,
          -24.022251443268893
        ]
      }
    },
    {
      "type": "Feature",
      "properties": {
        "record_id": "minocc-gold-487576",
        "historical_event_id": "c7aeea8cb1f82be8",
        "name": "UNNAMED 293808",
        "evidence_type": "ALLUVIAL_WORKING",
        "commodity": "gold",
        "commodity_group": "gold",
        "spatial_precision": "APPROXIMATE_POINT",
        "location_uncertainty_m": 50.0,
        "source_confidence": "high",
        "location_confidence": "APPROXIMATE",
        "historical_locality": "HEAD OF GULLY WESTERN SIDE OF MT VICTORIA, 4.4 KM SW OF MOUNT MORGAN P.O.",
        "modern_locality": "HEAD OF GULLY WESTERN SIDE OF MT VICTORIA, 4.4 KM SW OF MOUNT MORGAN P.O.",
        "year": null,
        "description": "50M LONG X 20M WIDE X >3M DEEP.; MINE; ABANDONED MINE",
        "provenance": {
          "authority": "Queensland Government MINOCC",
          "publication": "Mining Resources register",
          "date": null,
          "page": null,
          "record_id": "487576",
          "url": "https://spatial-gis.information.qld.gov.au/arcgis/rest/services/GeoscientificInformation/MiningResources/MapServer",
          "extraction_method": "automated_inventory",
          "ocr_status": "not_required",
          "location_method": "GPS OBSERVATION (AMG-84)"
        },
        "map_display": true,
        "public_display": true,
        "recovery": null,
        "related_record_ids": [
          "487576"
        ],
        "research_area": "mount-morgan-dee-river",
        "limitations": "Government occurrence \u2014 not proof of remaining gold",
        "label": "Historical evidence"
      },
      "geometry": {
        "type": "Point",
        "coordinates": [
          150.3469771114159,
          -23.659419443630565
        ]
      }
    },
    {
      "type": "Feature",
      "properties": {
        "record_id": "minocc-gold-487803",
        "historical_event_id": "4173b78f48fa915e",
        "name": "UNNAMED 318912",
        "evidence_type": "ALLUVIAL_WORKING",
        "commodity": "gold",
        "commodity_group": "gold",
        "spatial_precision": "PRECISE_POINT",
        "location_uncertainty_m": 10.0,
        "source_confidence": "high",
        "location_confidence": "HIGH_CONFIDENCE",
        "historical_locality": "CLOSE TO SOUTH WESTERN BANK OF SUGAR BAG CREEK, 3 KM SW OF LITTLEMORE",
        "modern_locality": "CLOSE TO SOUTH WESTERN BANK OF SUGAR BAG CREEK, 3 KM SW OF LITTLEMORE",
        "year": null,
        "description": "30M LONG X 5M WIDE X 15M DEEP,; MINE; ABANDONED MINE",
        "provenance": {
          "authority": "Queensland Government MINOCC",
          "publication": "Mining Resources register",
          "date": null,
          "page": null,
          "record_id": "487803",
          "url": "https://spatial-gis.information.qld.gov.au/arcgis/rest/services/GeoscientificInformation/MiningResources/MapServer",
          "extraction_method": "automated_inventory",
          "ocr_status": "not_required",
          "location_method": "GPS OBSERVATION (AMG-66)"
        },
        "map_display": true,
        "public_display": true,
        "recovery": null,
        "related_record_ids": [
          "487803"
        ],
        "research_area": "calliope-gladstone",
        "limitations": "Government occurrence \u2014 not proof of remaining gold",
        "label": "Historical evidence"
      },
      "geometry": {
        "type": "Point",
        "coordinates": [
          151.34164100010477,
          -24.482315332707117
        ]
      }
    },
    {
      "type": "Feature",
      "properties": {
        "record_id": "minocc-gold-487529",
        "historical_event_id": "c3e4ac3540465cd0",
        "name": "UNNAMED 392733",
        "evidence_type": "ALLUVIAL_WORKING",
        "commodity": "gold",
        "commodity_group": "gold",
        "spatial_precision": "APPROXIMATE_POINT",
        "location_uncertainty_m": 100.0,
        "source_confidence": "high",
        "location_confidence": "APPROXIMATE",
        "historical_locality": "BULL CREEK, 11 KM SE OF MOUNT MORGAN P.O.",
        "modern_locality": "BULL CREEK, 11 KM SE OF MOUNT MORGAN P.O.",
        "year": null,
        "description": "MINE; ABANDONED MINE",
        "provenance": {
          "authority": "Queensland Government MINOCC",
          "publication": "Mining Resources register",
          "date": null,
          "page": null,
          "record_id": "487529",
          "url": "https://spatial-gis.information.qld.gov.au/arcgis/rest/services/GeoscientificInformation/MiningResources/MapServer",
          "extraction_method": "automated_inventory",
          "ocr_status": "not_required",
          "location_method": "GPS OBSERVATION (AMG-84)"
        },
        "map_display": true,
        "public_display": true,
        "recovery": null,
        "related_record_ids": [
          "487529"
        ],
        "research_area": "mount-morgan-dee-river",
        "limitations": "Government occurrence \u2014 not proof of remaining gold",
        "label": "Historical evidence"
      },
      "geometry": {
        "type": "Point",
        "coordinates": [
          150.4432909995178,
          -23.728434777409326
        ]
      }
    },
    {
      "type": "Feature",
      "properties": {
        "record_id": "minocc-gold-45511",
        "historical_event_id": "bb8e10ff06a1f073",
        "name": "UNNAMED 398117",
        "evidence_type": "ALLUVIAL_WORKING",
        "commodity": "gold",
        "commodity_group": "gold",
        "spatial_precision": "APPROXIMATE_POINT",
        "location_uncertainty_m": 200.0,
        "source_confidence": "high",
        "location_confidence": "APPROXIMATE",
        "historical_locality": "34 KM ENE OF MONTEAGLE HOMESTEAD",
        "modern_locality": "34 KM ENE OF MONTEAGLE HOMESTEAD",
        "year": null,
        "description": "STREAM/CREEK/RIVER; MINERAL OCCURRENCE",
        "provenance": {
          "authority": "Queensland Government MINOCC",
          "publication": "Mining Resources register",
          "date": null,
          "page": null,
          "record_id": "45511",
          "url": "https://spatial-gis.information.qld.gov.au/arcgis/rest/services/GeoscientificInformation/MiningResources/MapServer",
          "extraction_method": "automated_inventory",
          "ocr_status": "not_required",
          "location_method": "BASED ON DEPARTMENTAL TENURE LOCATION SYSTEM"
        },
        "map_display": true,
        "public_display": true,
        "recovery": null,
        "related_record_ids": [
          "45511"
        ],
        "research_area": "clermont-blair-athol",
        "limitations": "Government occurrence \u2014 not proof of remaining gold",
        "label": "Historical evidence"
      },
      "geometry": {
        "type": "Point",
        "coordinates": [
          147.3888548884566,
          -22.498765999602394
        ]
      }
    },
    {
      "type": "Feature",
      "properties": {
        "record_id": "minocc-gold-45512",
        "historical_event_id": "f07dec8a1e1341b0",
        "name": "UNNAMED 401109",
        "evidence_type": "ALLUVIAL_WORKING",
        "commodity": "gold",
        "commodity_group": "gold",
        "spatial_precision": "APPROXIMATE_POINT",
        "location_uncertainty_m": 200.0,
        "source_confidence": "high",
        "location_confidence": "APPROXIMATE",
        "historical_locality": "5 KM ENE OF MONTEAGLE HOMESTEAD",
        "modern_locality": "5 KM ENE OF MONTEAGLE HOMESTEAD",
        "year": null,
        "description": "STREAM/CREEK/RIVER; MINERAL OCCURRENCE",
        "provenance": {
          "authority": "Queensland Government MINOCC",
          "publication": "Mining Resources register",
          "date": null,
          "page": null,
          "record_id": "45512",
          "url": "https://spatial-gis.information.qld.gov.au/arcgis/rest/services/GeoscientificInformation/MiningResources/MapServer",
          "extraction_method": "automated_inventory",
          "ocr_status": "not_required",
          "location_method": "BASED ON DEPARTMENTAL TENURE LOCATION SYSTEM"
        },
        "map_display": true,
        "public_display": true,
        "recovery": null,
        "related_record_ids": [
          "45512"
        ],
        "research_area": "clermont-blair-athol",
        "limitations": "Government occurrence \u2014 not proof of remaining gold",
        "label": "Historical evidence"
      },
      "geometry": {
        "type": "Point",
        "coordinates": [
          147.3918632223895,
          -22.50621111030762
        ]
      }
    },
    {
      "type": "Feature",
      "properties": {
        "record_id": "minocc-gold-486867",
        "historical_event_id": "956e3414007d2920",
        "name": "UNNAMED 417876",
        "evidence_type": "ALLUVIAL_WORKING",
        "commodity": "gold",
        "commodity_group": "gold",
        "spatial_precision": "APPROXIMATE_POINT",
        "location_uncertainty_m": 100.0,
        "source_confidence": "high",
        "location_confidence": "APPROXIMATE",
        "historical_locality": "3.2 KM S OF BOULDERCOMBE",
        "modern_locality": "3.2 KM S OF BOULDERCOMBE",
        "year": null,
        "description": "60M LONG X 30 WIDE X 0.5M DEEP; ALLUVIAL WORKINGS; ABANDONED MINE",
        "provenance": {
          "authority": "Queensland Government MINOCC",
          "publication": "Mining Resources register",
          "date": null,
          "page": null,
          "record_id": "486867",
          "url": "https://spatial-gis.information.qld.gov.au/arcgis/rest/services/GeoscientificInformation/MiningResources/MapServer",
          "extraction_method": "automated_inventory",
          "ocr_status": "not_required",
          "location_method": "GPS OBSERVATION (AMG-84)"
        },
        "map_display": true,
        "public_display": true,
        "recovery": null,
        "related_record_ids": [
          "486867"
        ],
        "research_area": "mount-morgan-dee-river",
        "limitations": "Government occurrence \u2014 not proof of remaining gold",
        "label": "Historical evidence"
      },
      "geometry": {
        "type": "Point",
        "coordinates": [
          150.46973200027173,
          -23.599818777089894
        ]
      }
    },
    {
      "type": "Feature",
      "properties": {
        "record_id": "minocc-gold-487519",
        "historical_event_id": "32aaf7e6e5fa05bf",
        "name": "UNNAMED 419885",
        "evidence_type": "ALLUVIAL_WORKING",
        "commodity": "gold",
        "commodity_group": "gold",
        "spatial_precision": "APPROXIMATE_POINT",
        "location_uncertainty_m": 100.0,
        "source_confidence": "high",
        "location_confidence": "APPROXIMATE",
        "historical_locality": "2.2 KM SSE OF BOULDERCOMBE",
        "modern_locality": "2.2 KM SSE OF BOULDERCOMBE",
        "year": null,
        "description": "~100M LONG X ~30M WIDE X >8M DEEP; ALLUVIAL WORKINGS; ABANDONED MINE",
        "provenance": {
          "authority": "Queensland Government MINOCC",
          "publication": "Mining Resources register",
          "date": null,
          "page": null,
          "record_id": "487519",
          "url": "https://spatial-gis.information.qld.gov.au/arcgis/rest/services/GeoscientificInformation/MiningResources/MapServer",
          "extraction_method": "automated_inventory",
          "ocr_status": "not_required",
          "location_method": "GPS OBSERVATION (AMG-84)"
        },
        "map_display": true,
        "public_display": true,
        "recovery": null,
        "related_record_ids": [
          "487519"
        ],
        "research_area": "mount-morgan-dee-river",
        "limitations": "Government occurrence \u2014 not proof of remaining gold",
        "label": "Historical evidence"
      },
      "geometry": {
        "type": "Point",
        "coordinates": [
          150.472140333642,
          -23.591824332938952
        ]
      }
    },
    {
      "type": "Feature",
      "properties": {
        "record_id": "minocc-gold-487526",
        "historical_event_id": "f330153c169512dd",
        "name": "UNNAMED 420885",
        "evidence_type": "ALLUVIAL_WORKING",
        "commodity": "gold",
        "commodity_group": "gold",
        "spatial_precision": "APPROXIMATE_POINT",
        "location_uncertainty_m": 200.0,
        "source_confidence": "high",
        "location_confidence": "APPROXIMATE",
        "historical_locality": "ON RIDGE ABOVE JUNCTION OF GAVIAL & TINPOT  CREEKS 2.4 KM SSE OF BOULDERCOMBE",
        "modern_locality": "ON RIDGE ABOVE JUNCTION OF GAVIAL & TINPOT  CREEKS 2.4 KM SSE OF BOULDERCOMBE",
        "year": null,
        "description": ">5M DEEP; MINE; ABANDONED MINE",
        "provenance": {
          "authority": "Queensland Government MINOCC",
          "publication": "Mining Resources register",
          "date": null,
          "page": null,
          "record_id": "487526",
          "url": "https://spatial-gis.information.qld.gov.au/arcgis/rest/services/GeoscientificInformation/MiningResources/MapServer",
          "extraction_method": "automated_inventory",
          "ocr_status": "not_required",
          "location_method": "GPS OBSERVATION (AMG-84)"
        },
        "map_display": true,
        "public_display": true,
        "recovery": null,
        "related_record_ids": [
          "487526"
        ],
        "research_area": "mount-morgan-dee-river",
        "limitations": "Government occurrence \u2014 not proof of remaining gold",
        "label": "Historical evidence"
      },
      "geometry": {
        "type": "Point",
        "coordinates": [
          150.47257088866954,
          -23.591715998901037
        ]
      }
    },
    {
      "type": "Feature",
      "properties": {
        "record_id": "minocc-gold-487512",
        "historical_event_id": "401bb539d34864f1",
        "name": "UNNAMED 428937",
        "evidence_type": "ALLUVIAL_WORKING",
        "commodity": "gold",
        "commodity_group": "gold",
        "spatial_precision": "APPROXIMATE_POINT",
        "location_uncertainty_m": 100.0,
        "source_confidence": "high",
        "location_confidence": "APPROXIMATE",
        "historical_locality": "THREE MILE CREEK AREA, 3 KM NNE OF BOULDERCOMBE HOTEL",
        "modern_locality": "THREE MILE CREEK AREA, 3 KM NNE OF BOULDERCOMBE HOTEL",
        "year": null,
        "description": "25M LONG X 4M WIDE X >30M DEEP.; ALL DOZED AND FILLED IN.; MINE; ABANDONED MINE",
        "provenance": {
          "authority": "Queensland Government MINOCC",
          "publication": "Mining Resources register",
          "date": null,
          "page": null,
          "record_id": "487512",
          "url": "https://spatial-gis.information.qld.gov.au/arcgis/rest/services/GeoscientificInformation/MiningResources/MapServer",
          "extraction_method": "automated_inventory",
          "ocr_status": "not_required",
          "location_method": "GPS OBSERVATION (AMG-84)"
        },
        "map_display": true,
        "public_display": true,
        "recovery": null,
        "related_record_ids": [
          "487512"
        ],
        "research_area": "mount-morgan-dee-river",
        "limitations": "Government occurrence \u2014 not proof of remaining gold",
        "label": "Historical evidence"
      },
      "geometry": {
        "type": "Point",
        "coordinates": [
          150.48171811150817,
          -23.5446826664653
        ]
      }
    },
    {
      "type": "Feature",
      "properties": {
        "record_id": "minocc-gold-45494",
        "historical_event_id": "8d43e41c74d9a3b7",
        "name": "UNNAMED 441700",
        "evidence_type": "ALLUVIAL_WORKING",
        "commodity": "gold",
        "commodity_group": "gold",
        "spatial_precision": "APPROXIMATE_POINT",
        "location_uncertainty_m": 200.0,
        "source_confidence": "high",
        "location_confidence": "APPROXIMATE",
        "historical_locality": "45 KM SE OF MONTEAGLE HOMESTEAD",
        "modern_locality": "45 KM SE OF MONTEAGLE HOMESTEAD",
        "year": null,
        "description": "STREAM/CREEK/RIVER; MINERAL OCCURRENCE",
        "provenance": {
          "authority": "Queensland Government MINOCC",
          "publication": "Mining Resources register",
          "date": null,
          "page": null,
          "record_id": "45494",
          "url": "https://spatial-gis.information.qld.gov.au/arcgis/rest/services/GeoscientificInformation/MiningResources/MapServer",
          "extraction_method": "automated_inventory",
          "ocr_status": "not_required",
          "location_method": "BASED ON DEPARTMENTAL TENURE LOCATION SYSTEM"
        },
        "map_display": true,
        "public_display": true,
        "recovery": null,
        "related_record_ids": [
          "45494"
        ],
        "research_area": "clermont-blair-athol",
        "limitations": "Government occurrence \u2014 not proof of remaining gold",
        "label": "Historical evidence"
      },
      "geometry": {
        "type": "Point",
        "coordinates": [
          147.43113477814936,
          -22.875040332224103
        ]
      }
    },
    {
      "type": "Feature",
      "properties": {
        "record_id": "minocc-gold-489321",
        "historical_event_id": "4a059fa1dacc0eda",
        "name": "UNNAMED 450989",
        "evidence_type": "ALLUVIAL_WORKING",
        "commodity": "gold",
        "commodity_group": "gold",
        "spatial_precision": "APPROXIMATE_POINT",
        "location_uncertainty_m": 50.0,
        "source_confidence": "high",
        "location_confidence": "APPROXIMATE",
        "historical_locality": "ON A LOW HILL ~110M SOUTH WEST OF HOUSE NEAR GAVIAL CREEK.",
        "modern_locality": "ON A LOW HILL ~110M SOUTH WEST OF HOUSE NEAR GAVIAL CREEK.",
        "year": null,
        "description": "175M LONG X 40M WIDE ? M DEEP.; MINE; ABANDONED MINE",
        "provenance": {
          "authority": "Queensland Government MINOCC",
          "publication": "Mining Resources register",
          "date": null,
          "page": null,
          "record_id": "489321",
          "url": "https://spatial-gis.information.qld.gov.au/arcgis/rest/services/GeoscientificInformation/MiningResources/MapServer",
          "extraction_method": "automated_inventory",
          "ocr_status": "not_required",
          "location_method": "GPS OBSERVATION (AMG-66)"
        },
        "map_display": true,
        "public_display": true,
        "recovery": null,
        "related_record_ids": [
          "489321"
        ],
        "research_area": "mount-morgan-dee-river",
        "limitations": "Government occurrence \u2014 not proof of remaining gold",
        "label": "Historical evidence"
      },
      "geometry": {
        "type": "Point",
        "coordinates": [
          150.50459444465605,
          -23.4983104437852
        ]
      }
    },
    {
      "type": "Feature",
      "properties": {
        "record_id": "minocc-gold-501226",
        "historical_event_id": "9af9554fe85a02dd",
        "name": "UNNAMED 529744",
        "evidence_type": "ALLUVIAL_WORKING",
        "commodity": "gold",
        "commodity_group": "gold",
        "spatial_precision": "APPROXIMATE_POINT",
        "location_uncertainty_m": 200.0,
        "source_confidence": "high",
        "location_confidence": "APPROXIMATE",
        "historical_locality": "13 KM W OF CLERMONT",
        "modern_locality": "13 KM W OF CLERMONT",
        "year": null,
        "description": "ALLUVIAL WORKINGS; ABANDONED MINE",
        "provenance": {
          "authority": "Queensland Government MINOCC",
          "publication": "Mining Resources register",
          "date": null,
          "page": null,
          "record_id": "501226",
          "url": "https://spatial-gis.information.qld.gov.au/arcgis/rest/services/GeoscientificInformation/MiningResources/MapServer",
          "extraction_method": "automated_inventory",
          "ocr_status": "not_required",
          "location_method": "REPORT (UNPUBLISHED)"
        },
        "map_display": true,
        "public_display": true,
        "recovery": null,
        "related_record_ids": [
          "501226"
        ],
        "research_area": "clermont-blair-athol",
        "limitations": "Government occurrence \u2014 not proof of remaining gold",
        "label": "Historical evidence"
      },
      "geometry": {
        "type": "Point",
        "coordinates": [
          147.51666811121203,
          -22.83566322187946
        ]
      }
    },
    {
      "type": "Feature",
      "properties": {
        "record_id": "minocc-gold-501227",
        "historical_event_id": "9eb82dba76abf60d",
        "name": "UNNAMED 530733",
        "evidence_type": "ALLUVIAL_WORKING",
        "commodity": "gold",
        "commodity_group": "gold",
        "spatial_precision": "APPROXIMATE_POINT",
        "location_uncertainty_m": 200.0,
        "source_confidence": "high",
        "location_confidence": "APPROXIMATE",
        "historical_locality": "13 KM WSW OF CLERMONT",
        "modern_locality": "13 KM WSW OF CLERMONT",
        "year": null,
        "description": "ALLUVIAL WORKINGS; ABANDONED MINE",
        "provenance": {
          "authority": "Queensland Government MINOCC",
          "publication": "Mining Resources register",
          "date": null,
          "page": null,
          "record_id": "501227",
          "url": "https://spatial-gis.information.qld.gov.au/arcgis/rest/services/GeoscientificInformation/MiningResources/MapServer",
          "extraction_method": "automated_inventory",
          "ocr_status": "not_required",
          "location_method": "REPORT (UNPUBLISHED)"
        },
        "map_display": true,
        "public_display": true,
        "recovery": null,
        "related_record_ids": [
          "501227"
        ],
        "research_area": "clermont-blair-athol",
        "limitations": "Government occurrence \u2014 not proof of remaining gold",
        "label": "Historical evidence"
      },
      "geometry": {
        "type": "Point",
        "coordinates": [
          147.51767922220557,
          -22.84559655471886
        ]
      }
    },
    {
      "type": "Feature",
      "properties": {
        "record_id": "minocc-gold-507884",
        "historical_event_id": "462c670b92c665b8",
        "name": "UNNAMED 541726",
        "evidence_type": "ALLUVIAL_WORKING",
        "commodity": "gold",
        "commodity_group": "gold",
        "spatial_precision": "APPROXIMATE_POINT",
        "location_uncertainty_m": 200.0,
        "source_confidence": "high",
        "location_confidence": "APPROXIMATE",
        "historical_locality": "12 WSW OF CLERMONT",
        "modern_locality": "12 WSW OF CLERMONT",
        "year": null,
        "description": "ALLUVIAL WORKINGS; ABANDONED MINE",
        "provenance": {
          "authority": "Queensland Government MINOCC",
          "publication": "Mining Resources register",
          "date": null,
          "page": null,
          "record_id": "507884",
          "url": "https://spatial-gis.information.qld.gov.au/arcgis/rest/services/GeoscientificInformation/MiningResources/MapServer",
          "extraction_method": "automated_inventory",
          "ocr_status": "not_required",
          "location_method": "REPORT (UNPUBLISHED)"
        },
        "map_display": true,
        "public_display": true,
        "recovery": null,
        "related_record_ids": [
          "507884"
        ],
        "research_area": "clermont-blair-athol",
        "limitations": "Government occurrence \u2014 not proof of remaining gold",
        "label": "Historical evidence"
      },
      "geometry": {
        "type": "Point",
        "coordinates": [
          147.5284236666953,
          -22.851433332831146
        ]
      }
    },
    {
      "type": "Feature",
      "properties": {
        "record_id": "minocc-gold-501228",
        "historical_event_id": "9bc3b9e964f2521d",
        "name": "UNNAMED 543733",
        "evidence_type": "ALLUVIAL_WORKING",
        "commodity": "gold",
        "commodity_group": "gold",
        "spatial_precision": "APPROXIMATE_POINT",
        "location_uncertainty_m": 200.0,
        "source_confidence": "high",
        "location_confidence": "APPROXIMATE",
        "historical_locality": "12 KM W OF CLERMONT",
        "modern_locality": "12 KM W OF CLERMONT",
        "year": null,
        "description": "ALLUVIAL WORKINGS; ABANDONED MINE",
        "provenance": {
          "authority": "Queensland Government MINOCC",
          "publication": "Mining Resources register",
          "date": null,
          "page": null,
          "record_id": "501228",
          "url": "https://spatial-gis.information.qld.gov.au/arcgis/rest/services/GeoscientificInformation/MiningResources/MapServer",
          "extraction_method": "automated_inventory",
          "ocr_status": "not_required",
          "location_method": "REPORT (UNPUBLISHED)"
        },
        "map_display": true,
        "public_display": true,
        "recovery": null,
        "related_record_ids": [
          "501228"
        ],
        "research_area": "clermont-blair-athol",
        "limitations": "Government occurrence \u2014 not proof of remaining gold",
        "label": "Historical evidence"
      },
      "geometry": {
        "type": "Point",
        "coordinates": [
          147.530348666332,
          -22.845554887728923
        ]
      }
    },
    {
      "type": "Feature",
      "properties": {
        "record_id": "minocc-gold-501230",
        "historical_event_id": "ce2c506f9ee608ad",
        "name": "UNNAMED 546734",
        "evidence_type": "ALLUVIAL_WORKING",
        "commodity": "gold",
        "commodity_group": "gold",
        "spatial_precision": "APPROXIMATE_POINT",
        "location_uncertainty_m": 200.0,
        "source_confidence": "high",
        "location_confidence": "APPROXIMATE",
        "historical_locality": "12 KM WSW OF CLERMONT",
        "modern_locality": "12 KM WSW OF CLERMONT",
        "year": null,
        "description": "ALLUVIAL WORKINGS; ABANDONED MINE",
        "provenance": {
          "authority": "Queensland Government MINOCC",
          "publication": "Mining Resources register",
          "date": null,
          "page": null,
          "record_id": "501230",
          "url": "https://spatial-gis.information.qld.gov.au/arcgis/rest/services/GeoscientificInformation/MiningResources/MapServer",
          "extraction_method": "automated_inventory",
          "ocr_status": "not_required",
          "location_method": "REPORT (UNPUBLISHED)"
        },
        "map_display": true,
        "public_display": true,
        "recovery": null,
        "related_record_ids": [
          "501230"
        ],
        "research_area": "clermont-blair-athol",
        "limitations": "Government occurrence \u2014 not proof of remaining gold",
        "label": "Historical evidence"
      },
      "geometry": {
        "type": "Point",
        "coordinates": [
          147.5332681114682,
          -22.844190999511888
        ]
      }
    },
    {
      "type": "Feature",
      "properties": {
        "record_id": "minocc-gold-486739",
        "historical_event_id": "5cf83a51fabc0127",
        "name": "UNNAMED 569551",
        "evidence_type": "ALLUVIAL_WORKING",
        "commodity": "gold",
        "commodity_group": "gold",
        "spatial_precision": "APPROXIMATE_POINT",
        "location_uncertainty_m": 50.0,
        "source_confidence": "high",
        "location_confidence": "APPROXIMATE",
        "historical_locality": "1KM NORTH OF QUEEN OF SHEBA WORKINGS, 26 KM SSW OF MARMOR",
        "modern_locality": "1KM NORTH OF QUEEN OF SHEBA WORKINGS, 26 KM SSW OF MARMOR",
        "year": null,
        "description": "150M LONG X 10M WIDE X >7M DEEP; WORKINGS ON BOTH N & S SIDE OF HEAD OF GULLY.; MINE; ABANDONED MINE",
        "provenance": {
          "authority": "Queensland Government MINOCC",
          "publication": "Mining Resources register",
          "date": null,
          "page": null,
          "record_id": "486739",
          "url": "https://spatial-gis.information.qld.gov.au/arcgis/rest/services/GeoscientificInformation/MiningResources/MapServer",
          "extraction_method": "automated_inventory",
          "ocr_status": "not_required",
          "location_method": "GLOBAL POSITIONING SYSTEM"
        },
        "map_display": true,
        "public_display": true,
        "recovery": null,
        "related_record_ids": [
          "486739"
        ],
        "research_area": "mount-morgan-dee-river",
        "limitations": "Government occurrence \u2014 not proof of remaining gold",
        "label": "Historical evidence"
      },
      "geometry": {
        "type": "Point",
        "coordinates": [
          150.61363611094887,
          -23.895204888640585
        ]
      }
    },
    {
      "type": "Feature",
      "properties": {
        "record_id": "minocc-gold-489303",
        "historical_event_id": "f27d7c78152d72a6",
        "name": "UNNAMED 575165",
        "evidence_type": "ALLUVIAL_WORKING",
        "commodity": "gold",
        "commodity_group": "gold",
        "spatial_precision": "APPROXIMATE_POINT",
        "location_uncertainty_m": 50.0,
        "source_confidence": "high",
        "location_confidence": "APPROXIMATE",
        "historical_locality": "IN THE HEADWATERS OF NEW ZEALAND GULLY IN A SADDLE EAST OF MT. BADGER (525M)",
        "modern_locality": "IN THE HEADWATERS OF NEW ZEALAND GULLY IN A SADDLE EAST OF MT. BADGER (525M)",
        "year": null,
        "description": "125M LONG X 12M WIDE X 24.4M DEEP.; THESE WORKINGS ARE W OF FIDDLER WORKINGS ACROSS STEEP SLOPES. MAIN ADIT PORTAL IN GULLY FLOOR. SHFT-ONLY 1 OBSERVED AT GR257445, 7416498MN, ~20M TO WATER. DEEPEST ADIT REPORTED TO EXTEND EAST FOR 76.2M ALONG THE REEF TO NO.2 SHAFT.; MINE; ABANDONED MINE",
        "provenance": {
          "authority": "Queensland Government MINOCC",
          "publication": "Mining Resources register",
          "date": null,
          "page": null,
          "record_id": "489303",
          "url": "https://spatial-gis.information.qld.gov.au/arcgis/rest/services/GeoscientificInformation/MiningResources/MapServer",
          "extraction_method": "automated_inventory",
          "ocr_status": "not_required",
          "location_method": "GPS OBSERVATION (AMG-66)"
        },
        "map_display": true,
        "public_display": true,
        "recovery": null,
        "related_record_ids": [
          "489303"
        ],
        "research_area": "mount-morgan-dee-river",
        "limitations": "Government occurrence \u2014 not proof of remaining gold",
        "label": "Historical evidence"
      },
      "geometry": {
        "type": "Point",
        "coordinates": [
          150.62874311115394,
          -23.34156599884804
        ]
      }
    },
    {
      "type": "Feature",
      "properties": {
        "record_id": "minocc-gold-486741",
        "historical_event_id": "282f53eec1b99d2b",
        "name": "UNNAMED 579489",
        "evidence_type": "ALLUVIAL_WORKING",
        "commodity": "gold",
        "commodity_group": "gold",
        "spatial_precision": "APPROXIMATE_POINT",
        "location_uncertainty_m": 100.0,
        "source_confidence": "high",
        "location_confidence": "APPROXIMATE",
        "historical_locality": "UPPER MANTON CREEK. 13 KM S OF PRIOR PARK HOMESTEAD",
        "modern_locality": "UPPER MANTON CREEK. 13 KM S OF PRIOR PARK HOMESTEAD",
        "year": null,
        "description": "OUTCROP; MINERAL OCCURRENCE",
        "provenance": {
          "authority": "Queensland Government MINOCC",
          "publication": "Mining Resources register",
          "date": null,
          "page": null,
          "record_id": "486741",
          "url": "https://spatial-gis.information.qld.gov.au/arcgis/rest/services/GeoscientificInformation/MiningResources/MapServer",
          "extraction_method": "automated_inventory",
          "ocr_status": "not_required",
          "location_method": "GLOBAL POSITIONING SYSTEM"
        },
        "map_display": true,
        "public_display": true,
        "recovery": null,
        "related_record_ids": [
          "486741"
        ],
        "research_area": "mount-morgan-dee-river",
        "limitations": "Government occurrence \u2014 not proof of remaining gold",
        "label": "Historical evidence"
      },
      "geometry": {
        "type": "Point",
        "coordinates": [
          150.62204311074254,
          -23.95125833241598
        ]
      }
    },
    {
      "type": "Feature",
      "properties": {
        "record_id": "minocc-gold-489304",
        "historical_event_id": "a20110b013d9cb49",
        "name": "UNNAMED 581179",
        "evidence_type": "ALLUVIAL_WORKING",
        "commodity": "gold",
        "commodity_group": "gold",
        "spatial_precision": "APPROXIMATE_POINT",
        "location_uncertainty_m": 50.0,
        "source_confidence": "high",
        "location_confidence": "APPROXIMATE",
        "historical_locality": "ON THE EASTERN SIDE OF A GULLY OFF NEW ZEALAND GULLY.",
        "modern_locality": "ON THE EASTERN SIDE OF A GULLY OFF NEW ZEALAND GULLY.",
        "year": null,
        "description": "~22M LONG X 8M WIDE X ~7M DEEP.; EXPLORATION ACCESS TRACK HAS COVERED SOME WORKINGS.; MINE; ABANDONED MINE",
        "provenance": {
          "authority": "Queensland Government MINOCC",
          "publication": "Mining Resources register",
          "date": null,
          "page": null,
          "record_id": "489304",
          "url": "https://spatial-gis.information.qld.gov.au/arcgis/rest/services/GeoscientificInformation/MiningResources/MapServer",
          "extraction_method": "automated_inventory",
          "ocr_status": "not_required",
          "location_method": "GPS OBSERVATION (AMG-66)"
        },
        "map_display": true,
        "public_display": true,
        "recovery": null,
        "related_record_ids": [
          "489304"
        ],
        "research_area": "mount-morgan-dee-river",
        "limitations": "Government occurrence \u2014 not proof of remaining gold",
        "label": "Historical evidence"
      },
      "geometry": {
        "type": "Point",
        "coordinates": [
          150.6356104443954,
          -23.32867088833174
        ]
      }
    },
    {
      "type": "Feature",
      "properties": {
        "record_id": "minocc-gold-489314",
        "historical_event_id": "dbc2f76fa225a37a",
        "name": "UNNAMED 582171",
        "evidence_type": "ALLUVIAL_WORKING",
        "commodity": "gold",
        "commodity_group": "gold",
        "spatial_precision": "APPROXIMATE_POINT",
        "location_uncertainty_m": 50.0,
        "source_confidence": "high",
        "location_confidence": "APPROXIMATE",
        "historical_locality": "IN NEW ZEALAND GULLY.",
        "modern_locality": "IN NEW ZEALAND GULLY.",
        "year": null,
        "description": "30M LONG X 10M WIDE X 2M DEEP.; WORKINGS ON WESTERN SIDE OF OVERGROWN TRACK THAT RUNS UP A SPUR PAST HIDDEN KING & EXISTS AT THE SALVATION LASS WORKINGS.; MINE; ABANDONED MINE",
        "provenance": {
          "authority": "Queensland Government MINOCC",
          "publication": "Mining Resources register",
          "date": null,
          "page": null,
          "record_id": "489314",
          "url": "https://spatial-gis.information.qld.gov.au/arcgis/rest/services/GeoscientificInformation/MiningResources/MapServer",
          "extraction_method": "automated_inventory",
          "ocr_status": "not_required",
          "location_method": "GPS OBSERVATION (AMG-66)"
        },
        "map_display": true,
        "public_display": true,
        "recovery": null,
        "related_record_ids": [
          "489314"
        ],
        "research_area": "mount-morgan-dee-river",
        "limitations": "Government occurrence \u2014 not proof of remaining gold",
        "label": "Historical evidence"
      },
      "geometry": {
        "type": "Point",
        "coordinates": [
          150.6364521112957,
          -23.336421555191
        ]
      }
    },
    {
      "type": "Feature",
      "properties": {
        "record_id": "minocc-gold-489319",
        "historical_event_id": "4d2f4281ee724533",
        "name": "UNNAMED 582181",
        "evidence_type": "ALLUVIAL_WORKING",
        "commodity": "gold",
        "commodity_group": "gold",
        "spatial_precision": "APPROXIMATE_POINT",
        "location_uncertainty_m": 50.0,
        "source_confidence": "high",
        "location_confidence": "APPROXIMATE",
        "historical_locality": "IN NEW ZEALAND GULLY AREA WEST OF THE MAIN ACCESS TRACK UP TO NORTH STAR MINE.",
        "modern_locality": "IN NEW ZEALAND GULLY AREA WEST OF THE MAIN ACCESS TRACK UP TO NORTH STAR MINE.",
        "year": null,
        "description": "20M LONG X 20M WIDE X 10M DEEP.; DOWN NW TRENDING SPUR.; MINE; ABANDONED MINE",
        "provenance": {
          "authority": "Queensland Government MINOCC",
          "publication": "Mining Resources register",
          "date": null,
          "page": null,
          "record_id": "489319",
          "url": "https://spatial-gis.information.qld.gov.au/arcgis/rest/services/GeoscientificInformation/MiningResources/MapServer",
          "extraction_method": "automated_inventory",
          "ocr_status": "not_required",
          "location_method": "GPS OBSERVATION (AMG-84)"
        },
        "map_display": true,
        "public_display": true,
        "recovery": null,
        "related_record_ids": [
          "489319"
        ],
        "research_area": "mount-morgan-dee-river",
        "limitations": "Government occurrence \u2014 not proof of remaining gold",
        "label": "Historical evidence"
      },
      "geometry": {
        "type": "Point",
        "coordinates": [
          150.63649100035047,
          -23.32750977726146
        ]
      }
    },
    {
      "type": "Feature",
      "properties": {
        "record_id": "minocc-gold-489309",
        "historical_event_id": "3f48817d801eea8f",
        "name": "UNNAMED 583179",
        "evidence_type": "ALLUVIAL_WORKING",
        "commodity": "gold",
        "commodity_group": "gold",
        "spatial_precision": "APPROXIMATE_POINT",
        "location_uncertainty_m": 50.0,
        "source_confidence": "high",
        "location_confidence": "APPROXIMATE",
        "historical_locality": "IN NEW ZEALAND GULLY ON THE RIGHT SIDE OF THE MAIN ACCESS TRACK ON THE WAY UP TO THE NORTH STAR MINE.",
        "modern_locality": "IN NEW ZEALAND GULLY ON THE RIGHT SIDE OF THE MAIN ACCESS TRACK ON THE WAY UP TO THE NORTH STAR MINE.",
        "year": null,
        "description": "20M LONG X 20M WIDE X 2M DEEP.; MINE; ABANDONED MINE",
        "provenance": {
          "authority": "Queensland Government MINOCC",
          "publication": "Mining Resources register",
          "date": null,
          "page": null,
          "record_id": "489309",
          "url": "https://spatial-gis.information.qld.gov.au/arcgis/rest/services/GeoscientificInformation/MiningResources/MapServer",
          "extraction_method": "automated_inventory",
          "ocr_status": "not_required",
          "location_method": "GPS OBSERVATION (AMG-66)"
        },
        "map_display": true,
        "public_display": true,
        "recovery": null,
        "related_record_ids": [
          "489309"
        ],
        "research_area": "mount-morgan-dee-river",
        "limitations": "Government occurrence \u2014 not proof of remaining gold",
        "label": "Historical evidence"
      },
      "geometry": {
        "type": "Point",
        "coordinates": [
          150.63756599957614,
          -23.32872644415376
        ]
      }
    },
    {
      "type": "Feature",
      "properties": {
        "record_id": "minocc-gold-489305",
        "historical_event_id": "fe48a614978f71e2",
        "name": "UNNAMED 584170",
        "evidence_type": "ALLUVIAL_WORKING",
        "commodity": "gold",
        "commodity_group": "gold",
        "spatial_precision": "APPROXIMATE_POINT",
        "location_uncertainty_m": 50.0,
        "source_confidence": "high",
        "location_confidence": "APPROXIMATE",
        "historical_locality": "IN NEW ZEALAND GULLY TO THE NORTH WEST OF THE NORTH STAR MINE ACROSS A STEEP GULLY.",
        "modern_locality": "IN NEW ZEALAND GULLY TO THE NORTH WEST OF THE NORTH STAR MINE ACROSS A STEEP GULLY.",
        "year": null,
        "description": "90M LONG X 30M WIDE X >4M DEEP.; WORKINGS START OPPOSITE THE BOTTOM ADIT OF NORTH STAR MINE AND LIE AROUND THE SLOPE TO THE NORTH WEST.; MINE; ABANDONED MINE",
        "provenance": {
          "authority": "Queensland Government MINOCC",
          "publication": "Mining Resources register",
          "date": null,
          "page": null,
          "record_id": "489305",
          "url": "https://spatial-gis.information.qld.gov.au/arcgis/rest/services/GeoscientificInformation/MiningResources/MapServer",
          "extraction_method": "automated_inventory",
          "ocr_status": "not_required",
          "location_method": "GPS OBSERVATION (AMG-66)"
        },
        "map_display": true,
        "public_display": true,
        "recovery": null,
        "related_record_ids": [
          "489305"
        ],
        "research_area": "mount-morgan-dee-river",
        "limitations": "Government occurrence \u2014 not proof of remaining gold",
        "label": "Historical evidence"
      },
      "geometry": {
        "type": "Point",
        "coordinates": [
          150.63797711153913,
          -23.33742711004422
        ]
      }
    },
    {
      "type": "Feature",
      "properties": {
        "record_id": "minocc-gold-489311",
        "historical_event_id": "ddd8d7b5948b2b19",
        "name": "UNNAMED 584178",
        "evidence_type": "ALLUVIAL_WORKING",
        "commodity": "gold",
        "commodity_group": "gold",
        "spatial_precision": "APPROXIMATE_POINT",
        "location_uncertainty_m": 50.0,
        "source_confidence": "high",
        "location_confidence": "APPROXIMATE",
        "historical_locality": "IN NEW ZEALAND GULLY IN THE LEFT SIDE OF THE MAIN ACCESS TRACK ON THE WAY UP TO THE NORTH STAR MINE.",
        "modern_locality": "IN NEW ZEALAND GULLY IN THE LEFT SIDE OF THE MAIN ACCESS TRACK ON THE WAY UP TO THE NORTH STAR MINE.",
        "year": null,
        "description": "10M LONG X 10M WIDE X 3.0M DEEP.; MINE; ABANDONED MINE",
        "provenance": {
          "authority": "Queensland Government MINOCC",
          "publication": "Mining Resources register",
          "date": null,
          "page": null,
          "record_id": "489311",
          "url": "https://spatial-gis.information.qld.gov.au/arcgis/rest/services/GeoscientificInformation/MiningResources/MapServer",
          "extraction_method": "automated_inventory",
          "ocr_status": "not_required",
          "location_method": "GPS OBSERVATION (AMG-66)"
        },
        "map_display": true,
        "public_display": true,
        "recovery": null,
        "related_record_ids": [
          "489311"
        ],
        "research_area": "mount-morgan-dee-river",
        "limitations": "Government occurrence \u2014 not proof of remaining gold",
        "label": "Historical evidence"
      },
      "geometry": {
        "type": "Point",
        "coordinates": [
          150.63774933366793,
          -23.329434777131233
        ]
      }
    },
    {
      "type": "Feature",
      "properties": {
        "record_id": "minocc-gold-486479",
        "historical_event_id": "3067aa4bc64ea2a7",
        "name": "UNNAMED 603492",
        "evidence_type": "ALLUVIAL_WORKING",
        "commodity": "gold",
        "commodity_group": "gold",
        "spatial_precision": "APPROXIMATE_POINT",
        "location_uncertainty_m": 100.0,
        "source_confidence": "high",
        "location_confidence": "APPROXIMATE",
        "historical_locality": "UPPER MANTON CREEK, 13 KM S OF PRIOR PARK HOMESTEAD, S OF BAJOOL",
        "modern_locality": "UPPER MANTON CREEK, 13 KM S OF PRIOR PARK HOMESTEAD, S OF BAJOOL",
        "year": null,
        "description": "6M X 1M X 0.75M DEEP; PIT; MINERAL OCCURRENCE",
        "provenance": {
          "authority": "Queensland Government MINOCC",
          "publication": "Mining Resources register",
          "date": null,
          "page": null,
          "record_id": "486479",
          "url": "https://spatial-gis.information.qld.gov.au/arcgis/rest/services/GeoscientificInformation/MiningResources/MapServer",
          "extraction_method": "automated_inventory",
          "ocr_status": "not_required",
          "location_method": "GLOBAL POSITIONING SYSTEM"
        },
        "map_display": true,
        "public_display": true,
        "recovery": null,
        "related_record_ids": [
          "486479"
        ],
        "research_area": "mount-morgan-dee-river",
        "limitations": "Government occurrence \u2014 not proof of remaining gold",
        "label": "Historical evidence"
      },
      "geometry": {
        "type": "Point",
        "coordinates": [
          150.64634933371613,
          -23.948743777229854
        ]
      }
    },
    {
      "type": "Feature",
      "properties": {
        "record_id": "minocc-gold-13996",
        "historical_event_id": "33fdfbc7dff980ec",
        "name": "UNNAMED 610767",
        "evidence_type": "ALLUVIAL_WORKING",
        "commodity": "gold",
        "commodity_group": "gold",
        "spatial_precision": "APPROXIMATE_POINT",
        "location_uncertainty_m": 50.0,
        "source_confidence": "high",
        "location_confidence": "APPROXIMATE",
        "historical_locality": "GRVL SCRAPE/ALLUVIAL WORKINGS NEAR SANDY CK",
        "modern_locality": "GRVL SCRAPE/ALLUVIAL WORKINGS NEAR SANDY CK",
        "year": null,
        "description": "OUTCROP; ABANDONED MINE",
        "provenance": {
          "authority": "Queensland Government MINOCC",
          "publication": "Mining Resources register",
          "date": null,
          "page": null,
          "record_id": "13996",
          "url": "https://spatial-gis.information.qld.gov.au/arcgis/rest/services/GeoscientificInformation/MiningResources/MapServer",
          "extraction_method": "automated_inventory",
          "ocr_status": "not_required",
          "location_method": "DIGITISED FROM AIRPHOTO COMPILATION SHEET"
        },
        "map_display": true,
        "public_display": true,
        "recovery": null,
        "related_record_ids": [
          "13996"
        ],
        "research_area": "clermont-blair-athol",
        "limitations": "Government occurrence \u2014 not proof of remaining gold",
        "label": "Historical evidence"
      },
      "geometry": {
        "type": "Point",
        "coordinates": [
          147.59611044435553,
          -22.814438887834058
        ]
      }
    },
    {
      "type": "Feature",
      "properties": {
        "record_id": "minocc-gold-529666",
        "historical_event_id": "9e78116d272293bc",
        "name": "UNNAMED 619713",
        "evidence_type": "ALLUVIAL_WORKING",
        "commodity": "gold",
        "commodity_group": "gold",
        "spatial_precision": "APPROXIMATE_POINT",
        "location_uncertainty_m": 100.0,
        "source_confidence": "high",
        "location_confidence": "APPROXIMATE",
        "historical_locality": "6.5 KM S OF CLERMONT",
        "modern_locality": "6.5 KM S OF CLERMONT",
        "year": null,
        "description": "ALLUVIAL WORKINGS; ABANDONED MINE",
        "provenance": {
          "authority": "Queensland Government MINOCC",
          "publication": "Mining Resources register",
          "date": null,
          "page": null,
          "record_id": "529666",
          "url": "https://spatial-gis.information.qld.gov.au/arcgis/rest/services/GeoscientificInformation/MiningResources/MapServer",
          "extraction_method": "automated_inventory",
          "ocr_status": "not_required",
          "location_method": "REPORT (UNPUBLISHED)"
        },
        "map_display": true,
        "public_display": true,
        "recovery": null,
        "related_record_ids": [
          "529666"
        ],
        "research_area": "clermont-blair-athol",
        "limitations": "Government occurrence \u2014 not proof of remaining gold",
        "label": "Historical evidence"
      },
      "geometry": {
        "type": "Point",
        "coordinates": [
          147.6050666666106,
          -22.86323055473033
        ]
      }
    },
    {
      "type": "Feature",
      "properties": {
        "record_id": "minocc-gold-517998",
        "historical_event_id": "58dc3568541abc6b",
        "name": "UNNAMED 620629",
        "evidence_type": "ALLUVIAL_WORKING",
        "commodity": "gold",
        "commodity_group": "gold",
        "spatial_precision": "APPROXIMATE_POINT",
        "location_uncertainty_m": 200.0,
        "source_confidence": "high",
        "location_confidence": "APPROXIMATE",
        "historical_locality": "13 KMSSW OF CLERMONT",
        "modern_locality": "13 KMSSW OF CLERMONT",
        "year": null,
        "description": "ALLUVIAL WORKINGS; ABANDONED MINE",
        "provenance": {
          "authority": "Queensland Government MINOCC",
          "publication": "Mining Resources register",
          "date": null,
          "page": null,
          "record_id": "517998",
          "url": "https://spatial-gis.information.qld.gov.au/arcgis/rest/services/GeoscientificInformation/MiningResources/MapServer",
          "extraction_method": "automated_inventory",
          "ocr_status": "not_required",
          "location_method": "REPORT (UNPUBLISHED)"
        },
        "map_display": true,
        "public_display": true,
        "recovery": null,
        "related_record_ids": [
          "517998"
        ],
        "research_area": "clermont-blair-athol",
        "limitations": "Government occurrence \u2014 not proof of remaining gold",
        "label": "Historical evidence"
      },
      "geometry": {
        "type": "Point",
        "coordinates": [
          147.60581388862798,
          -22.939229888047578
        ]
      }
    },
    {
      "type": "Feature",
      "properties": {
        "record_id": "minocc-gold-489337",
        "historical_event_id": "bacc2d6eff175027",
        "name": "UNNAMED 621294",
        "evidence_type": "ALLUVIAL_WORKING",
        "commodity": "gold",
        "commodity_group": "gold",
        "spatial_precision": "APPROXIMATE_POINT",
        "location_uncertainty_m": 50.0,
        "source_confidence": "high",
        "location_confidence": "APPROXIMATE",
        "historical_locality": "WORKINGS ON NORTHERN SIDE OF CREEK WHICH FLOWS WEST INTO LIMESTONE CREEK.",
        "modern_locality": "WORKINGS ON NORTHERN SIDE OF CREEK WHICH FLOWS WEST INTO LIMESTONE CREEK.",
        "year": null,
        "description": "70M LONG X 10M WIDE X >8M DEEP.; 2 SHAFTS AND PIT AT EASTERN END, OPEN CUT AT WESTERN END APPROXIMATELY 35M FROM SHAFTS.; MINE; ABANDONED MINE",
        "provenance": {
          "authority": "Queensland Government MINOCC",
          "publication": "Mining Resources register",
          "date": null,
          "page": null,
          "record_id": "489337",
          "url": "https://spatial-gis.information.qld.gov.au/arcgis/rest/services/GeoscientificInformation/MiningResources/MapServer",
          "extraction_method": "automated_inventory",
          "ocr_status": "not_required",
          "location_method": "GPS OBSERVATION (AMG-84)"
        },
        "map_display": true,
        "public_display": true,
        "recovery": null,
        "related_record_ids": [
          "489337"
        ],
        "research_area": "mount-morgan-dee-river",
        "limitations": "Government occurrence \u2014 not proof of remaining gold",
        "label": "Historical evidence"
      },
      "geometry": {
        "type": "Point",
        "coordinates": [
          150.67629866710894,
          -23.226162554486116
        ]
      }
    },
    {
      "type": "Feature",
      "properties": {
        "record_id": "minocc-gold-489330",
        "historical_event_id": "3b3de2bfe64ed162",
        "name": "UNNAMED 623287",
        "evidence_type": "ALLUVIAL_WORKING",
        "commodity": "gold",
        "commodity_group": "gold",
        "spatial_precision": "APPROXIMATE_POINT",
        "location_uncertainty_m": 50.0,
        "source_confidence": "high",
        "location_confidence": "APPROXIMATE",
        "historical_locality": "DOWN THE SLOPE FROM BLOCK CLAIM.",
        "modern_locality": "DOWN THE SLOPE FROM BLOCK CLAIM.",
        "year": null,
        "description": "~100M LONG X 40M WIDE X 1.5M DEEP.; SHALLOW PITS IN COLLUVIUM OR SLOPEWASH.; PIT; MINERAL OCCURRENCE",
        "provenance": {
          "authority": "Queensland Government MINOCC",
          "publication": "Mining Resources register",
          "date": null,
          "page": null,
          "record_id": "489330",
          "url": "https://spatial-gis.information.qld.gov.au/arcgis/rest/services/GeoscientificInformation/MiningResources/MapServer",
          "extraction_method": "automated_inventory",
          "ocr_status": "not_required",
          "location_method": "GPS OBSERVATION (AMG-84)"
        },
        "map_display": true,
        "public_display": true,
        "recovery": null,
        "related_record_ids": [
          "489330"
        ],
        "research_area": "mount-morgan-dee-river",
        "limitations": "Government occurrence \u2014 not proof of remaining gold",
        "label": "Historical evidence"
      },
      "geometry": {
        "type": "Point",
        "coordinates": [
          150.67845144488825,
          -23.231684777244467
        ]
      }
    },
    {
      "type": "Feature",
      "properties": {
        "record_id": "minocc-gold-524709",
        "historical_event_id": "d33a70f5f980df67",
        "name": "UNNAMED 623719",
        "evidence_type": "ALLUVIAL_WORKING",
        "commodity": "gold",
        "commodity_group": "gold",
        "spatial_precision": "APPROXIMATE_POINT",
        "location_uncertainty_m": 200.0,
        "source_confidence": "high",
        "location_confidence": "APPROXIMATE",
        "historical_locality": "4 KM SW OF CLERMONT",
        "modern_locality": "4 KM SW OF CLERMONT",
        "year": null,
        "description": "GULLY/WASHOUT; ABANDONED MINE",
        "provenance": {
          "authority": "Queensland Government MINOCC",
          "publication": "Mining Resources register",
          "date": null,
          "page": null,
          "record_id": "524709",
          "url": "https://spatial-gis.information.qld.gov.au/arcgis/rest/services/GeoscientificInformation/MiningResources/MapServer",
          "extraction_method": "automated_inventory",
          "ocr_status": "not_required",
          "location_method": "REPORT (PUBLISHED)"
        },
        "map_display": true,
        "public_display": true,
        "recovery": null,
        "related_record_ids": [
          "524709"
        ],
        "research_area": "clermont-blair-athol",
        "limitations": "Government occurrence \u2014 not proof of remaining gold",
        "label": "Historical evidence"
      },
      "geometry": {
        "type": "Point",
        "coordinates": [
          147.60877222237426,
          -22.857027777490405
        ]
      }
    },
    {
      "type": "Feature",
      "properties": {
        "record_id": "minocc-gold-489323",
        "historical_event_id": "889f54ec037e40cd",
        "name": "UNNAMED 638309",
        "evidence_type": "ALLUVIAL_WORKING",
        "commodity": "gold",
        "commodity_group": "gold",
        "spatial_precision": "APPROXIMATE_POINT",
        "location_uncertainty_m": 50.0,
        "source_confidence": "high",
        "location_confidence": "APPROXIMATE",
        "historical_locality": "5.5KM NE OF CAWARRAL.",
        "modern_locality": "5.5KM NE OF CAWARRAL.",
        "year": null,
        "description": "80M LONG X 10M WIDE X >2M DEEP.; ALLUVIAL WORKINGS ALONG CREEK BANK.; ALLUVIAL WORKINGS; ABANDONED MINE",
        "provenance": {
          "authority": "Queensland Government MINOCC",
          "publication": "Mining Resources register",
          "date": null,
          "page": null,
          "record_id": "489323",
          "url": "https://spatial-gis.information.qld.gov.au/arcgis/rest/services/GeoscientificInformation/MiningResources/MapServer",
          "extraction_method": "automated_inventory",
          "ocr_status": "not_required",
          "location_method": "GPS OBSERVATION (AMG-84)"
        },
        "map_display": true,
        "public_display": true,
        "recovery": null,
        "related_record_ids": [
          "489323"
        ],
        "research_area": "mount-morgan-dee-river",
        "limitations": "Government occurrence \u2014 not proof of remaining gold",
        "label": "Historical evidence"
      },
      "geometry": {
        "type": "Point",
        "coordinates": [
          150.69333266619515,
          -23.21276388804792
        ]
      }
    },
    {
      "type": "Feature",
      "properties": {
        "record_id": "minocc-gold-489320",
        "historical_event_id": "f316d79b6ff5d2ea",
        "name": "UNNAMED 654154",
        "evidence_type": "ALLUVIAL_WORKING",
        "commodity": "gold",
        "commodity_group": "gold",
        "spatial_precision": "APPROXIMATE_POINT",
        "location_uncertainty_m": 100.0,
        "source_confidence": "high",
        "location_confidence": "APPROXIMATE",
        "historical_locality": "IN SUBDIVISION 5, PORTION 70, PARISH OF MEADOW FLATS.",
        "modern_locality": "IN SUBDIVISION 5, PORTION 70, PARISH OF MEADOW FLATS.",
        "year": null,
        "description": "2.1M DEEP.; WORKINGS ARE LOCATED AT THE HEAD OF A SMALL GULLY RUNNING INTO THE EAST BANK OF NANKIN CREEK.; MINE; ABANDONED MINE",
        "provenance": {
          "authority": "Queensland Government MINOCC",
          "publication": "Mining Resources register",
          "date": null,
          "page": null,
          "record_id": "489320",
          "url": "https://spatial-gis.information.qld.gov.au/arcgis/rest/services/GeoscientificInformation/MiningResources/MapServer",
          "extraction_method": "automated_inventory",
          "ocr_status": "not_required",
          "location_method": "TOPOGRAPHIC MAP (1:100 000 SCALE) (100M ACCURACY)"
        },
        "map_display": true,
        "public_display": true,
        "recovery": null,
        "related_record_ids": [
          "489320"
        ],
        "research_area": "mount-morgan-dee-river",
        "limitations": "Government occurrence \u2014 not proof of remaining gold",
        "label": "Historical evidence"
      },
      "geometry": {
        "type": "Point",
        "coordinates": [
          150.70627222226688,
          -23.35261666570845
        ]
      }
    },
    {
      "type": "Feature",
      "properties": {
        "record_id": "minocc-gold-486515",
        "historical_event_id": "9ac977d0739c6745",
        "name": "UNNAMED 676715",
        "evidence_type": "ALLUVIAL_WORKING",
        "commodity": "gold",
        "commodity_group": "gold",
        "spatial_precision": "APPROXIMATE_POINT",
        "location_uncertainty_m": 100.0,
        "source_confidence": "high",
        "location_confidence": "APPROXIMATE",
        "historical_locality": "10.6 KM WSW FROM RAGLAN",
        "modern_locality": "10.6 KM WSW FROM RAGLAN",
        "year": null,
        "description": "ALLUVIAL WORKINGS; ABANDONED MINE",
        "provenance": {
          "authority": "Queensland Government MINOCC",
          "publication": "Mining Resources register",
          "date": null,
          "page": null,
          "record_id": "486515",
          "url": "https://spatial-gis.information.qld.gov.au/arcgis/rest/services/GeoscientificInformation/MiningResources/MapServer",
          "extraction_method": "automated_inventory",
          "ocr_status": "not_required",
          "location_method": "GPS OBSERVATION (AMG-66)"
        },
        "map_display": true,
        "public_display": true,
        "recovery": null,
        "related_record_ids": [
          "486515"
        ],
        "research_area": "mount-morgan-dee-river",
        "limitations": "Government occurrence \u2014 not proof of remaining gold",
        "label": "Historical evidence"
      },
      "geometry": {
        "type": "Point",
        "coordinates": [
          150.72122644416612,
          -23.749557666059797
        ]
      }
    },
    {
      "type": "Feature",
      "properties": {
        "record_id": "minocc-gold-486593",
        "historical_event_id": "47c5d2c8fdbe6f5a",
        "name": "UNNAMED 764659",
        "evidence_type": "ALLUVIAL_WORKING",
        "commodity": "gold",
        "commodity_group": "gold",
        "spatial_precision": "APPROXIMATE_POINT",
        "location_uncertainty_m": 200.0,
        "source_confidence": "high",
        "location_confidence": "APPROXIMATE",
        "historical_locality": "9 KM S OF RAGLAN",
        "modern_locality": "9 KM S OF RAGLAN",
        "year": null,
        "description": "ALLUVIAL WORKINGS; ABANDONED MINE",
        "provenance": {
          "authority": "Queensland Government MINOCC",
          "publication": "Mining Resources register",
          "date": null,
          "page": null,
          "record_id": "486593",
          "url": "https://spatial-gis.information.qld.gov.au/arcgis/rest/services/GeoscientificInformation/MiningResources/MapServer",
          "extraction_method": "automated_inventory",
          "ocr_status": "not_required",
          "location_method": "TOPOGRAPHIC MAP (1:100 000 SCALE) (100M ACCURACY)"
        },
        "map_display": true,
        "public_display": true,
        "recovery": null,
        "related_record_ids": [
          "486593"
        ],
        "research_area": "mount-morgan-dee-river",
        "limitations": "Government occurrence \u2014 not proof of remaining gold",
        "label": "Historical evidence"
      },
      "geometry": {
        "type": "Point",
        "coordinates": [
          150.8063888884888,
          -23.800941665859483
        ]
      }
    },
    {
      "type": "Feature",
      "properties": {
        "record_id": "minocc-gold-486557",
        "historical_event_id": "71c8f7f3c2abd48c",
        "name": "UNNAMED 778670",
        "evidence_type": "ALLUVIAL_WORKING",
        "commodity": "gold",
        "commodity_group": "gold",
        "spatial_precision": "APPROXIMATE_POINT",
        "location_uncertainty_m": 200.0,
        "source_confidence": "high",
        "location_confidence": "APPROXIMATE",
        "historical_locality": "8 KM S OF RAGLAN",
        "modern_locality": "8 KM S OF RAGLAN",
        "year": null,
        "description": "ALLUVIAL WORKINGS; ABANDONED MINE",
        "provenance": {
          "authority": "Queensland Government MINOCC",
          "publication": "Mining Resources register",
          "date": null,
          "page": null,
          "record_id": "486557",
          "url": "https://spatial-gis.information.qld.gov.au/arcgis/rest/services/GeoscientificInformation/MiningResources/MapServer",
          "extraction_method": "automated_inventory",
          "ocr_status": "not_required",
          "location_method": "TOPOGRAPHIC MAP (1:100 000 SCALE) (100M ACCURACY)"
        },
        "map_display": true,
        "public_display": true,
        "recovery": null,
        "related_record_ids": [
          "486557"
        ],
        "research_area": "mount-morgan-dee-river",
        "limitations": "Government occurrence \u2014 not proof of remaining gold",
        "label": "Historical evidence"
      },
      "geometry": {
        "type": "Point",
        "coordinates": [
          150.82028755570775,
          -23.791207665668065
        ]
      }
    },
    {
      "type": "Feature",
      "properties": {
        "record_id": "minocc-gold-485585",
        "historical_event_id": "9d99257f9bf79a94",
        "name": "UNNAMED 818233",
        "evidence_type": "ALLUVIAL_WORKING",
        "commodity": "gold",
        "commodity_group": "gold",
        "spatial_precision": "APPROXIMATE_POINT",
        "location_uncertainty_m": 100.0,
        "source_confidence": "high",
        "location_confidence": "APPROXIMATE",
        "historical_locality": "AT HEAD OF MAXWELLTON CREEK, 11 KM S OF DAWSON HIGHWAY",
        "modern_locality": "AT HEAD OF MAXWELLTON CREEK, 11 KM S OF DAWSON HIGHWAY",
        "year": null,
        "description": "15M LONG X 1M WIDE X 1M DEEP; MINE; ABANDONED MINE",
        "provenance": {
          "authority": "Queensland Government MINOCC",
          "publication": "Mining Resources register",
          "date": null,
          "page": null,
          "record_id": "485585",
          "url": "https://spatial-gis.information.qld.gov.au/arcgis/rest/services/GeoscientificInformation/MiningResources/MapServer",
          "extraction_method": "automated_inventory",
          "ocr_status": "not_required",
          "location_method": "GPS OBSERVATION (AMG-84)"
        },
        "map_display": true,
        "public_display": true,
        "recovery": null,
        "related_record_ids": [
          "485585"
        ],
        "research_area": "mount-morgan-dee-river",
        "limitations": "Government occurrence \u2014 not proof of remaining gold",
        "label": "Historical evidence"
      },
      "geometry": {
        "type": "Point",
        "coordinates": [
          150.85268611061267,
          -24.186638221441793
        ]
      }
    },
    {
      "type": "Feature",
      "properties": {
        "record_id": "minocc-gold-485572",
        "historical_event_id": "2a84e86cd903d95c",
        "name": "UNNAMED 820226",
        "evidence_type": "ALLUVIAL_WORKING",
        "commodity": "gold",
        "commodity_group": "gold",
        "spatial_precision": "APPROXIMATE_POINT",
        "location_uncertainty_m": 100.0,
        "source_confidence": "high",
        "location_confidence": "APPROXIMATE",
        "historical_locality": "AT HEAD OF MAXWELLTON CREEK, 12 KM S OF DAWSON HIGHWAY",
        "modern_locality": "AT HEAD OF MAXWELLTON CREEK, 12 KM S OF DAWSON HIGHWAY",
        "year": null,
        "description": "2M LONG X 2M WIDE X >2M DEEP; MINE; ABANDONED MINE",
        "provenance": {
          "authority": "Queensland Government MINOCC",
          "publication": "Mining Resources register",
          "date": null,
          "page": null,
          "record_id": "485572",
          "url": "https://spatial-gis.information.qld.gov.au/arcgis/rest/services/GeoscientificInformation/MiningResources/MapServer",
          "extraction_method": "automated_inventory",
          "ocr_status": "not_required",
          "location_method": "GPS OBSERVATION (AMG-84)"
        },
        "map_display": true,
        "public_display": true,
        "recovery": null,
        "related_record_ids": [
          "485572"
        ],
        "research_area": "mount-morgan-dee-river",
        "limitations": "Government occurrence \u2014 not proof of remaining gold",
        "label": "Historical evidence"
      },
      "geometry": {
        "type": "Point",
        "coordinates": [
          150.85435833341452,
          -24.19256599923976
        ]
      }
    },
    {
      "type": "Feature",
      "properties": {
        "record_id": "minocc-gold-485580",
        "historical_event_id": "111bf0afec15c1d1",
        "name": "UNNAMED 821225",
        "evidence_type": "ALLUVIAL_WORKING",
        "commodity": "gold",
        "commodity_group": "gold",
        "spatial_precision": "APPROXIMATE_POINT",
        "location_uncertainty_m": 100.0,
        "source_confidence": "high",
        "location_confidence": "APPROXIMATE",
        "historical_locality": "AT HEAD OF MAXWELLTON CREEK, 12 KM S OF DAWSON HIGHWAY",
        "modern_locality": "AT HEAD OF MAXWELLTON CREEK, 12 KM S OF DAWSON HIGHWAY",
        "year": null,
        "description": "MINE; ABANDONED MINE",
        "provenance": {
          "authority": "Queensland Government MINOCC",
          "publication": "Mining Resources register",
          "date": null,
          "page": null,
          "record_id": "485580",
          "url": "https://spatial-gis.information.qld.gov.au/arcgis/rest/services/GeoscientificInformation/MiningResources/MapServer",
          "extraction_method": "automated_inventory",
          "ocr_status": "not_required",
          "location_method": "GPS OBSERVATION (AMG-84)"
        },
        "map_display": true,
        "public_display": true,
        "recovery": null,
        "related_record_ids": [
          "485580"
        ],
        "research_area": "mount-morgan-dee-river",
        "limitations": "Government occurrence \u2014 not proof of remaining gold",
        "label": "Historical evidence"
      },
      "geometry": {
        "type": "Point",
        "coordinates": [
          150.85561666665305,
          -24.193677110115246
        ]
      }
    },
    {
      "type": "Feature",
      "properties": {
        "record_id": "minocc-gold-485583",
        "historical_event_id": "f551d0fe6bd5a7d5",
        "name": "UNNAMED 823220",
        "evidence_type": "ALLUVIAL_WORKING",
        "commodity": "gold",
        "commodity_group": "gold",
        "spatial_precision": "APPROXIMATE_POINT",
        "location_uncertainty_m": 100.0,
        "source_confidence": "high",
        "location_confidence": "APPROXIMATE",
        "historical_locality": "AT HEAD OF MAXWELLTON CREEK, 12.5 KM S OF DAWSON HIGHWAY",
        "modern_locality": "AT HEAD OF MAXWELLTON CREEK, 12.5 KM S OF DAWSON HIGHWAY",
        "year": null,
        "description": "MINE; ABANDONED MINE",
        "provenance": {
          "authority": "Queensland Government MINOCC",
          "publication": "Mining Resources register",
          "date": null,
          "page": null,
          "record_id": "485583",
          "url": "https://spatial-gis.information.qld.gov.au/arcgis/rest/services/GeoscientificInformation/MiningResources/MapServer",
          "extraction_method": "automated_inventory",
          "ocr_status": "not_required",
          "location_method": "GPS OBSERVATION (AMG-84)"
        },
        "map_display": true,
        "public_display": true,
        "recovery": null,
        "related_record_ids": [
          "485583"
        ],
        "research_area": "mount-morgan-dee-river",
        "limitations": "Government occurrence \u2014 not proof of remaining gold",
        "label": "Historical evidence"
      },
      "geometry": {
        "type": "Point",
        "coordinates": [
          150.85771111131012,
          -24.197913221888324
        ]
      }
    },
    {
      "type": "Feature",
      "properties": {
        "record_id": "minocc-gold-490695",
        "historical_event_id": "35e802ed292e48f9",
        "name": "UNNAMED 935716",
        "evidence_type": "ALLUVIAL_WORKING",
        "commodity": "gold",
        "commodity_group": "gold",
        "spatial_precision": "APPROXIMATE_POINT",
        "location_uncertainty_m": 50.0,
        "source_confidence": "high",
        "location_confidence": "APPROXIMATE",
        "historical_locality": "CANIA GOLD FIELD, NEAR OAKY CREEK.",
        "modern_locality": "CANIA GOLD FIELD, NEAR OAKY CREEK.",
        "year": null,
        "description": "5M LONG X 1M WIDE X <15M DEEP.; Single large shaft on ridge crest overlooking Cania Dam Wall.; MINE; ABANDONED MINE",
        "provenance": {
          "authority": "Queensland Government MINOCC",
          "publication": "Mining Resources register",
          "date": null,
          "page": null,
          "record_id": "490695",
          "url": "https://spatial-gis.information.qld.gov.au/arcgis/rest/services/GeoscientificInformation/MiningResources/MapServer",
          "extraction_method": "automated_inventory",
          "ocr_status": "not_required",
          "location_method": "GPS OBSERVATION (AMG-66)"
        },
        "map_display": true,
        "public_display": true,
        "recovery": null,
        "related_record_ids": [
          "490695"
        ],
        "research_area": "calliope-gladstone",
        "limitations": "Government occurrence \u2014 not proof of remaining gold",
        "label": "Historical evidence"
      },
      "geometry": {
        "type": "Point",
        "coordinates": [
          150.96068333298632,
          -24.65356666568847
        ]
      }
    },
    {
      "type": "Feature",
      "properties": {
        "record_id": "minocc-gold-491437",
        "historical_event_id": "4b31ba34488a289d",
        "name": "UNNAMED 937742",
        "evidence_type": "ALLUVIAL_WORKING",
        "commodity": "gold",
        "commodity_group": "gold",
        "spatial_precision": "APPROXIMATE_POINT",
        "location_uncertainty_m": 50.0,
        "source_confidence": "high",
        "location_confidence": "APPROXIMATE",
        "historical_locality": "SITUATED NEAR MOUNT ROSE, CANIA GOLD FIELD.",
        "modern_locality": "SITUATED NEAR MOUNT ROSE, CANIA GOLD FIELD.",
        "year": null,
        "description": "50M LONG X 30M WIDE X >15MDEEP.; Workings filled in with numerous eluvial pits present.; MINE; ABANDONED MINE",
        "provenance": {
          "authority": "Queensland Government MINOCC",
          "publication": "Mining Resources register",
          "date": null,
          "page": null,
          "record_id": "491437",
          "url": "https://spatial-gis.information.qld.gov.au/arcgis/rest/services/GeoscientificInformation/MiningResources/MapServer",
          "extraction_method": "automated_inventory",
          "ocr_status": "not_required",
          "location_method": "GPS OBSERVATION (AMG-66)"
        },
        "map_display": true,
        "public_display": true,
        "recovery": null,
        "related_record_ids": [
          "491437"
        ],
        "research_area": "calliope-gladstone",
        "limitations": "Government occurrence \u2014 not proof of remaining gold",
        "label": "Historical evidence"
      },
      "geometry": {
        "type": "Point",
        "coordinates": [
          150.96356666677045,
          -24.630981999607524
        ]
      }
    },
    {
      "type": "Feature",
      "properties": {
        "record_id": "minocc-gold-490681",
        "historical_event_id": "044589b5ccbe99d9",
        "name": "UNNAMED 943692",
        "evidence_type": "ALLUVIAL_WORKING",
        "commodity": "gold",
        "commodity_group": "gold",
        "spatial_precision": "APPROXIMATE_POINT",
        "location_uncertainty_m": 50.0,
        "source_confidence": "high",
        "location_confidence": "APPROXIMATE",
        "historical_locality": "ADJACENT TO THREE MOON CREEK, CANIA GOLD FIELD.",
        "modern_locality": "ADJACENT TO THREE MOON CREEK, CANIA GOLD FIELD.",
        "year": null,
        "description": "200M LONG X 100M WIDE X 10M DEEP.; Workings are spread over the eastern bank of Three Moon Creek. The shafts are all verticle and deeper upslope. Drives extend from the base of shafts along the auriferous alluvium.; MINE; ABANDONED MINE",
        "provenance": {
          "authority": "Queensland Government MINOCC",
          "publication": "Mining Resources register",
          "date": null,
          "page": null,
          "record_id": "490681",
          "url": "https://spatial-gis.information.qld.gov.au/arcgis/rest/services/GeoscientificInformation/MiningResources/MapServer",
          "extraction_method": "automated_inventory",
          "ocr_status": "not_required",
          "location_method": "GPS OBSERVATION (AMG-66)"
        },
        "map_display": true,
        "public_display": true,
        "recovery": null,
        "related_record_ids": [
          "490681"
        ],
        "research_area": "calliope-gladstone",
        "limitations": "Government occurrence \u2014 not proof of remaining gold",
        "label": "Historical evidence"
      },
      "geometry": {
        "type": "Point",
        "coordinates": [
          150.96892644422294,
          -24.67576811074742
        ]
      }
    },
    {
      "type": "Feature",
      "properties": {
        "record_id": "minocc-gold-490680",
        "historical_event_id": "835fb0451706112d",
        "name": "UNNAMED 944693",
        "evidence_type": "ALLUVIAL_WORKING",
        "commodity": "gold",
        "commodity_group": "gold",
        "spatial_precision": "APPROXIMATE_POINT",
        "location_uncertainty_m": 50.0,
        "source_confidence": "high",
        "location_confidence": "APPROXIMATE",
        "historical_locality": "ADJACENT TO THREE MOON CREEK, CANIA GOLD FIELD.",
        "modern_locality": "ADJACENT TO THREE MOON CREEK, CANIA GOLD FIELD.",
        "year": null,
        "description": "80M LONG X 50M WIDE X >15M DEEP; Workings spread over the area adjoining Three Moon Creek and eastern gullies.; MINE; ABANDONED MINE",
        "provenance": {
          "authority": "Queensland Government MINOCC",
          "publication": "Mining Resources register",
          "date": null,
          "page": null,
          "record_id": "490680",
          "url": "https://spatial-gis.information.qld.gov.au/arcgis/rest/services/GeoscientificInformation/MiningResources/MapServer",
          "extraction_method": "automated_inventory",
          "ocr_status": "not_required",
          "location_method": "GPS OBSERVATION (AMG-66)"
        },
        "map_display": true,
        "public_display": true,
        "recovery": null,
        "related_record_ids": [
          "490680"
        ],
        "research_area": "calliope-gladstone",
        "limitations": "Government occurrence \u2014 not proof of remaining gold",
        "label": "Historical evidence"
      },
      "geometry": {
        "type": "Point",
        "coordinates": [
          150.96932922213534,
          -24.674626443719625
        ]
      }
    },
    {
      "type": "Feature",
      "properties": {
        "record_id": "minocc-gold-491533",
        "historical_event_id": "36406bc22d0280e2",
        "name": "UNNAMED 955710",
        "evidence_type": "ALLUVIAL_WORKING",
        "commodity": "gold",
        "commodity_group": "gold",
        "spatial_precision": "APPROXIMATE_POINT",
        "location_uncertainty_m": 50.0,
        "source_confidence": "high",
        "location_confidence": "APPROXIMATE",
        "historical_locality": "CANIA GOLD FIELD.",
        "modern_locality": "CANIA GOLD FIELD.",
        "year": null,
        "description": "150M LONG X 80M WIDE X >20M DEEP.; Alluvial workings and shafts in creek below main reef workings.; MINE; ABANDONED MINE",
        "provenance": {
          "authority": "Queensland Government MINOCC",
          "publication": "Mining Resources register",
          "date": null,
          "page": null,
          "record_id": "491533",
          "url": "https://spatial-gis.information.qld.gov.au/arcgis/rest/services/GeoscientificInformation/MiningResources/MapServer",
          "extraction_method": "automated_inventory",
          "ocr_status": "not_required",
          "location_method": "GPS OBSERVATION (AMG-84)"
        },
        "map_display": true,
        "public_display": true,
        "recovery": null,
        "related_record_ids": [
          "491533"
        ],
        "research_area": "calliope-gladstone",
        "limitations": "Government occurrence \u2014 not proof of remaining gold",
        "label": "Historical evidence"
      },
      "geometry": {
        "type": "Point",
        "coordinates": [
          150.98067922261527,
          -24.660099998792084
        ]
      }
    },
    {
      "type": "Feature",
      "properties": {
        "record_id": "minocc-gold-45321",
        "historical_event_id": "36af5a2c55e82652",
        "name": "UNNAMED 969580",
        "evidence_type": "ALLUVIAL_WORKING",
        "commodity": "gold",
        "commodity_group": "gold",
        "spatial_precision": "APPROXIMATE_POINT",
        "location_uncertainty_m": 50.0,
        "source_confidence": "high",
        "location_confidence": "APPROXIMATE",
        "historical_locality": "2KM EAST OF MARLBOROUGH CREEK.",
        "modern_locality": "2KM EAST OF MARLBOROUGH CREEK.",
        "year": null,
        "description": "120M LONG X 0.5M WIDE.; MINE; ABANDONED MINE",
        "provenance": {
          "authority": "Queensland Government MINOCC",
          "publication": "Mining Resources register",
          "date": null,
          "page": null,
          "record_id": "45321",
          "url": "https://spatial-gis.information.qld.gov.au/arcgis/rest/services/GeoscientificInformation/MiningResources/MapServer",
          "extraction_method": "automated_inventory",
          "ocr_status": "not_required",
          "location_method": "GPS OBSERVATION (AMG-66)"
        },
        "map_display": true,
        "public_display": true,
        "recovery": null,
        "related_record_ids": [
          "45321"
        ],
        "research_area": "mount-morgan-dee-river",
        "limitations": "Government occurrence \u2014 not proof of remaining gold",
        "label": "Historical evidence"
      },
      "geometry": {
        "type": "Point",
        "coordinates": [
          149.89691322221148,
          -22.958938888358418
        ]
      }
    },
    {
      "type": "Feature",
      "properties": {
        "record_id": "minocc-gold-490807",
        "historical_event_id": "b688e8b3265cd60c",
        "name": "VALENCIA",
        "evidence_type": "ALLUVIAL_WORKING",
        "commodity": "gold",
        "commodity_group": "gold",
        "spatial_precision": "APPROXIMATE_POINT",
        "location_uncertainty_m": 50.0,
        "source_confidence": "high",
        "location_confidence": "APPROXIMATE",
        "historical_locality": "LOCATED ~4KM SOUTH OF MOUNT SHAW.",
        "modern_locality": "LOCATED ~4KM SOUTH OF MOUNT SHAW.",
        "year": null,
        "description": "Main workings are situated on the eastern bank of a gully.; MINE; ABANDONED MINE",
        "provenance": {
          "authority": "Queensland Government MINOCC",
          "publication": "Mining Resources register",
          "date": null,
          "page": null,
          "record_id": "490807",
          "url": "https://spatial-gis.information.qld.gov.au/arcgis/rest/services/GeoscientificInformation/MiningResources/MapServer",
          "extraction_method": "automated_inventory",
          "ocr_status": "not_required",
          "location_method": "GPS OBSERVATION (AMG-66)"
        },
        "map_display": true,
        "public_display": true,
        "recovery": null,
        "related_record_ids": [
          "490807"
        ],
        "research_area": "calliope-gladstone",
        "limitations": "Government occurrence \u2014 not proof of remaining gold",
        "label": "Historical evidence"
      },
      "geometry": {
        "type": "Point",
        "coordinates": [
          150.63414655550386,
          -24.834604888081273
        ]
      }
    },
    {
      "type": "Feature",
      "properties": {
        "record_id": "minocc-gold-526872",
        "historical_event_id": "ee983d65b96eccee",
        "name": "VALENTINE DIGGINGS",
        "evidence_type": "ALLUVIAL_WORKING",
        "commodity": "gold",
        "commodity_group": "gold",
        "spatial_precision": "APPROXIMATE_POINT",
        "location_uncertainty_m": 200.0,
        "source_confidence": "high",
        "location_confidence": "APPROXIMATE",
        "historical_locality": "35 KM NNW OF CLERMONT",
        "modern_locality": "35 KM NNW OF CLERMONT",
        "year": null,
        "description": "ALLUVIAL WORKINGS; ABANDONED MINE",
        "provenance": {
          "authority": "Queensland Government MINOCC",
          "publication": "Mining Resources register",
          "date": null,
          "page": null,
          "record_id": "526872",
          "url": "https://spatial-gis.information.qld.gov.au/arcgis/rest/services/GeoscientificInformation/MiningResources/MapServer",
          "extraction_method": "automated_inventory",
          "ocr_status": "not_required",
          "location_method": "REPORT (UNPUBLISHED)"
        },
        "map_display": true,
        "public_display": true,
        "recovery": null,
        "related_record_ids": [
          "526872"
        ],
        "research_area": "clermont-blair-athol",
        "limitations": "Government occurrence \u2014 not proof of remaining gold",
        "label": "Historical evidence"
      },
      "geometry": {
        "type": "Point",
        "coordinates": [
          147.5563638884273,
          -22.546160444156907
        ]
      }
    },
    {
      "type": "Feature",
      "properties": {
        "record_id": "minocc-gold-41529",
        "historical_event_id": "3a973f7ff8ca88d4",
        "name": "VANGUARD CREEK",
        "evidence_type": "ALLUVIAL_WORKING",
        "commodity": "gold",
        "commodity_group": "gold",
        "spatial_precision": "APPROXIMATE_POINT",
        "location_uncertainty_m": 200.0,
        "source_confidence": "high",
        "location_confidence": "APPROXIMATE",
        "historical_locality": "16.4 KM E OF MONTEAGLE HST.",
        "modern_locality": "16.4 KM E OF MONTEAGLE HST.",
        "year": null,
        "description": "MINE; ABANDONED MINE",
        "provenance": {
          "authority": "Queensland Government MINOCC",
          "publication": "Mining Resources register",
          "date": null,
          "page": null,
          "record_id": "41529",
          "url": "https://spatial-gis.information.qld.gov.au/arcgis/rest/services/GeoscientificInformation/MiningResources/MapServer",
          "extraction_method": "automated_inventory",
          "ocr_status": "not_required",
          "location_method": "TOPOGRAPHIC MAP (SCALE UNSPECIFIED)"
        },
        "map_display": true,
        "public_display": true,
        "recovery": null,
        "related_record_ids": [
          "41529"
        ],
        "research_area": "clermont-blair-athol",
        "limitations": "Government occurrence \u2014 not proof of remaining gold",
        "label": "Historical evidence"
      },
      "geometry": {
        "type": "Point",
        "coordinates": [
          147.26770144440945,
          -22.60591666609133
        ]
      }
    },
    {
      "type": "Feature",
      "properties": {
        "record_id": "minocc-gold-13912",
        "historical_event_id": "818da873f21a3054",
        "name": "VENUS LEAD",
        "evidence_type": "ALLUVIAL_WORKING",
        "commodity": "gold",
        "commodity_group": "gold",
        "spatial_precision": "APPROXIMATE_POINT",
        "location_uncertainty_m": 50.0,
        "source_confidence": "high",
        "location_confidence": "APPROXIMATE",
        "historical_locality": "ALLUVIAL WORKINGS W OF 'THE VENUS'",
        "modern_locality": "ALLUVIAL WORKINGS W OF 'THE VENUS'",
        "year": null,
        "description": "ALLUVIAL WORKINGS; ABANDONED MINE",
        "provenance": {
          "authority": "Queensland Government MINOCC",
          "publication": "Mining Resources register",
          "date": null,
          "page": null,
          "record_id": "13912",
          "url": "https://spatial-gis.information.qld.gov.au/arcgis/rest/services/GeoscientificInformation/MiningResources/MapServer",
          "extraction_method": "automated_inventory",
          "ocr_status": "not_required",
          "location_method": "DIGITISED FROM AIRPHOTO COMPILATION SHEET"
        },
        "map_display": true,
        "public_display": true,
        "recovery": null,
        "related_record_ids": [
          "13912"
        ],
        "research_area": "clermont-blair-athol",
        "limitations": "Government occurrence \u2014 not proof of remaining gold",
        "label": "Historical evidence"
      },
      "geometry": {
        "type": "Point",
        "coordinates": [
          147.51579444446935,
          -22.74031044373128
        ]
      }
    },
    {
      "type": "Feature",
      "properties": {
        "record_id": "minocc-gold-520226",
        "historical_event_id": "23b3901a3f95abfa",
        "name": "VICTORIA LEAD",
        "evidence_type": "ALLUVIAL_WORKING",
        "commodity": "gold",
        "commodity_group": "gold",
        "spatial_precision": "APPROXIMATE_POINT",
        "location_uncertainty_m": 300.0,
        "source_confidence": "high",
        "location_confidence": "APPROXIMATE",
        "historical_locality": "18 KM N OF CLERMONT",
        "modern_locality": "18 KM N OF CLERMONT",
        "year": null,
        "description": ">44M DEEP; ALLUVIAL WORKINGS; ABANDONED MINE",
        "provenance": {
          "authority": "Queensland Government MINOCC",
          "publication": "Mining Resources register",
          "date": null,
          "page": null,
          "record_id": "520226",
          "url": "https://spatial-gis.information.qld.gov.au/arcgis/rest/services/GeoscientificInformation/MiningResources/MapServer",
          "extraction_method": "automated_inventory",
          "ocr_status": "not_required",
          "location_method": "REPORT (UNPUBLISHED)"
        },
        "map_display": true,
        "public_display": true,
        "recovery": null,
        "related_record_ids": [
          "520226"
        ],
        "research_area": "clermont-blair-athol",
        "limitations": "Government occurrence \u2014 not proof of remaining gold",
        "label": "Historical evidence"
      },
      "geometry": {
        "type": "Point",
        "coordinates": [
          147.61210833352843,
          -22.658272221863196
        ]
      }
    },
    {
      "type": "Feature",
      "properties": {
        "record_id": "minocc-gold-489386",
        "historical_event_id": "682c43b86b35f404",
        "name": "VICTORIA?",
        "evidence_type": "ALLUVIAL_WORKING",
        "commodity": "gold",
        "commodity_group": "gold",
        "spatial_precision": "APPROXIMATE_POINT",
        "location_uncertainty_m": 50.0,
        "source_confidence": "high",
        "location_confidence": "APPROXIMATE",
        "historical_locality": "NORTH EAST OF MT WHEELER.",
        "modern_locality": "NORTH EAST OF MT WHEELER.",
        "year": null,
        "description": "170M LONG X 15M WIDE X >3M DEEP.; WORKINGS START DOWN NEAR SOME WRECKED CARS & EXTEND NE ACROSS THE MAIN ACCESS TRACK TO SOME OLD ALLUVIAL WORKINGS.; MINE; ABANDONED MINE",
        "provenance": {
          "authority": "Queensland Government MINOCC",
          "publication": "Mining Resources register",
          "date": null,
          "page": null,
          "record_id": "489386",
          "url": "https://spatial-gis.information.qld.gov.au/arcgis/rest/services/GeoscientificInformation/MiningResources/MapServer",
          "extraction_method": "automated_inventory",
          "ocr_status": "not_required",
          "location_method": "GPS OBSERVATION (AMG-84)"
        },
        "map_display": true,
        "public_display": true,
        "recovery": null,
        "related_record_ids": [
          "489386"
        ],
        "research_area": "mount-morgan-dee-river",
        "limitations": "Government occurrence \u2014 not proof of remaining gold",
        "label": "Historical evidence"
      },
      "geometry": {
        "type": "Point",
        "coordinates": [
          150.6914271113307,
          -23.215624999197484
        ]
      }
    },
    {
      "type": "Feature",
      "properties": {
        "record_id": "minocc-gold-493578",
        "historical_event_id": "3196e33318b4c229",
        "name": "WELLINGTON CREEK",
        "evidence_type": "ALLUVIAL_WORKING",
        "commodity": "gold",
        "commodity_group": "gold",
        "spatial_precision": "APPROXIMATE_POINT",
        "location_uncertainty_m": 200.0,
        "source_confidence": "high",
        "location_confidence": "APPROXIMATE",
        "historical_locality": "11KM NW OF MARLBOROUGH.",
        "modern_locality": "11KM NW OF MARLBOROUGH.",
        "year": null,
        "description": "PROSPECT; MINERAL OCCURRENCE",
        "provenance": {
          "authority": "Queensland Government MINOCC",
          "publication": "Mining Resources register",
          "date": null,
          "page": null,
          "record_id": "493578",
          "url": "https://spatial-gis.information.qld.gov.au/arcgis/rest/services/GeoscientificInformation/MiningResources/MapServer",
          "extraction_method": "automated_inventory",
          "ocr_status": "not_required",
          "location_method": "TOPOGRAPHIC MAP (1:100 000 SCALE) (100M ACCURACY)"
        },
        "map_display": true,
        "public_display": true,
        "recovery": null,
        "related_record_ids": [
          "493578"
        ],
        "research_area": "mount-morgan-dee-river",
        "limitations": "Government occurrence \u2014 not proof of remaining gold",
        "label": "Historical evidence"
      },
      "geometry": {
        "type": "Point",
        "coordinates": [
          149.83152922188825,
          -22.717909777094313
        ]
      }
    },
    {
      "type": "Feature",
      "properties": {
        "record_id": "minocc-gold-487864",
        "historical_event_id": "dab5bd90e57e41de",
        "name": "WELSHS",
        "evidence_type": "ALLUVIAL_WORKING",
        "commodity": "gold",
        "commodity_group": "gold",
        "spatial_precision": "APPROXIMATE_POINT",
        "location_uncertainty_m": 50.0,
        "source_confidence": "high",
        "location_confidence": "APPROXIMATE",
        "historical_locality": "UP GULLY NORTH OF CATTLE YARD & NE OF SMELTER SITE, 13.7 KM WSW OF LITTLEMORE",
        "modern_locality": "UP GULLY NORTH OF CATTLE YARD & NE OF SMELTER SITE, 13.7 KM WSW OF LITTLEMORE",
        "year": null,
        "description": "80M LONG X 70M WIDE X >10M DEEP; ADIT IS COLLAPSED 10M IN. PORTAL WELL TIMBERED.; MINE; ABANDONED MINE",
        "provenance": {
          "authority": "Queensland Government MINOCC",
          "publication": "Mining Resources register",
          "date": null,
          "page": null,
          "record_id": "487864",
          "url": "https://spatial-gis.information.qld.gov.au/arcgis/rest/services/GeoscientificInformation/MiningResources/MapServer",
          "extraction_method": "automated_inventory",
          "ocr_status": "not_required",
          "location_method": "GPS OBSERVATION (AMG-84)"
        },
        "map_display": true,
        "public_display": true,
        "recovery": null,
        "related_record_ids": [
          "487864"
        ],
        "research_area": "calliope-gladstone",
        "limitations": "Government occurrence \u2014 not proof of remaining gold",
        "label": "Historical evidence"
      },
      "geometry": {
        "type": "Point",
        "coordinates": [
          151.2111472220011,
          -24.46619999902467
        ]
      }
    },
    {
      "type": "Feature",
      "properties": {
        "record_id": "minocc-gold-527584",
        "historical_event_id": "d8dccc0756c98728",
        "name": "WHITE HILL",
        "evidence_type": "ALLUVIAL_WORKING",
        "commodity": "gold",
        "commodity_group": "gold",
        "spatial_precision": "APPROXIMATE_POINT",
        "location_uncertainty_m": 200.0,
        "source_confidence": "high",
        "location_confidence": "APPROXIMATE",
        "historical_locality": "17 KM NNW OF CLERMONT",
        "modern_locality": "17 KM NNW OF CLERMONT",
        "year": null,
        "description": "30M DEEP; ALLUVIAL WORKINGS; ABANDONED MINE",
        "provenance": {
          "authority": "Queensland Government MINOCC",
          "publication": "Mining Resources register",
          "date": null,
          "page": null,
          "record_id": "527584",
          "url": "https://spatial-gis.information.qld.gov.au/arcgis/rest/services/GeoscientificInformation/MiningResources/MapServer",
          "extraction_method": "automated_inventory",
          "ocr_status": "not_required",
          "location_method": "REPORT (PUBLISHED)"
        },
        "map_display": true,
        "public_display": true,
        "recovery": null,
        "related_record_ids": [
          "527584"
        ],
        "research_area": "clermont-blair-athol",
        "limitations": "Government occurrence \u2014 not proof of remaining gold",
        "label": "Historical evidence"
      },
      "geometry": {
        "type": "Point",
        "coordinates": [
          147.545210444421,
          -22.556886110941345
        ]
      }
    },
    {
      "type": "Feature",
      "properties": {
        "record_id": "minocc-gold-524708",
        "historical_event_id": "31bd6ead117fb9ae",
        "name": "WHITE HILL LEAD",
        "evidence_type": "ALLUVIAL_WORKING",
        "commodity": "gold",
        "commodity_group": "gold",
        "spatial_precision": "APPROXIMATE_POINT",
        "location_uncertainty_m": 200.0,
        "source_confidence": "high",
        "location_confidence": "APPROXIMATE",
        "historical_locality": "SE OF CLERMONT",
        "modern_locality": "SE OF CLERMONT",
        "year": null,
        "description": "300M LONG X 10M DEEP; MINE; ABANDONED MINE",
        "provenance": {
          "authority": "Queensland Government MINOCC",
          "publication": "Mining Resources register",
          "date": null,
          "page": null,
          "record_id": "524708",
          "url": "https://spatial-gis.information.qld.gov.au/arcgis/rest/services/GeoscientificInformation/MiningResources/MapServer",
          "extraction_method": "automated_inventory",
          "ocr_status": "not_required",
          "location_method": "REPORT (UNPUBLISHED)"
        },
        "map_display": true,
        "public_display": true,
        "recovery": null,
        "related_record_ids": [
          "524708"
        ],
        "research_area": "clermont-blair-athol",
        "limitations": "Government occurrence \u2014 not proof of remaining gold",
        "label": "Historical evidence"
      },
      "geometry": {
        "type": "Point",
        "coordinates": [
          147.62999311098582,
          -22.832093110028328
        ]
      }
    },
    {
      "type": "Feature",
      "properties": {
        "record_id": "minocc-gold-488412",
        "historical_event_id": "3fe79926a69f53d4",
        "name": "WILD BULL",
        "evidence_type": "ALLUVIAL_WORKING",
        "commodity": "gold",
        "commodity_group": "gold",
        "spatial_precision": "APPROXIMATE_POINT",
        "location_uncertainty_m": 50.0,
        "source_confidence": "high",
        "location_confidence": "APPROXIMATE",
        "historical_locality": "ON STEEP SADDLE ON WATERSHED OF GULLYS FLOWING INTO WILD BULL & BROAD CREEKS.",
        "modern_locality": "ON STEEP SADDLE ON WATERSHED OF GULLYS FLOWING INTO WILD BULL & BROAD CREEKS.",
        "year": null,
        "description": "60M LONG X 3M WIDE X >8M DEEP.; MINE; ABANDONED MINE",
        "provenance": {
          "authority": "Queensland Government MINOCC",
          "publication": "Mining Resources register",
          "date": null,
          "page": null,
          "record_id": "488412",
          "url": "https://spatial-gis.information.qld.gov.au/arcgis/rest/services/GeoscientificInformation/MiningResources/MapServer",
          "extraction_method": "automated_inventory",
          "ocr_status": "not_required",
          "location_method": "GLOBAL POSITIONING SYSTEM"
        },
        "map_display": true,
        "public_display": true,
        "recovery": null,
        "related_record_ids": [
          "488412"
        ],
        "research_area": "calliope-gladstone",
        "limitations": "Government occurrence \u2014 not proof of remaining gold",
        "label": "Historical evidence"
      },
      "geometry": {
        "type": "Point",
        "coordinates": [
          151.12274866659433,
          -24.546832665579636
        ]
      }
    },
    {
      "type": "Feature",
      "properties": {
        "record_id": "minocc-gold-524704",
        "historical_event_id": "9dc74cf7dff178bf",
        "name": "WILD CAT LEAD",
        "evidence_type": "ALLUVIAL_WORKING",
        "commodity": "gold",
        "commodity_group": "gold",
        "spatial_precision": "APPROXIMATE_POINT",
        "location_uncertainty_m": 200.0,
        "source_confidence": "high",
        "location_confidence": "APPROXIMATE",
        "historical_locality": "2 KM S OF CLERMONT",
        "modern_locality": "2 KM S OF CLERMONT",
        "year": null,
        "description": "2800M LONG X 61M DEEP; MINE; ABANDONED MINE",
        "provenance": {
          "authority": "Queensland Government MINOCC",
          "publication": "Mining Resources register",
          "date": null,
          "page": null,
          "record_id": "524704",
          "url": "https://spatial-gis.information.qld.gov.au/arcgis/rest/services/GeoscientificInformation/MiningResources/MapServer",
          "extraction_method": "automated_inventory",
          "ocr_status": "not_required",
          "location_method": "BASED ON DEPARTMENTAL TENURE LOCATION SYSTEM"
        },
        "map_display": true,
        "public_display": true,
        "recovery": null,
        "related_record_ids": [
          "524704"
        ],
        "research_area": "clermont-blair-athol",
        "limitations": "Government occurrence \u2014 not proof of remaining gold",
        "label": "Historical evidence"
      },
      "geometry": {
        "type": "Point",
        "coordinates": [
          147.63411877739898,
          -22.83259311069997
        ]
      }
    },
    {
      "type": "Feature",
      "properties": {
        "record_id": "minocc-gold-527171",
        "historical_event_id": "a3b05d541ce249e8",
        "name": "WILLEE BE GOOD",
        "evidence_type": "ALLUVIAL_WORKING",
        "commodity": "gold",
        "commodity_group": "gold",
        "spatial_precision": "APPROXIMATE_POINT",
        "location_uncertainty_m": 100.0,
        "source_confidence": "high",
        "location_confidence": "APPROXIMATE",
        "historical_locality": "7 KM NNW OF CLERMONT",
        "modern_locality": "7 KM NNW OF CLERMONT",
        "year": null,
        "description": "ALLUVIAL WORKINGS; ABANDONED MINE",
        "provenance": {
          "authority": "Queensland Government MINOCC",
          "publication": "Mining Resources register",
          "date": null,
          "page": null,
          "record_id": "527171",
          "url": "https://spatial-gis.information.qld.gov.au/arcgis/rest/services/GeoscientificInformation/MiningResources/MapServer",
          "extraction_method": "automated_inventory",
          "ocr_status": "not_required",
          "location_method": "BASED ON DEPARTMENTAL TENURE LOCATION SYSTEM"
        },
        "map_display": true,
        "public_display": true,
        "recovery": null,
        "related_record_ids": [
          "527171"
        ],
        "research_area": "clermont-blair-athol",
        "limitations": "Government occurrence \u2014 not proof of remaining gold",
        "label": "Historical evidence"
      },
      "geometry": {
        "type": "Point",
        "coordinates": [
          147.6214570001444,
          -22.765552777246178
        ]
      }
    },
    {
      "type": "Feature",
      "properties": {
        "record_id": "minocc-gold-490596",
        "historical_event_id": "a904267cd58f150a",
        "name": "WOOLEIN CREEK RESERVE",
        "evidence_type": "ALLUVIAL_WORKING",
        "commodity": "gold",
        "commodity_group": "gold",
        "spatial_precision": "APPROXIMATE_POINT",
        "location_uncertainty_m": 50.0,
        "source_confidence": "high",
        "location_confidence": "APPROXIMATE",
        "historical_locality": "LOCATED NEXT TO THE BANANA - DULULU ROAD IN THE WOOLEIN CREEK CAMPING AND WATER RESERVE.",
        "modern_locality": "LOCATED NEXT TO THE BANANA - DULULU ROAD IN THE WOOLEIN CREEK CAMPING AND WATER RESERVE.",
        "year": null,
        "description": "5M LONG X 3M WIDE X 20M DEEP.; MINE; ABANDONED MINE",
        "provenance": {
          "authority": "Queensland Government MINOCC",
          "publication": "Mining Resources register",
          "date": null,
          "page": null,
          "record_id": "490596",
          "url": "https://spatial-gis.information.qld.gov.au/arcgis/rest/services/GeoscientificInformation/MiningResources/MapServer",
          "extraction_method": "automated_inventory",
          "ocr_status": "not_required",
          "location_method": "GPS OBSERVATION (AMG-66)"
        },
        "map_display": true,
        "public_display": true,
        "recovery": null,
        "related_record_ids": [
          "490596"
        ],
        "research_area": "mount-morgan-dee-river",
        "limitations": "Government occurrence \u2014 not proof of remaining gold",
        "label": "Historical evidence"
      },
      "geometry": {
        "type": "Point",
        "coordinates": [
          150.1079750003751,
          -24.18125699964876
        ]
      }
    }
  ]
}

